"filename", "language", "Python", "C++", "PowerShell", "Markdown", "Shell Script", "Properties", "HTML", "reStructuredText", "JavaScript", "PostCSS", "XML", "JSON", "comment", "blank", "total"
"/home/david/DVHS Robotics/bubonic-corona/README.md", "Markdown", 0, 0, 0, 56, 0, 0, 0, 0, 0, 0, 0, 0, 0, 20, 76
"/home/david/DVHS Robotics/bubonic-corona/boundary.py", "Python", 8, 0, 0, 0, 0, 0, 0, 0, 0, 0, 0, 0, 2, 3, 13
"/home/david/DVHS Robotics/bubonic-corona/build/main/xref-main.html", "HTML", 0, 0, 0, 0, 0, 0, 6980, 0, 0, 0, 0, 0, 0, 1504, 8484
"/home/david/DVHS Robotics/bubonic-corona/config.py", "Python", 13, 0, 0, 0, 0, 0, 0, 0, 0, 0, 0, 0, 12, 10, 35
"/home/david/DVHS Robotics/bubonic-corona/cppread.py", "Python", 16, 0, 0, 0, 0, 0, 0, 0, 0, 0, 0, 0, 4, 8, 28
"/home/david/DVHS Robotics/bubonic-corona/dist/path.cpp", "C++", 0, 0, 0, 0, 0, 0, 0, 0, 0, 0, 0, 0, 0, 1, 1
"/home/david/DVHS Robotics/bubonic-corona/main.py", "Python", 24, 0, 0, 0, 0, 0, 0, 0, 0, 0, 0, 0, 12, 12, 48
"/home/david/DVHS Robotics/bubonic-corona/path.cpp", "C++", 0, 3, 0, 0, 0, 0, 0, 0, 0, 0, 0, 0, 0, 0, 3
"/home/david/DVHS Robotics/bubonic-corona/relativity.py", "Python", 13, 0, 0, 0, 0, 0, 0, 0, 0, 0, 0, 0, 2, 1, 16
"/home/david/DVHS Robotics/bubonic-corona/render.py", "Python", 38, 0, 0, 0, 0, 0, 0, 0, 0, 0, 0, 0, 15, 16, 69
"/home/david/DVHS Robotics/bubonic-corona/venv/bin/Activate.ps1", "PowerShell", 0, 0, 108, 0, 0, 0, 0, 0, 0, 0, 0, 0, 106, 34, 248
"/home/david/DVHS Robotics/bubonic-corona/venv/bin/activate.csh", "Shell Script", 0, 0, 0, 0, 12, 0, 0, 0, 0, 0, 0, 0, 5, 11, 28
"/home/david/DVHS Robotics/bubonic-corona/venv/bin/activate.fish", "Shell Script", 0, 0, 0, 0, 42, 0, 0, 0, 0, 0, 0, 0, 14, 14, 70
"/home/david/DVHS Robotics/bubonic-corona/venv/include/site/python3.12/pygame/_blit_info.h", "C++", 0, 19, 0, 0, 0, 0, 0, 0, 0, 0, 0, 0, 1, 2, 22
"/home/david/DVHS Robotics/bubonic-corona/venv/include/site/python3.12/pygame/_camera.h", "C++", 0, 5, 0, 0, 0, 0, 0, 0, 0, 0, 0, 0, 18, 4, 27
"/home/david/DVHS Robotics/bubonic-corona/venv/include/site/python3.12/pygame/_pygame.h", "C++", 0, 244, 0, 0, 0, 0, 0, 0, 0, 0, 0, 0, 88, 43, 375
"/home/david/DVHS Robotics/bubonic-corona/venv/include/site/python3.12/pygame/_surface.h", "C++", 0, 5, 0, 0, 0, 0, 0, 0, 0, 0, 0, 0, 22, 4, 31
"/home/david/DVHS Robotics/bubonic-corona/venv/include/site/python3.12/pygame/camera.h", "C++", 0, 173, 0, 0, 0, 0, 0, 0, 0, 0, 0, 0, 26, 20, 219
"/home/david/DVHS Robotics/bubonic-corona/venv/include/site/python3.12/pygame/font.h", "C++", 0, 9, 0, 0, 0, 0, 0, 0, 0, 0, 0, 0, 1, 6, 16
"/home/david/DVHS Robotics/bubonic-corona/venv/include/site/python3.12/pygame/freetype.h", "C++", 0, 67, 0, 0, 0, 0, 0, 0, 0, 0, 0, 0, 29, 19, 115
"/home/david/DVHS Robotics/bubonic-corona/venv/include/site/python3.12/pygame/include/_pygame.h", "C++", 0, 322, 0, 0, 0, 0, 0, 0, 0, 0, 0, 0, 503, 125, 950
"/home/david/DVHS Robotics/bubonic-corona/venv/include/site/python3.12/pygame/include/bitmask.h", "C++", 0, 80, 0, 0, 0, 0, 0, 0, 0, 0, 0, 0, 66, 26, 172
"/home/david/DVHS Robotics/bubonic-corona/venv/include/site/python3.12/pygame/include/pgcompat.h", "C++", 0, 75, 0, 0, 0, 0, 0, 0, 0, 0, 0, 0, 3, 25, 103
"/home/david/DVHS Robotics/bubonic-corona/venv/include/site/python3.12/pygame/include/pgimport.h", "C++", 0, 38, 0, 0, 0, 0, 0, 0, 0, 0, 0, 0, 15, 15, 68
"/home/david/DVHS Robotics/bubonic-corona/venv/include/site/python3.12/pygame/include/pgplatform.h", "C++", 0, 63, 0, 0, 0, 0, 0, 0, 0, 0, 0, 0, 9, 12, 84
"/home/david/DVHS Robotics/bubonic-corona/venv/include/site/python3.12/pygame/include/pygame.h", "C++", 0, 4, 0, 0, 0, 0, 0, 0, 0, 0, 0, 0, 27, 4, 35
"/home/david/DVHS Robotics/bubonic-corona/venv/include/site/python3.12/pygame/include/pygame_bufferproxy.h", "C++", 0, 19, 0, 0, 0, 0, 0, 0, 0, 0, 0, 0, 23, 15, 57
"/home/david/DVHS Robotics/bubonic-corona/venv/include/site/python3.12/pygame/include/pygame_font.h", "C++", 0, 17, 0, 0, 0, 0, 0, 0, 0, 0, 0, 0, 22, 12, 51
"/home/david/DVHS Robotics/bubonic-corona/venv/include/site/python3.12/pygame/include/pygame_freetype.h", "C++", 0, 14, 0, 0, 0, 0, 0, 0, 0, 0, 0, 0, 19, 10, 43
"/home/david/DVHS Robotics/bubonic-corona/venv/include/site/python3.12/pygame/include/pygame_mask.h", "C++", 0, 17, 0, 0, 0, 0, 0, 0, 0, 0, 0, 0, 17, 12, 46
"/home/david/DVHS Robotics/bubonic-corona/venv/include/site/python3.12/pygame/include/pygame_mixer.h", "C++", 0, 31, 0, 0, 0, 0, 0, 0, 0, 0, 0, 0, 21, 20, 72
"/home/david/DVHS Robotics/bubonic-corona/venv/include/site/python3.12/pygame/include/sse2neon.h", "C++", 0, 3277, 0, 0, 0, 0, 0, 0, 0, 0, 0, 0, 2410, 517, 6204
"/home/david/DVHS Robotics/bubonic-corona/venv/include/site/python3.12/pygame/mask.h", "C++", 0, 5, 0, 0, 0, 0, 0, 0, 0, 0, 0, 0, 0, 3, 8
"/home/david/DVHS Robotics/bubonic-corona/venv/include/site/python3.12/pygame/mixer.h", "C++", 0, 9, 0, 0, 0, 0, 0, 0, 0, 0, 0, 0, 1, 5, 15
"/home/david/DVHS Robotics/bubonic-corona/venv/include/site/python3.12/pygame/palette.h", "C++", 0, 93, 0, 0, 0, 0, 0, 0, 0, 0, 0, 0, 25, 6, 124
"/home/david/DVHS Robotics/bubonic-corona/venv/include/site/python3.12/pygame/pgarrinter.h", "C++", 0, 20, 0, 0, 0, 0, 0, 0, 0, 0, 0, 0, 2, 5, 27
"/home/david/DVHS Robotics/bubonic-corona/venv/include/site/python3.12/pygame/pgbufferproxy.h", "C++", 0, 5, 0, 0, 0, 0, 0, 0, 0, 0, 0, 0, 0, 3, 8
"/home/david/DVHS Robotics/bubonic-corona/venv/include/site/python3.12/pygame/pgcompat.h", "C++", 0, 16, 0, 0, 0, 0, 0, 0, 0, 0, 0, 0, 4, 8, 28
"/home/david/DVHS Robotics/bubonic-corona/venv/include/site/python3.12/pygame/pgopengl.h", "C++", 0, 13, 0, 0, 0, 0, 0, 0, 0, 0, 0, 0, 3, 5, 21
"/home/david/DVHS Robotics/bubonic-corona/venv/include/site/python3.12/pygame/pgplatform.h", "C++", 0, 17, 0, 0, 0, 0, 0, 0, 0, 0, 0, 0, 2, 5, 24
"/home/david/DVHS Robotics/bubonic-corona/venv/include/site/python3.12/pygame/pygame.h", "C++", 0, 5, 0, 0, 0, 0, 0, 0, 0, 0, 0, 0, 24, 4, 33
"/home/david/DVHS Robotics/bubonic-corona/venv/include/site/python3.12/pygame/scrap.h", "C++", 0, 33, 0, 0, 0, 0, 0, 0, 0, 0, 0, 0, 99, 16, 148
"/home/david/DVHS Robotics/bubonic-corona/venv/include/site/python3.12/pygame/simd_blitters.h", "C++", 0, 68, 0, 0, 0, 0, 0, 0, 0, 0, 0, 0, 10, 7, 85
"/home/david/DVHS Robotics/bubonic-corona/venv/include/site/python3.12/pygame/surface.h", "C++", 0, 290, 0, 0, 0, 0, 0, 0, 0, 0, 0, 0, 31, 41, 362
"/home/david/DVHS Robotics/bubonic-corona/venv/lib/python3.12/site-packages/PyInstaller/__init__.py", "Python", 14, 0, 0, 0, 0, 0, 0, 0, 0, 0, 0, 0, 21, 10, 45
"/home/david/DVHS Robotics/bubonic-corona/venv/lib/python3.12/site-packages/PyInstaller/__main__.py", "Python", 195, 0, 0, 0, 0, 0, 0, 0, 0, 0, 0, 0, 70, 57, 322
"/home/david/DVHS Robotics/bubonic-corona/venv/lib/python3.12/site-packages/PyInstaller/_recursion_too_deep_message.py", "Python", 32, 0, 0, 0, 0, 0, 0, 0, 0, 0, 0, 0, 10, 4, 46
"/home/david/DVHS Robotics/bubonic-corona/venv/lib/python3.12/site-packages/PyInstaller/_shared_with_waf.py", "Python", 37, 0, 0, 0, 0, 0, 0, 0, 0, 0, 0, 0, 52, 10, 99
"/home/david/DVHS Robotics/bubonic-corona/venv/lib/python3.12/site-packages/PyInstaller/archive/__init__.py", "Python", 1, 0, 0, 0, 0, 0, 0, 0, 0, 0, 0, 0, 0, 1, 2
"/home/david/DVHS Robotics/bubonic-corona/venv/lib/python3.12/site-packages/PyInstaller/archive/pyz_crypto.py", "Python", 4, 0, 0, 0, 0, 0, 0, 0, 0, 0, 0, 0, 10, 3, 17
"/home/david/DVHS Robotics/bubonic-corona/venv/lib/python3.12/site-packages/PyInstaller/archive/readers.py", "Python", 121, 0, 0, 0, 0, 0, 0, 0, 0, 0, 0, 0, 75, 43, 239
"/home/david/DVHS Robotics/bubonic-corona/venv/lib/python3.12/site-packages/PyInstaller/archive/writers.py", "Python", 230, 0, 0, 0, 0, 0, 0, 0, 0, 0, 0, 0, 168, 61, 459
"/home/david/DVHS Robotics/bubonic-corona/venv/lib/python3.12/site-packages/PyInstaller/building/__init__.py", "Python", 0, 0, 0, 0, 0, 0, 0, 0, 0, 0, 0, 0, 1, 1, 2
"/home/david/DVHS Robotics/bubonic-corona/venv/lib/python3.12/site-packages/PyInstaller/building/api.py", "Python", 792, 0, 0, 0, 0, 0, 0, 0, 0, 0, 0, 0, 406, 140, 1338
"/home/david/DVHS Robotics/bubonic-corona/venv/lib/python3.12/site-packages/PyInstaller/building/build_main.py", "Python", 720, 0, 0, 0, 0, 0, 0, 0, 0, 0, 0, 0, 380, 176, 1276
"/home/david/DVHS Robotics/bubonic-corona/venv/lib/python3.12/site-packages/PyInstaller/building/datastruct.py", "Python", 264, 0, 0, 0, 0, 0, 0, 0, 0, 0, 0, 0, 124, 72, 460
"/home/david/DVHS Robotics/bubonic-corona/venv/lib/python3.12/site-packages/PyInstaller/building/icon.py", "Python", 45, 0, 0, 0, 0, 0, 0, 0, 0, 0, 0, 0, 32, 14, 91
"/home/david/DVHS Robotics/bubonic-corona/venv/lib/python3.12/site-packages/PyInstaller/building/makespec.py", "Python", 732, 0, 0, 0, 0, 0, 0, 0, 0, 0, 0, 0, 102, 76, 910
"/home/david/DVHS Robotics/bubonic-corona/venv/lib/python3.12/site-packages/PyInstaller/building/osx.py", "Python", 356, 0, 0, 0, 0, 0, 0, 0, 0, 0, 0, 0, 330, 90, 776
"/home/david/DVHS Robotics/bubonic-corona/venv/lib/python3.12/site-packages/PyInstaller/building/splash.py", "Python", 270, 0, 0, 0, 0, 0, 0, 0, 0, 0, 0, 0, 159, 58, 487
"/home/david/DVHS Robotics/bubonic-corona/venv/lib/python3.12/site-packages/PyInstaller/building/splash_templates.py", "Python", 83, 0, 0, 0, 0, 0, 0, 0, 0, 0, 0, 0, 132, 15, 230
"/home/david/DVHS Robotics/bubonic-corona/venv/lib/python3.12/site-packages/PyInstaller/building/templates.py", "Python", 108, 0, 0, 0, 0, 0, 0, 0, 0, 0, 0, 0, 13, 6, 127
"/home/david/DVHS Robotics/bubonic-corona/venv/lib/python3.12/site-packages/PyInstaller/building/utils.py", "Python", 455, 0, 0, 0, 0, 0, 0, 0, 0, 0, 0, 0, 287, 112, 854
"/home/david/DVHS Robotics/bubonic-corona/venv/lib/python3.12/site-packages/PyInstaller/compat.py", "Python", 361, 0, 0, 0, 0, 0, 0, 0, 0, 0, 0, 0, 274, 96, 731
"/home/david/DVHS Robotics/bubonic-corona/venv/lib/python3.12/site-packages/PyInstaller/config.py", "Python", 3, 0, 0, 0, 0, 0, 0, 0, 0, 0, 0, 0, 51, 3, 57
"/home/david/DVHS Robotics/bubonic-corona/venv/lib/python3.12/site-packages/PyInstaller/configure.py", "Python", 69, 0, 0, 0, 0, 0, 0, 0, 0, 0, 0, 0, 22, 17, 108
"/home/david/DVHS Robotics/bubonic-corona/venv/lib/python3.12/site-packages/PyInstaller/depend/__init__.py", "Python", 0, 0, 0, 0, 0, 0, 0, 0, 0, 0, 0, 0, 1, 1, 2
"/home/david/DVHS Robotics/bubonic-corona/venv/lib/python3.12/site-packages/PyInstaller/depend/analysis.py", "Python", 478, 0, 0, 0, 0, 0, 0, 0, 0, 0, 0, 0, 443, 105, 1026
"/home/david/DVHS Robotics/bubonic-corona/venv/lib/python3.12/site-packages/PyInstaller/depend/bindepend.py", "Python", 568, 0, 0, 0, 0, 0, 0, 0, 0, 0, 0, 0, 405, 174, 1147
"/home/david/DVHS Robotics/bubonic-corona/venv/lib/python3.12/site-packages/PyInstaller/depend/bytecode.py", "Python", 126, 0, 0, 0, 0, 0, 0, 0, 0, 0, 0, 0, 209, 32, 367
"/home/david/DVHS Robotics/bubonic-corona/venv/lib/python3.12/site-packages/PyInstaller/depend/dylib.py", "Python", 231, 0, 0, 0, 0, 0, 0, 0, 0, 0, 0, 0, 112, 49, 392
"/home/david/DVHS Robotics/bubonic-corona/venv/lib/python3.12/site-packages/PyInstaller/depend/imphook.py", "Python", 178, 0, 0, 0, 0, 0, 0, 0, 0, 0, 0, 0, 329, 76, 583
"/home/david/DVHS Robotics/bubonic-corona/venv/lib/python3.12/site-packages/PyInstaller/depend/imphookapi.py", "Python", 105, 0, 0, 0, 0, 0, 0, 0, 0, 0, 0, 0, 340, 42, 487
"/home/david/DVHS Robotics/bubonic-corona/venv/lib/python3.12/site-packages/PyInstaller/depend/utils.py", "Python", 90, 0, 0, 0, 0, 0, 0, 0, 0, 0, 0, 0, 235, 20, 345
"/home/david/DVHS Robotics/bubonic-corona/venv/lib/python3.12/site-packages/PyInstaller/exceptions.py", "Python", 39, 0, 0, 0, 0, 0, 0, 0, 0, 0, 0, 0, 13, 19, 71
"/home/david/DVHS Robotics/bubonic-corona/venv/lib/python3.12/site-packages/PyInstaller/fake-modules/_pyi_rth_utils/__init__.py", "Python", 12, 0, 0, 0, 0, 0, 0, 0, 0, 0, 0, 0, 20, 5, 37
"/home/david/DVHS Robotics/bubonic-corona/venv/lib/python3.12/site-packages/PyInstaller/fake-modules/_pyi_rth_utils/_win32.py", "Python", 205, 0, 0, 0, 0, 0, 0, 0, 0, 0, 0, 0, 64, 65, 334
"/home/david/DVHS Robotics/bubonic-corona/venv/lib/python3.12/site-packages/PyInstaller/fake-modules/_pyi_rth_utils/qt.py", "Python", 67, 0, 0, 0, 0, 0, 0, 0, 0, 0, 0, 0, 34, 18, 119
"/home/david/DVHS Robotics/bubonic-corona/venv/lib/python3.12/site-packages/PyInstaller/fake-modules/_pyi_rth_utils/tempfile.py", "Python", 28, 0, 0, 0, 0, 0, 0, 0, 0, 0, 0, 0, 19, 10, 57
"/home/david/DVHS Robotics/bubonic-corona/venv/lib/python3.12/site-packages/PyInstaller/fake-modules/pyi_splash.py", "Python", 80, 0, 0, 0, 0, 0, 0, 0, 0, 0, 0, 0, 97, 35, 212
"/home/david/DVHS Robotics/bubonic-corona/venv/lib/python3.12/site-packages/PyInstaller/hooks/__init__.py", "Python", 0, 0, 0, 0, 0, 0, 0, 0, 0, 0, 0, 0, 1, 1, 2
"/home/david/DVHS Robotics/bubonic-corona/venv/lib/python3.12/site-packages/PyInstaller/hooks/hook-PIL.Image.py", "Python", 2, 0, 0, 0, 0, 0, 0, 0, 0, 0, 0, 0, 12, 4, 18
"/home/david/DVHS Robotics/bubonic-corona/venv/lib/python3.12/site-packages/PyInstaller/hooks/hook-PIL.ImageFilter.py", "Python", 1, 0, 0, 0, 0, 0, 0, 0, 0, 0, 0, 0, 11, 2, 14
"/home/david/DVHS Robotics/bubonic-corona/venv/lib/python3.12/site-packages/PyInstaller/hooks/hook-PIL.SpiderImagePlugin.py", "Python", 1, 0, 0, 0, 0, 0, 0, 0, 0, 0, 0, 0, 12, 2, 15
"/home/david/DVHS Robotics/bubonic-corona/venv/lib/python3.12/site-packages/PyInstaller/hooks/hook-PIL.py", "Python", 2, 0, 0, 0, 0, 0, 0, 0, 0, 0, 0, 0, 16, 4, 22
"/home/david/DVHS Robotics/bubonic-corona/venv/lib/python3.12/site-packages/PyInstaller/hooks/hook-PyQt5.QAxContainer.py", "Python", 2, 0, 0, 0, 0, 0, 0, 0, 0, 0, 0, 0, 10, 3, 15
"/home/david/DVHS Robotics/bubonic-corona/venv/lib/python3.12/site-packages/PyInstaller/hooks/hook-PyQt5.Qsci.py", "Python", 2, 0, 0, 0, 0, 0, 0, 0, 0, 0, 0, 0, 10, 3, 15
"/home/david/DVHS Robotics/bubonic-corona/venv/lib/python3.12/site-packages/PyInstaller/hooks/hook-PyQt5.Qt.py", "Python", 11, 0, 0, 0, 0, 0, 0, 0, 0, 0, 0, 0, 15, 4, 30
"/home/david/DVHS Robotics/bubonic-corona/venv/lib/python3.12/site-packages/PyInstaller/hooks/hook-PyQt5.Qt3DAnimation.py", "Python", 2, 0, 0, 0, 0, 0, 0, 0, 0, 0, 0, 0, 10, 3, 15
"/home/david/DVHS Robotics/bubonic-corona/venv/lib/python3.12/site-packages/PyInstaller/hooks/hook-PyQt5.Qt3DCore.py", "Python", 2, 0, 0, 0, 0, 0, 0, 0, 0, 0, 0, 0, 10, 3, 15
"/home/david/DVHS Robotics/bubonic-corona/venv/lib/python3.12/site-packages/PyInstaller/hooks/hook-PyQt5.Qt3DExtras.py", "Python", 2, 0, 0, 0, 0, 0, 0, 0, 0, 0, 0, 0, 10, 3, 15
"/home/david/DVHS Robotics/bubonic-corona/venv/lib/python3.12/site-packages/PyInstaller/hooks/hook-PyQt5.Qt3DInput.py", "Python", 2, 0, 0, 0, 0, 0, 0, 0, 0, 0, 0, 0, 10, 3, 15
"/home/david/DVHS Robotics/bubonic-corona/venv/lib/python3.12/site-packages/PyInstaller/hooks/hook-PyQt5.Qt3DLogic.py", "Python", 2, 0, 0, 0, 0, 0, 0, 0, 0, 0, 0, 0, 10, 3, 15
"/home/david/DVHS Robotics/bubonic-corona/venv/lib/python3.12/site-packages/PyInstaller/hooks/hook-PyQt5.Qt3DRender.py", "Python", 2, 0, 0, 0, 0, 0, 0, 0, 0, 0, 0, 0, 10, 3, 15
"/home/david/DVHS Robotics/bubonic-corona/venv/lib/python3.12/site-packages/PyInstaller/hooks/hook-PyQt5.QtBluetooth.py", "Python", 2, 0, 0, 0, 0, 0, 0, 0, 0, 0, 0, 0, 10, 3, 15
"/home/david/DVHS Robotics/bubonic-corona/venv/lib/python3.12/site-packages/PyInstaller/hooks/hook-PyQt5.QtChart.py", "Python", 2, 0, 0, 0, 0, 0, 0, 0, 0, 0, 0, 0, 10, 3, 15
"/home/david/DVHS Robotics/bubonic-corona/venv/lib/python3.12/site-packages/PyInstaller/hooks/hook-PyQt5.QtCore.py", "Python", 2, 0, 0, 0, 0, 0, 0, 0, 0, 0, 0, 0, 10, 3, 15
"/home/david/DVHS Robotics/bubonic-corona/venv/lib/python3.12/site-packages/PyInstaller/hooks/hook-PyQt5.QtDBus.py", "Python", 2, 0, 0, 0, 0, 0, 0, 0, 0, 0, 0, 0, 10, 3, 15
"/home/david/DVHS Robotics/bubonic-corona/venv/lib/python3.12/site-packages/PyInstaller/hooks/hook-PyQt5.QtDataVisualization.py", "Python", 2, 0, 0, 0, 0, 0, 0, 0, 0, 0, 0, 0, 10, 3, 15
"/home/david/DVHS Robotics/bubonic-corona/venv/lib/python3.12/site-packages/PyInstaller/hooks/hook-PyQt5.QtDesigner.py", "Python", 2, 0, 0, 0, 0, 0, 0, 0, 0, 0, 0, 0, 10, 3, 15
"/home/david/DVHS Robotics/bubonic-corona/venv/lib/python3.12/site-packages/PyInstaller/hooks/hook-PyQt5.QtGui.py", "Python", 2, 0, 0, 0, 0, 0, 0, 0, 0, 0, 0, 0, 10, 3, 15
"/home/david/DVHS Robotics/bubonic-corona/venv/lib/python3.12/site-packages/PyInstaller/hooks/hook-PyQt5.QtHelp.py", "Python", 2, 0, 0, 0, 0, 0, 0, 0, 0, 0, 0, 0, 10, 3, 15
"/home/david/DVHS Robotics/bubonic-corona/venv/lib/python3.12/site-packages/PyInstaller/hooks/hook-PyQt5.QtLocation.py", "Python", 2, 0, 0, 0, 0, 0, 0, 0, 0, 0, 0, 0, 10, 3, 15
"/home/david/DVHS Robotics/bubonic-corona/venv/lib/python3.12/site-packages/PyInstaller/hooks/hook-PyQt5.QtMacExtras.py", "Python", 2, 0, 0, 0, 0, 0, 0, 0, 0, 0, 0, 0, 10, 3, 15
"/home/david/DVHS Robotics/bubonic-corona/venv/lib/python3.12/site-packages/PyInstaller/hooks/hook-PyQt5.QtMultimedia.py", "Python", 2, 0, 0, 0, 0, 0, 0, 0, 0, 0, 0, 0, 10, 3, 15
"/home/david/DVHS Robotics/bubonic-corona/venv/lib/python3.12/site-packages/PyInstaller/hooks/hook-PyQt5.QtMultimediaWidgets.py", "Python", 2, 0, 0, 0, 0, 0, 0, 0, 0, 0, 0, 0, 10, 3, 15
"/home/david/DVHS Robotics/bubonic-corona/venv/lib/python3.12/site-packages/PyInstaller/hooks/hook-PyQt5.QtNetwork.py", "Python", 3, 0, 0, 0, 0, 0, 0, 0, 0, 0, 0, 0, 10, 3, 16
"/home/david/DVHS Robotics/bubonic-corona/venv/lib/python3.12/site-packages/PyInstaller/hooks/hook-PyQt5.QtNetworkAuth.py", "Python", 2, 0, 0, 0, 0, 0, 0, 0, 0, 0, 0, 0, 10, 3, 15
"/home/david/DVHS Robotics/bubonic-corona/venv/lib/python3.12/site-packages/PyInstaller/hooks/hook-PyQt5.QtNfc.py", "Python", 2, 0, 0, 0, 0, 0, 0, 0, 0, 0, 0, 0, 10, 3, 15
"/home/david/DVHS Robotics/bubonic-corona/venv/lib/python3.12/site-packages/PyInstaller/hooks/hook-PyQt5.QtOpenGL.py", "Python", 2, 0, 0, 0, 0, 0, 0, 0, 0, 0, 0, 0, 10, 3, 15
"/home/david/DVHS Robotics/bubonic-corona/venv/lib/python3.12/site-packages/PyInstaller/hooks/hook-PyQt5.QtPositioning.py", "Python", 2, 0, 0, 0, 0, 0, 0, 0, 0, 0, 0, 0, 10, 3, 15
"/home/david/DVHS Robotics/bubonic-corona/venv/lib/python3.12/site-packages/PyInstaller/hooks/hook-PyQt5.QtPrintSupport.py", "Python", 2, 0, 0, 0, 0, 0, 0, 0, 0, 0, 0, 0, 10, 3, 15
"/home/david/DVHS Robotics/bubonic-corona/venv/lib/python3.12/site-packages/PyInstaller/hooks/hook-PyQt5.QtPurchasing.py", "Python", 2, 0, 0, 0, 0, 0, 0, 0, 0, 0, 0, 0, 10, 3, 15
"/home/david/DVHS Robotics/bubonic-corona/venv/lib/python3.12/site-packages/PyInstaller/hooks/hook-PyQt5.QtQml.py", "Python", 5, 0, 0, 0, 0, 0, 0, 0, 0, 0, 0, 0, 10, 3, 18
"/home/david/DVHS Robotics/bubonic-corona/venv/lib/python3.12/site-packages/PyInstaller/hooks/hook-PyQt5.QtQuick.py", "Python", 2, 0, 0, 0, 0, 0, 0, 0, 0, 0, 0, 0, 10, 3, 15
"/home/david/DVHS Robotics/bubonic-corona/venv/lib/python3.12/site-packages/PyInstaller/hooks/hook-PyQt5.QtQuick3D.py", "Python", 2, 0, 0, 0, 0, 0, 0, 0, 0, 0, 0, 0, 10, 3, 15
"/home/david/DVHS Robotics/bubonic-corona/venv/lib/python3.12/site-packages/PyInstaller/hooks/hook-PyQt5.QtQuickWidgets.py", "Python", 2, 0, 0, 0, 0, 0, 0, 0, 0, 0, 0, 0, 10, 3, 15
"/home/david/DVHS Robotics/bubonic-corona/venv/lib/python3.12/site-packages/PyInstaller/hooks/hook-PyQt5.QtRemoteObjects.py", "Python", 2, 0, 0, 0, 0, 0, 0, 0, 0, 0, 0, 0, 10, 3, 15
"/home/david/DVHS Robotics/bubonic-corona/venv/lib/python3.12/site-packages/PyInstaller/hooks/hook-PyQt5.QtScript.py", "Python", 2, 0, 0, 0, 0, 0, 0, 0, 0, 0, 0, 0, 10, 3, 15
"/home/david/DVHS Robotics/bubonic-corona/venv/lib/python3.12/site-packages/PyInstaller/hooks/hook-PyQt5.QtSensors.py", "Python", 2, 0, 0, 0, 0, 0, 0, 0, 0, 0, 0, 0, 10, 3, 15
"/home/david/DVHS Robotics/bubonic-corona/venv/lib/python3.12/site-packages/PyInstaller/hooks/hook-PyQt5.QtSerialPort.py", "Python", 2, 0, 0, 0, 0, 0, 0, 0, 0, 0, 0, 0, 10, 3, 15
"/home/david/DVHS Robotics/bubonic-corona/venv/lib/python3.12/site-packages/PyInstaller/hooks/hook-PyQt5.QtSql.py", "Python", 2, 0, 0, 0, 0, 0, 0, 0, 0, 0, 0, 0, 10, 3, 15
"/home/david/DVHS Robotics/bubonic-corona/venv/lib/python3.12/site-packages/PyInstaller/hooks/hook-PyQt5.QtSvg.py", "Python", 2, 0, 0, 0, 0, 0, 0, 0, 0, 0, 0, 0, 10, 3, 15
"/home/david/DVHS Robotics/bubonic-corona/venv/lib/python3.12/site-packages/PyInstaller/hooks/hook-PyQt5.QtTest.py", "Python", 2, 0, 0, 0, 0, 0, 0, 0, 0, 0, 0, 0, 10, 3, 15
"/home/david/DVHS Robotics/bubonic-corona/venv/lib/python3.12/site-packages/PyInstaller/hooks/hook-PyQt5.QtTextToSpeech.py", "Python", 2, 0, 0, 0, 0, 0, 0, 0, 0, 0, 0, 0, 10, 3, 15
"/home/david/DVHS Robotics/bubonic-corona/venv/lib/python3.12/site-packages/PyInstaller/hooks/hook-PyQt5.QtWebChannel.py", "Python", 2, 0, 0, 0, 0, 0, 0, 0, 0, 0, 0, 0, 10, 3, 15
"/home/david/DVHS Robotics/bubonic-corona/venv/lib/python3.12/site-packages/PyInstaller/hooks/hook-PyQt5.QtWebEngine.py", "Python", 2, 0, 0, 0, 0, 0, 0, 0, 0, 0, 0, 0, 10, 3, 15
"/home/david/DVHS Robotics/bubonic-corona/venv/lib/python3.12/site-packages/PyInstaller/hooks/hook-PyQt5.QtWebEngineCore.py", "Python", 7, 0, 0, 0, 0, 0, 0, 0, 0, 0, 0, 0, 12, 4, 23
"/home/david/DVHS Robotics/bubonic-corona/venv/lib/python3.12/site-packages/PyInstaller/hooks/hook-PyQt5.QtWebEngineWidgets.py", "Python", 2, 0, 0, 0, 0, 0, 0, 0, 0, 0, 0, 0, 10, 3, 15
"/home/david/DVHS Robotics/bubonic-corona/venv/lib/python3.12/site-packages/PyInstaller/hooks/hook-PyQt5.QtWebKit.py", "Python", 2, 0, 0, 0, 0, 0, 0, 0, 0, 0, 0, 0, 10, 3, 15
"/home/david/DVHS Robotics/bubonic-corona/venv/lib/python3.12/site-packages/PyInstaller/hooks/hook-PyQt5.QtWebKitWidgets.py", "Python", 2, 0, 0, 0, 0, 0, 0, 0, 0, 0, 0, 0, 10, 3, 15
"/home/david/DVHS Robotics/bubonic-corona/venv/lib/python3.12/site-packages/PyInstaller/hooks/hook-PyQt5.QtWebSockets.py", "Python", 2, 0, 0, 0, 0, 0, 0, 0, 0, 0, 0, 0, 10, 3, 15
"/home/david/DVHS Robotics/bubonic-corona/venv/lib/python3.12/site-packages/PyInstaller/hooks/hook-PyQt5.QtWidgets.py", "Python", 2, 0, 0, 0, 0, 0, 0, 0, 0, 0, 0, 0, 10, 3, 15
"/home/david/DVHS Robotics/bubonic-corona/venv/lib/python3.12/site-packages/PyInstaller/hooks/hook-PyQt5.QtWinExtras.py", "Python", 2, 0, 0, 0, 0, 0, 0, 0, 0, 0, 0, 0, 10, 3, 15
"/home/david/DVHS Robotics/bubonic-corona/venv/lib/python3.12/site-packages/PyInstaller/hooks/hook-PyQt5.QtX11Extras.py", "Python", 2, 0, 0, 0, 0, 0, 0, 0, 0, 0, 0, 0, 10, 3, 15
"/home/david/DVHS Robotics/bubonic-corona/venv/lib/python3.12/site-packages/PyInstaller/hooks/hook-PyQt5.QtXml.py", "Python", 2, 0, 0, 0, 0, 0, 0, 0, 0, 0, 0, 0, 10, 3, 15
"/home/david/DVHS Robotics/bubonic-corona/venv/lib/python3.12/site-packages/PyInstaller/hooks/hook-PyQt5.QtXmlPatterns.py", "Python", 2, 0, 0, 0, 0, 0, 0, 0, 0, 0, 0, 0, 10, 3, 15
"/home/david/DVHS Robotics/bubonic-corona/venv/lib/python3.12/site-packages/PyInstaller/hooks/hook-PyQt5.py", "Python", 9, 0, 0, 0, 0, 0, 0, 0, 0, 0, 0, 0, 16, 5, 30
"/home/david/DVHS Robotics/bubonic-corona/venv/lib/python3.12/site-packages/PyInstaller/hooks/hook-PyQt5.uic.py", "Python", 2, 0, 0, 0, 0, 0, 0, 0, 0, 0, 0, 0, 13, 3, 18
"/home/david/DVHS Robotics/bubonic-corona/venv/lib/python3.12/site-packages/PyInstaller/hooks/hook-PyQt6.QAxContainer.py", "Python", 2, 0, 0, 0, 0, 0, 0, 0, 0, 0, 0, 0, 10, 3, 15
"/home/david/DVHS Robotics/bubonic-corona/venv/lib/python3.12/site-packages/PyInstaller/hooks/hook-PyQt6.Qsci.py", "Python", 2, 0, 0, 0, 0, 0, 0, 0, 0, 0, 0, 0, 10, 3, 15
"/home/david/DVHS Robotics/bubonic-corona/venv/lib/python3.12/site-packages/PyInstaller/hooks/hook-PyQt6.Qt3DAnimation.py", "Python", 2, 0, 0, 0, 0, 0, 0, 0, 0, 0, 0, 0, 10, 3, 15
"/home/david/DVHS Robotics/bubonic-corona/venv/lib/python3.12/site-packages/PyInstaller/hooks/hook-PyQt6.Qt3DCore.py", "Python", 2, 0, 0, 0, 0, 0, 0, 0, 0, 0, 0, 0, 10, 3, 15
"/home/david/DVHS Robotics/bubonic-corona/venv/lib/python3.12/site-packages/PyInstaller/hooks/hook-PyQt6.Qt3DExtras.py", "Python", 2, 0, 0, 0, 0, 0, 0, 0, 0, 0, 0, 0, 10, 3, 15
"/home/david/DVHS Robotics/bubonic-corona/venv/lib/python3.12/site-packages/PyInstaller/hooks/hook-PyQt6.Qt3DInput.py", "Python", 2, 0, 0, 0, 0, 0, 0, 0, 0, 0, 0, 0, 10, 3, 15
"/home/david/DVHS Robotics/bubonic-corona/venv/lib/python3.12/site-packages/PyInstaller/hooks/hook-PyQt6.Qt3DLogic.py", "Python", 2, 0, 0, 0, 0, 0, 0, 0, 0, 0, 0, 0, 10, 3, 15
"/home/david/DVHS Robotics/bubonic-corona/venv/lib/python3.12/site-packages/PyInstaller/hooks/hook-PyQt6.Qt3DRender.py", "Python", 3, 0, 0, 0, 0, 0, 0, 0, 0, 0, 0, 0, 10, 4, 17
"/home/david/DVHS Robotics/bubonic-corona/venv/lib/python3.12/site-packages/PyInstaller/hooks/hook-PyQt6.QtBluetooth.py", "Python", 2, 0, 0, 0, 0, 0, 0, 0, 0, 0, 0, 0, 10, 3, 15
"/home/david/DVHS Robotics/bubonic-corona/venv/lib/python3.12/site-packages/PyInstaller/hooks/hook-PyQt6.QtCharts.py", "Python", 2, 0, 0, 0, 0, 0, 0, 0, 0, 0, 0, 0, 10, 3, 15
"/home/david/DVHS Robotics/bubonic-corona/venv/lib/python3.12/site-packages/PyInstaller/hooks/hook-PyQt6.QtCore.py", "Python", 2, 0, 0, 0, 0, 0, 0, 0, 0, 0, 0, 0, 10, 3, 15
"/home/david/DVHS Robotics/bubonic-corona/venv/lib/python3.12/site-packages/PyInstaller/hooks/hook-PyQt6.QtDBus.py", "Python", 2, 0, 0, 0, 0, 0, 0, 0, 0, 0, 0, 0, 10, 3, 15
"/home/david/DVHS Robotics/bubonic-corona/venv/lib/python3.12/site-packages/PyInstaller/hooks/hook-PyQt6.QtDataVisualization.py", "Python", 2, 0, 0, 0, 0, 0, 0, 0, 0, 0, 0, 0, 10, 3, 15
"/home/david/DVHS Robotics/bubonic-corona/venv/lib/python3.12/site-packages/PyInstaller/hooks/hook-PyQt6.QtDesigner.py", "Python", 2, 0, 0, 0, 0, 0, 0, 0, 0, 0, 0, 0, 10, 3, 15
"/home/david/DVHS Robotics/bubonic-corona/venv/lib/python3.12/site-packages/PyInstaller/hooks/hook-PyQt6.QtGraphs.py", "Python", 3, 0, 0, 0, 0, 0, 0, 0, 0, 0, 0, 0, 11, 4, 18
"/home/david/DVHS Robotics/bubonic-corona/venv/lib/python3.12/site-packages/PyInstaller/hooks/hook-PyQt6.QtGraphsWidgets.py", "Python", 3, 0, 0, 0, 0, 0, 0, 0, 0, 0, 0, 0, 11, 4, 18
"/home/david/DVHS Robotics/bubonic-corona/venv/lib/python3.12/site-packages/PyInstaller/hooks/hook-PyQt6.QtGui.py", "Python", 2, 0, 0, 0, 0, 0, 0, 0, 0, 0, 0, 0, 10, 3, 15
"/home/david/DVHS Robotics/bubonic-corona/venv/lib/python3.12/site-packages/PyInstaller/hooks/hook-PyQt6.QtHelp.py", "Python", 2, 0, 0, 0, 0, 0, 0, 0, 0, 0, 0, 0, 10, 3, 15
"/home/david/DVHS Robotics/bubonic-corona/venv/lib/python3.12/site-packages/PyInstaller/hooks/hook-PyQt6.QtMultimedia.py", "Python", 2, 0, 0, 0, 0, 0, 0, 0, 0, 0, 0, 0, 10, 3, 15
"/home/david/DVHS Robotics/bubonic-corona/venv/lib/python3.12/site-packages/PyInstaller/hooks/hook-PyQt6.QtMultimediaWidgets.py", "Python", 2, 0, 0, 0, 0, 0, 0, 0, 0, 0, 0, 0, 10, 3, 15
"/home/david/DVHS Robotics/bubonic-corona/venv/lib/python3.12/site-packages/PyInstaller/hooks/hook-PyQt6.QtNetwork.py", "Python", 3, 0, 0, 0, 0, 0, 0, 0, 0, 0, 0, 0, 10, 3, 16
"/home/david/DVHS Robotics/bubonic-corona/venv/lib/python3.12/site-packages/PyInstaller/hooks/hook-PyQt6.QtNetworkAuth.py", "Python", 2, 0, 0, 0, 0, 0, 0, 0, 0, 0, 0, 0, 10, 3, 15
"/home/david/DVHS Robotics/bubonic-corona/venv/lib/python3.12/site-packages/PyInstaller/hooks/hook-PyQt6.QtNfc.py", "Python", 2, 0, 0, 0, 0, 0, 0, 0, 0, 0, 0, 0, 10, 3, 15
"/home/david/DVHS Robotics/bubonic-corona/venv/lib/python3.12/site-packages/PyInstaller/hooks/hook-PyQt6.QtOpenGL.py", "Python", 2, 0, 0, 0, 0, 0, 0, 0, 0, 0, 0, 0, 10, 3, 15
"/home/david/DVHS Robotics/bubonic-corona/venv/lib/python3.12/site-packages/PyInstaller/hooks/hook-PyQt6.QtOpenGLWidgets.py", "Python", 2, 0, 0, 0, 0, 0, 0, 0, 0, 0, 0, 0, 10, 3, 15
"/home/david/DVHS Robotics/bubonic-corona/venv/lib/python3.12/site-packages/PyInstaller/hooks/hook-PyQt6.QtPdf.py", "Python", 2, 0, 0, 0, 0, 0, 0, 0, 0, 0, 0, 0, 10, 3, 15
"/home/david/DVHS Robotics/bubonic-corona/venv/lib/python3.12/site-packages/PyInstaller/hooks/hook-PyQt6.QtPdfWidgets.py", "Python", 2, 0, 0, 0, 0, 0, 0, 0, 0, 0, 0, 0, 10, 3, 15
"/home/david/DVHS Robotics/bubonic-corona/venv/lib/python3.12/site-packages/PyInstaller/hooks/hook-PyQt6.QtPositioning.py", "Python", 2, 0, 0, 0, 0, 0, 0, 0, 0, 0, 0, 0, 10, 3, 15
"/home/david/DVHS Robotics/bubonic-corona/venv/lib/python3.12/site-packages/PyInstaller/hooks/hook-PyQt6.QtPrintSupport.py", "Python", 2, 0, 0, 0, 0, 0, 0, 0, 0, 0, 0, 0, 10, 3, 15
"/home/david/DVHS Robotics/bubonic-corona/venv/lib/python3.12/site-packages/PyInstaller/hooks/hook-PyQt6.QtQml.py", "Python", 5, 0, 0, 0, 0, 0, 0, 0, 0, 0, 0, 0, 10, 3, 18
"/home/david/DVHS Robotics/bubonic-corona/venv/lib/python3.12/site-packages/PyInstaller/hooks/hook-PyQt6.QtQuick.py", "Python", 2, 0, 0, 0, 0, 0, 0, 0, 0, 0, 0, 0, 10, 3, 15
"/home/david/DVHS Robotics/bubonic-corona/venv/lib/python3.12/site-packages/PyInstaller/hooks/hook-PyQt6.QtQuick3D.py", "Python", 2, 0, 0, 0, 0, 0, 0, 0, 0, 0, 0, 0, 10, 3, 15
"/home/david/DVHS Robotics/bubonic-corona/venv/lib/python3.12/site-packages/PyInstaller/hooks/hook-PyQt6.QtQuickWidgets.py", "Python", 2, 0, 0, 0, 0, 0, 0, 0, 0, 0, 0, 0, 10, 3, 15
"/home/david/DVHS Robotics/bubonic-corona/venv/lib/python3.12/site-packages/PyInstaller/hooks/hook-PyQt6.QtRemoteObjects.py", "Python", 2, 0, 0, 0, 0, 0, 0, 0, 0, 0, 0, 0, 10, 3, 15
"/home/david/DVHS Robotics/bubonic-corona/venv/lib/python3.12/site-packages/PyInstaller/hooks/hook-PyQt6.QtSensors.py", "Python", 2, 0, 0, 0, 0, 0, 0, 0, 0, 0, 0, 0, 10, 3, 15
"/home/david/DVHS Robotics/bubonic-corona/venv/lib/python3.12/site-packages/PyInstaller/hooks/hook-PyQt6.QtSerialPort.py", "Python", 2, 0, 0, 0, 0, 0, 0, 0, 0, 0, 0, 0, 10, 3, 15
"/home/david/DVHS Robotics/bubonic-corona/venv/lib/python3.12/site-packages/PyInstaller/hooks/hook-PyQt6.QtSpatialAudio.py", "Python", 2, 0, 0, 0, 0, 0, 0, 0, 0, 0, 0, 0, 10, 3, 15
"/home/david/DVHS Robotics/bubonic-corona/venv/lib/python3.12/site-packages/PyInstaller/hooks/hook-PyQt6.QtSql.py", "Python", 2, 0, 0, 0, 0, 0, 0, 0, 0, 0, 0, 0, 10, 3, 15
"/home/david/DVHS Robotics/bubonic-corona/venv/lib/python3.12/site-packages/PyInstaller/hooks/hook-PyQt6.QtStateMachine.py", "Python", 3, 0, 0, 0, 0, 0, 0, 0, 0, 0, 0, 0, 11, 4, 18
"/home/david/DVHS Robotics/bubonic-corona/venv/lib/python3.12/site-packages/PyInstaller/hooks/hook-PyQt6.QtSvg.py", "Python", 2, 0, 0, 0, 0, 0, 0, 0, 0, 0, 0, 0, 10, 3, 15
"/home/david/DVHS Robotics/bubonic-corona/venv/lib/python3.12/site-packages/PyInstaller/hooks/hook-PyQt6.QtSvgWidgets.py", "Python", 2, 0, 0, 0, 0, 0, 0, 0, 0, 0, 0, 0, 10, 3, 15
"/home/david/DVHS Robotics/bubonic-corona/venv/lib/python3.12/site-packages/PyInstaller/hooks/hook-PyQt6.QtTest.py", "Python", 2, 0, 0, 0, 0, 0, 0, 0, 0, 0, 0, 0, 10, 3, 15
"/home/david/DVHS Robotics/bubonic-corona/venv/lib/python3.12/site-packages/PyInstaller/hooks/hook-PyQt6.QtTextToSpeech.py", "Python", 2, 0, 0, 0, 0, 0, 0, 0, 0, 0, 0, 0, 10, 3, 15
"/home/david/DVHS Robotics/bubonic-corona/venv/lib/python3.12/site-packages/PyInstaller/hooks/hook-PyQt6.QtWebChannel.py", "Python", 2, 0, 0, 0, 0, 0, 0, 0, 0, 0, 0, 0, 10, 3, 15
"/home/david/DVHS Robotics/bubonic-corona/venv/lib/python3.12/site-packages/PyInstaller/hooks/hook-PyQt6.QtWebEngineCore.py", "Python", 9, 0, 0, 0, 0, 0, 0, 0, 0, 0, 0, 0, 14, 5, 28
"/home/david/DVHS Robotics/bubonic-corona/venv/lib/python3.12/site-packages/PyInstaller/hooks/hook-PyQt6.QtWebEngineQuick.py", "Python", 2, 0, 0, 0, 0, 0, 0, 0, 0, 0, 0, 0, 10, 3, 15
"/home/david/DVHS Robotics/bubonic-corona/venv/lib/python3.12/site-packages/PyInstaller/hooks/hook-PyQt6.QtWebEngineWidgets.py", "Python", 2, 0, 0, 0, 0, 0, 0, 0, 0, 0, 0, 0, 10, 3, 15
"/home/david/DVHS Robotics/bubonic-corona/venv/lib/python3.12/site-packages/PyInstaller/hooks/hook-PyQt6.QtWebSockets.py", "Python", 2, 0, 0, 0, 0, 0, 0, 0, 0, 0, 0, 0, 10, 3, 15
"/home/david/DVHS Robotics/bubonic-corona/venv/lib/python3.12/site-packages/PyInstaller/hooks/hook-PyQt6.QtWidgets.py", "Python", 2, 0, 0, 0, 0, 0, 0, 0, 0, 0, 0, 0, 10, 3, 15
"/home/david/DVHS Robotics/bubonic-corona/venv/lib/python3.12/site-packages/PyInstaller/hooks/hook-PyQt6.QtXml.py", "Python", 2, 0, 0, 0, 0, 0, 0, 0, 0, 0, 0, 0, 10, 3, 15
"/home/david/DVHS Robotics/bubonic-corona/venv/lib/python3.12/site-packages/PyInstaller/hooks/hook-PyQt6.py", "Python", 8, 0, 0, 0, 0, 0, 0, 0, 0, 0, 0, 0, 14, 5, 27
"/home/david/DVHS Robotics/bubonic-corona/venv/lib/python3.12/site-packages/PyInstaller/hooks/hook-PyQt6.uic.py", "Python", 2, 0, 0, 0, 0, 0, 0, 0, 0, 0, 0, 0, 13, 3, 18
"/home/david/DVHS Robotics/bubonic-corona/venv/lib/python3.12/site-packages/PyInstaller/hooks/hook-PySide2.Qt3DAnimation.py", "Python", 2, 0, 0, 0, 0, 0, 0, 0, 0, 0, 0, 0, 10, 3, 15
"/home/david/DVHS Robotics/bubonic-corona/venv/lib/python3.12/site-packages/PyInstaller/hooks/hook-PySide2.Qt3DCore.py", "Python", 2, 0, 0, 0, 0, 0, 0, 0, 0, 0, 0, 0, 10, 3, 15
"/home/david/DVHS Robotics/bubonic-corona/venv/lib/python3.12/site-packages/PyInstaller/hooks/hook-PySide2.Qt3DExtras.py", "Python", 2, 0, 0, 0, 0, 0, 0, 0, 0, 0, 0, 0, 10, 3, 15
"/home/david/DVHS Robotics/bubonic-corona/venv/lib/python3.12/site-packages/PyInstaller/hooks/hook-PySide2.Qt3DInput.py", "Python", 2, 0, 0, 0, 0, 0, 0, 0, 0, 0, 0, 0, 10, 3, 15
"/home/david/DVHS Robotics/bubonic-corona/venv/lib/python3.12/site-packages/PyInstaller/hooks/hook-PySide2.Qt3DLogic.py", "Python", 2, 0, 0, 0, 0, 0, 0, 0, 0, 0, 0, 0, 10, 3, 15
"/home/david/DVHS Robotics/bubonic-corona/venv/lib/python3.12/site-packages/PyInstaller/hooks/hook-PySide2.Qt3DRender.py", "Python", 2, 0, 0, 0, 0, 0, 0, 0, 0, 0, 0, 0, 10, 3, 15
"/home/david/DVHS Robotics/bubonic-corona/venv/lib/python3.12/site-packages/PyInstaller/hooks/hook-PySide2.QtAxContainer.py", "Python", 2, 0, 0, 0, 0, 0, 0, 0, 0, 0, 0, 0, 10, 3, 15
"/home/david/DVHS Robotics/bubonic-corona/venv/lib/python3.12/site-packages/PyInstaller/hooks/hook-PySide2.QtCharts.py", "Python", 2, 0, 0, 0, 0, 0, 0, 0, 0, 0, 0, 0, 10, 3, 15
"/home/david/DVHS Robotics/bubonic-corona/venv/lib/python3.12/site-packages/PyInstaller/hooks/hook-PySide2.QtConcurrent.py", "Python", 2, 0, 0, 0, 0, 0, 0, 0, 0, 0, 0, 0, 10, 3, 15
"/home/david/DVHS Robotics/bubonic-corona/venv/lib/python3.12/site-packages/PyInstaller/hooks/hook-PySide2.QtCore.py", "Python", 2, 0, 0, 0, 0, 0, 0, 0, 0, 0, 0, 0, 10, 3, 15
"/home/david/DVHS Robotics/bubonic-corona/venv/lib/python3.12/site-packages/PyInstaller/hooks/hook-PySide2.QtDataVisualization.py", "Python", 2, 0, 0, 0, 0, 0, 0, 0, 0, 0, 0, 0, 10, 3, 15
"/home/david/DVHS Robotics/bubonic-corona/venv/lib/python3.12/site-packages/PyInstaller/hooks/hook-PySide2.QtGui.py", "Python", 2, 0, 0, 0, 0, 0, 0, 0, 0, 0, 0, 0, 10, 3, 15
"/home/david/DVHS Robotics/bubonic-corona/venv/lib/python3.12/site-packages/PyInstaller/hooks/hook-PySide2.QtHelp.py", "Python", 2, 0, 0, 0, 0, 0, 0, 0, 0, 0, 0, 0, 10, 3, 15
"/home/david/DVHS Robotics/bubonic-corona/venv/lib/python3.12/site-packages/PyInstaller/hooks/hook-PySide2.QtLocation.py", "Python", 2, 0, 0, 0, 0, 0, 0, 0, 0, 0, 0, 0, 10, 3, 15
"/home/david/DVHS Robotics/bubonic-corona/venv/lib/python3.12/site-packages/PyInstaller/hooks/hook-PySide2.QtMacExtras.py", "Python", 2, 0, 0, 0, 0, 0, 0, 0, 0, 0, 0, 0, 10, 3, 15
"/home/david/DVHS Robotics/bubonic-corona/venv/lib/python3.12/site-packages/PyInstaller/hooks/hook-PySide2.QtMultimedia.py", "Python", 3, 0, 0, 0, 0, 0, 0, 0, 0, 0, 0, 0, 13, 4, 20
"/home/david/DVHS Robotics/bubonic-corona/venv/lib/python3.12/site-packages/PyInstaller/hooks/hook-PySide2.QtMultimediaWidgets.py", "Python", 2, 0, 0, 0, 0, 0, 0, 0, 0, 0, 0, 0, 10, 3, 15
"/home/david/DVHS Robotics/bubonic-corona/venv/lib/python3.12/site-packages/PyInstaller/hooks/hook-PySide2.QtNetwork.py", "Python", 3, 0, 0, 0, 0, 0, 0, 0, 0, 0, 0, 0, 10, 3, 16
"/home/david/DVHS Robotics/bubonic-corona/venv/lib/python3.12/site-packages/PyInstaller/hooks/hook-PySide2.QtOpenGL.py", "Python", 2, 0, 0, 0, 0, 0, 0, 0, 0, 0, 0, 0, 10, 3, 15
"/home/david/DVHS Robotics/bubonic-corona/venv/lib/python3.12/site-packages/PyInstaller/hooks/hook-PySide2.QtOpenGLFunctions.py", "Python", 2, 0, 0, 0, 0, 0, 0, 0, 0, 0, 0, 0, 10, 3, 15
"/home/david/DVHS Robotics/bubonic-corona/venv/lib/python3.12/site-packages/PyInstaller/hooks/hook-PySide2.QtPositioning.py", "Python", 2, 0, 0, 0, 0, 0, 0, 0, 0, 0, 0, 0, 10, 3, 15
"/home/david/DVHS Robotics/bubonic-corona/venv/lib/python3.12/site-packages/PyInstaller/hooks/hook-PySide2.QtPrintSupport.py", "Python", 2, 0, 0, 0, 0, 0, 0, 0, 0, 0, 0, 0, 10, 3, 15
"/home/david/DVHS Robotics/bubonic-corona/venv/lib/python3.12/site-packages/PyInstaller/hooks/hook-PySide2.QtQml.py", "Python", 6, 0, 0, 0, 0, 0, 0, 0, 0, 0, 0, 0, 10, 4, 20
"/home/david/DVHS Robotics/bubonic-corona/venv/lib/python3.12/site-packages/PyInstaller/hooks/hook-PySide2.QtQuick.py", "Python", 2, 0, 0, 0, 0, 0, 0, 0, 0, 0, 0, 0, 10, 3, 15
"/home/david/DVHS Robotics/bubonic-corona/venv/lib/python3.12/site-packages/PyInstaller/hooks/hook-PySide2.QtQuickControls2.py", "Python", 2, 0, 0, 0, 0, 0, 0, 0, 0, 0, 0, 0, 10, 3, 15
"/home/david/DVHS Robotics/bubonic-corona/venv/lib/python3.12/site-packages/PyInstaller/hooks/hook-PySide2.QtQuickWidgets.py", "Python", 2, 0, 0, 0, 0, 0, 0, 0, 0, 0, 0, 0, 10, 3, 15
"/home/david/DVHS Robotics/bubonic-corona/venv/lib/python3.12/site-packages/PyInstaller/hooks/hook-PySide2.QtRemoteObjects.py", "Python", 2, 0, 0, 0, 0, 0, 0, 0, 0, 0, 0, 0, 10, 3, 15
"/home/david/DVHS Robotics/bubonic-corona/venv/lib/python3.12/site-packages/PyInstaller/hooks/hook-PySide2.QtScript.py", "Python", 2, 0, 0, 0, 0, 0, 0, 0, 0, 0, 0, 0, 10, 3, 15
"/home/david/DVHS Robotics/bubonic-corona/venv/lib/python3.12/site-packages/PyInstaller/hooks/hook-PySide2.QtScriptTools.py", "Python", 2, 0, 0, 0, 0, 0, 0, 0, 0, 0, 0, 0, 10, 3, 15
"/home/david/DVHS Robotics/bubonic-corona/venv/lib/python3.12/site-packages/PyInstaller/hooks/hook-PySide2.QtScxml.py", "Python", 2, 0, 0, 0, 0, 0, 0, 0, 0, 0, 0, 0, 10, 3, 15
"/home/david/DVHS Robotics/bubonic-corona/venv/lib/python3.12/site-packages/PyInstaller/hooks/hook-PySide2.QtSensors.py", "Python", 2, 0, 0, 0, 0, 0, 0, 0, 0, 0, 0, 0, 10, 3, 15
"/home/david/DVHS Robotics/bubonic-corona/venv/lib/python3.12/site-packages/PyInstaller/hooks/hook-PySide2.QtSerialPort.py", "Python", 2, 0, 0, 0, 0, 0, 0, 0, 0, 0, 0, 0, 10, 3, 15
"/home/david/DVHS Robotics/bubonic-corona/venv/lib/python3.12/site-packages/PyInstaller/hooks/hook-PySide2.QtSql.py", "Python", 2, 0, 0, 0, 0, 0, 0, 0, 0, 0, 0, 0, 10, 3, 15
"/home/david/DVHS Robotics/bubonic-corona/venv/lib/python3.12/site-packages/PyInstaller/hooks/hook-PySide2.QtSvg.py", "Python", 2, 0, 0, 0, 0, 0, 0, 0, 0, 0, 0, 0, 10, 3, 15
"/home/david/DVHS Robotics/bubonic-corona/venv/lib/python3.12/site-packages/PyInstaller/hooks/hook-PySide2.QtTest.py", "Python", 2, 0, 0, 0, 0, 0, 0, 0, 0, 0, 0, 0, 10, 3, 15
"/home/david/DVHS Robotics/bubonic-corona/venv/lib/python3.12/site-packages/PyInstaller/hooks/hook-PySide2.QtTextToSpeech.py", "Python", 2, 0, 0, 0, 0, 0, 0, 0, 0, 0, 0, 0, 10, 3, 15
"/home/david/DVHS Robotics/bubonic-corona/venv/lib/python3.12/site-packages/PyInstaller/hooks/hook-PySide2.QtUiTools.py", "Python", 3, 0, 0, 0, 0, 0, 0, 0, 0, 0, 0, 0, 10, 3, 16
"/home/david/DVHS Robotics/bubonic-corona/venv/lib/python3.12/site-packages/PyInstaller/hooks/hook-PySide2.QtWebChannel.py", "Python", 2, 0, 0, 0, 0, 0, 0, 0, 0, 0, 0, 0, 10, 3, 15
"/home/david/DVHS Robotics/bubonic-corona/venv/lib/python3.12/site-packages/PyInstaller/hooks/hook-PySide2.QtWebEngine.py", "Python", 2, 0, 0, 0, 0, 0, 0, 0, 0, 0, 0, 0, 10, 3, 15
"/home/david/DVHS Robotics/bubonic-corona/venv/lib/python3.12/site-packages/PyInstaller/hooks/hook-PySide2.QtWebEngineCore.py", "Python", 7, 0, 0, 0, 0, 0, 0, 0, 0, 0, 0, 0, 12, 4, 23
"/home/david/DVHS Robotics/bubonic-corona/venv/lib/python3.12/site-packages/PyInstaller/hooks/hook-PySide2.QtWebEngineWidgets.py", "Python", 2, 0, 0, 0, 0, 0, 0, 0, 0, 0, 0, 0, 10, 3, 15
"/home/david/DVHS Robotics/bubonic-corona/venv/lib/python3.12/site-packages/PyInstaller/hooks/hook-PySide2.QtWebKit.py", "Python", 2, 0, 0, 0, 0, 0, 0, 0, 0, 0, 0, 0, 10, 3, 15
"/home/david/DVHS Robotics/bubonic-corona/venv/lib/python3.12/site-packages/PyInstaller/hooks/hook-PySide2.QtWebKitWidgets.py", "Python", 2, 0, 0, 0, 0, 0, 0, 0, 0, 0, 0, 0, 10, 3, 15
"/home/david/DVHS Robotics/bubonic-corona/venv/lib/python3.12/site-packages/PyInstaller/hooks/hook-PySide2.QtWebSockets.py", "Python", 2, 0, 0, 0, 0, 0, 0, 0, 0, 0, 0, 0, 10, 3, 15
"/home/david/DVHS Robotics/bubonic-corona/venv/lib/python3.12/site-packages/PyInstaller/hooks/hook-PySide2.QtWidgets.py", "Python", 2, 0, 0, 0, 0, 0, 0, 0, 0, 0, 0, 0, 10, 3, 15
"/home/david/DVHS Robotics/bubonic-corona/venv/lib/python3.12/site-packages/PyInstaller/hooks/hook-PySide2.QtWinExtras.py", "Python", 2, 0, 0, 0, 0, 0, 0, 0, 0, 0, 0, 0, 10, 3, 15
"/home/david/DVHS Robotics/bubonic-corona/venv/lib/python3.12/site-packages/PyInstaller/hooks/hook-PySide2.QtX11Extras.py", "Python", 2, 0, 0, 0, 0, 0, 0, 0, 0, 0, 0, 0, 10, 3, 15
"/home/david/DVHS Robotics/bubonic-corona/venv/lib/python3.12/site-packages/PyInstaller/hooks/hook-PySide2.QtXml.py", "Python", 2, 0, 0, 0, 0, 0, 0, 0, 0, 0, 0, 0, 10, 3, 15
"/home/david/DVHS Robotics/bubonic-corona/venv/lib/python3.12/site-packages/PyInstaller/hooks/hook-PySide2.QtXmlPatterns.py", "Python", 2, 0, 0, 0, 0, 0, 0, 0, 0, 0, 0, 0, 10, 3, 15
"/home/david/DVHS Robotics/bubonic-corona/venv/lib/python3.12/site-packages/PyInstaller/hooks/hook-PySide2.Qwt5.py", "Python", 14, 0, 0, 0, 0, 0, 0, 0, 0, 0, 0, 0, 10, 8, 32
"/home/david/DVHS Robotics/bubonic-corona/venv/lib/python3.12/site-packages/PyInstaller/hooks/hook-PySide2.py", "Python", 7, 0, 0, 0, 0, 0, 0, 0, 0, 0, 0, 0, 14, 5, 26
"/home/david/DVHS Robotics/bubonic-corona/venv/lib/python3.12/site-packages/PyInstaller/hooks/hook-PySide6.Qt3DAnimation.py", "Python", 2, 0, 0, 0, 0, 0, 0, 0, 0, 0, 0, 0, 10, 3, 15
"/home/david/DVHS Robotics/bubonic-corona/venv/lib/python3.12/site-packages/PyInstaller/hooks/hook-PySide6.Qt3DCore.py", "Python", 2, 0, 0, 0, 0, 0, 0, 0, 0, 0, 0, 0, 10, 3, 15
"/home/david/DVHS Robotics/bubonic-corona/venv/lib/python3.12/site-packages/PyInstaller/hooks/hook-PySide6.Qt3DExtras.py", "Python", 2, 0, 0, 0, 0, 0, 0, 0, 0, 0, 0, 0, 10, 3, 15
"/home/david/DVHS Robotics/bubonic-corona/venv/lib/python3.12/site-packages/PyInstaller/hooks/hook-PySide6.Qt3DInput.py", "Python", 2, 0, 0, 0, 0, 0, 0, 0, 0, 0, 0, 0, 10, 3, 15
"/home/david/DVHS Robotics/bubonic-corona/venv/lib/python3.12/site-packages/PyInstaller/hooks/hook-PySide6.Qt3DLogic.py", "Python", 2, 0, 0, 0, 0, 0, 0, 0, 0, 0, 0, 0, 10, 3, 15
"/home/david/DVHS Robotics/bubonic-corona/venv/lib/python3.12/site-packages/PyInstaller/hooks/hook-PySide6.Qt3DRender.py", "Python", 4, 0, 0, 0, 0, 0, 0, 0, 0, 0, 0, 0, 13, 4, 21
"/home/david/DVHS Robotics/bubonic-corona/venv/lib/python3.12/site-packages/PyInstaller/hooks/hook-PySide6.QtAxContainer.py", "Python", 2, 0, 0, 0, 0, 0, 0, 0, 0, 0, 0, 0, 10, 3, 15
"/home/david/DVHS Robotics/bubonic-corona/venv/lib/python3.12/site-packages/PyInstaller/hooks/hook-PySide6.QtBluetooth.py", "Python", 2, 0, 0, 0, 0, 0, 0, 0, 0, 0, 0, 0, 10, 3, 15
"/home/david/DVHS Robotics/bubonic-corona/venv/lib/python3.12/site-packages/PyInstaller/hooks/hook-PySide6.QtCharts.py", "Python", 2, 0, 0, 0, 0, 0, 0, 0, 0, 0, 0, 0, 10, 3, 15
"/home/david/DVHS Robotics/bubonic-corona/venv/lib/python3.12/site-packages/PyInstaller/hooks/hook-PySide6.QtConcurrent.py", "Python", 2, 0, 0, 0, 0, 0, 0, 0, 0, 0, 0, 0, 10, 3, 15
"/home/david/DVHS Robotics/bubonic-corona/venv/lib/python3.12/site-packages/PyInstaller/hooks/hook-PySide6.QtCore.py", "Python", 2, 0, 0, 0, 0, 0, 0, 0, 0, 0, 0, 0, 10, 3, 15
"/home/david/DVHS Robotics/bubonic-corona/venv/lib/python3.12/site-packages/PyInstaller/hooks/hook-PySide6.QtDBus.py", "Python", 2, 0, 0, 0, 0, 0, 0, 0, 0, 0, 0, 0, 10, 3, 15
"/home/david/DVHS Robotics/bubonic-corona/venv/lib/python3.12/site-packages/PyInstaller/hooks/hook-PySide6.QtDataVisualization.py", "Python", 2, 0, 0, 0, 0, 0, 0, 0, 0, 0, 0, 0, 10, 3, 15
"/home/david/DVHS Robotics/bubonic-corona/venv/lib/python3.12/site-packages/PyInstaller/hooks/hook-PySide6.QtDesigner.py", "Python", 2, 0, 0, 0, 0, 0, 0, 0, 0, 0, 0, 0, 10, 3, 15
"/home/david/DVHS Robotics/bubonic-corona/venv/lib/python3.12/site-packages/PyInstaller/hooks/hook-PySide6.QtGraphs.py", "Python", 2, 0, 0, 0, 0, 0, 0, 0, 0, 0, 0, 0, 10, 3, 15
"/home/david/DVHS Robotics/bubonic-corona/venv/lib/python3.12/site-packages/PyInstaller/hooks/hook-PySide6.QtGraphsWidgets.py", "Python", 3, 0, 0, 0, 0, 0, 0, 0, 0, 0, 0, 0, 11, 4, 18
"/home/david/DVHS Robotics/bubonic-corona/venv/lib/python3.12/site-packages/PyInstaller/hooks/hook-PySide6.QtGui.py", "Python", 2, 0, 0, 0, 0, 0, 0, 0, 0, 0, 0, 0, 10, 3, 15
"/home/david/DVHS Robotics/bubonic-corona/venv/lib/python3.12/site-packages/PyInstaller/hooks/hook-PySide6.QtHelp.py", "Python", 2, 0, 0, 0, 0, 0, 0, 0, 0, 0, 0, 0, 10, 3, 15
"/home/david/DVHS Robotics/bubonic-corona/venv/lib/python3.12/site-packages/PyInstaller/hooks/hook-PySide6.QtHttpServer.py", "Python", 3, 0, 0, 0, 0, 0, 0, 0, 0, 0, 0, 0, 12, 4, 19
"/home/david/DVHS Robotics/bubonic-corona/venv/lib/python3.12/site-packages/PyInstaller/hooks/hook-PySide6.QtLocation.py", "Python", 2, 0, 0, 0, 0, 0, 0, 0, 0, 0, 0, 0, 10, 3, 15
"/home/david/DVHS Robotics/bubonic-corona/venv/lib/python3.12/site-packages/PyInstaller/hooks/hook-PySide6.QtMultimedia.py", "Python", 3, 0, 0, 0, 0, 0, 0, 0, 0, 0, 0, 0, 13, 4, 20
"/home/david/DVHS Robotics/bubonic-corona/venv/lib/python3.12/site-packages/PyInstaller/hooks/hook-PySide6.QtMultimediaWidgets.py", "Python", 2, 0, 0, 0, 0, 0, 0, 0, 0, 0, 0, 0, 10, 3, 15
"/home/david/DVHS Robotics/bubonic-corona/venv/lib/python3.12/site-packages/PyInstaller/hooks/hook-PySide6.QtNetwork.py", "Python", 3, 0, 0, 0, 0, 0, 0, 0, 0, 0, 0, 0, 10, 3, 16
"/home/david/DVHS Robotics/bubonic-corona/venv/lib/python3.12/site-packages/PyInstaller/hooks/hook-PySide6.QtNetworkAuth.py", "Python", 2, 0, 0, 0, 0, 0, 0, 0, 0, 0, 0, 0, 10, 3, 15
"/home/david/DVHS Robotics/bubonic-corona/venv/lib/python3.12/site-packages/PyInstaller/hooks/hook-PySide6.QtNfc.py", "Python", 2, 0, 0, 0, 0, 0, 0, 0, 0, 0, 0, 0, 10, 3, 15
"/home/david/DVHS Robotics/bubonic-corona/venv/lib/python3.12/site-packages/PyInstaller/hooks/hook-PySide6.QtOpenGL.py", "Python", 2, 0, 0, 0, 0, 0, 0, 0, 0, 0, 0, 0, 10, 3, 15
"/home/david/DVHS Robotics/bubonic-corona/venv/lib/python3.12/site-packages/PyInstaller/hooks/hook-PySide6.QtOpenGLWidgets.py", "Python", 2, 0, 0, 0, 0, 0, 0, 0, 0, 0, 0, 0, 10, 3, 15
"/home/david/DVHS Robotics/bubonic-corona/venv/lib/python3.12/site-packages/PyInstaller/hooks/hook-PySide6.QtPdf.py", "Python", 2, 0, 0, 0, 0, 0, 0, 0, 0, 0, 0, 0, 10, 3, 15
"/home/david/DVHS Robotics/bubonic-corona/venv/lib/python3.12/site-packages/PyInstaller/hooks/hook-PySide6.QtPdfWidgets.py", "Python", 2, 0, 0, 0, 0, 0, 0, 0, 0, 0, 0, 0, 10, 3, 15
"/home/david/DVHS Robotics/bubonic-corona/venv/lib/python3.12/site-packages/PyInstaller/hooks/hook-PySide6.QtPositioning.py", "Python", 2, 0, 0, 0, 0, 0, 0, 0, 0, 0, 0, 0, 10, 3, 15
"/home/david/DVHS Robotics/bubonic-corona/venv/lib/python3.12/site-packages/PyInstaller/hooks/hook-PySide6.QtPrintSupport.py", "Python", 2, 0, 0, 0, 0, 0, 0, 0, 0, 0, 0, 0, 10, 3, 15
"/home/david/DVHS Robotics/bubonic-corona/venv/lib/python3.12/site-packages/PyInstaller/hooks/hook-PySide6.QtQml.py", "Python", 5, 0, 0, 0, 0, 0, 0, 0, 0, 0, 0, 0, 10, 3, 18
"/home/david/DVHS Robotics/bubonic-corona/venv/lib/python3.12/site-packages/PyInstaller/hooks/hook-PySide6.QtQuick.py", "Python", 2, 0, 0, 0, 0, 0, 0, 0, 0, 0, 0, 0, 10, 3, 15
"/home/david/DVHS Robotics/bubonic-corona/venv/lib/python3.12/site-packages/PyInstaller/hooks/hook-PySide6.QtQuick3D.py", "Python", 2, 0, 0, 0, 0, 0, 0, 0, 0, 0, 0, 0, 10, 3, 15
"/home/david/DVHS Robotics/bubonic-corona/venv/lib/python3.12/site-packages/PyInstaller/hooks/hook-PySide6.QtQuickControls2.py", "Python", 3, 0, 0, 0, 0, 0, 0, 0, 0, 0, 0, 0, 10, 4, 17
"/home/david/DVHS Robotics/bubonic-corona/venv/lib/python3.12/site-packages/PyInstaller/hooks/hook-PySide6.QtQuickWidgets.py", "Python", 2, 0, 0, 0, 0, 0, 0, 0, 0, 0, 0, 0, 10, 3, 15
"/home/david/DVHS Robotics/bubonic-corona/venv/lib/python3.12/site-packages/PyInstaller/hooks/hook-PySide6.QtRemoteObjects.py", "Python", 2, 0, 0, 0, 0, 0, 0, 0, 0, 0, 0, 0, 10, 3, 15
"/home/david/DVHS Robotics/bubonic-corona/venv/lib/python3.12/site-packages/PyInstaller/hooks/hook-PySide6.QtScxml.py", "Python", 2, 0, 0, 0, 0, 0, 0, 0, 0, 0, 0, 0, 10, 3, 15
"/home/david/DVHS Robotics/bubonic-corona/venv/lib/python3.12/site-packages/PyInstaller/hooks/hook-PySide6.QtSensors.py", "Python", 2, 0, 0, 0, 0, 0, 0, 0, 0, 0, 0, 0, 10, 3, 15
"/home/david/DVHS Robotics/bubonic-corona/venv/lib/python3.12/site-packages/PyInstaller/hooks/hook-PySide6.QtSerialBus.py", "Python", 2, 0, 0, 0, 0, 0, 0, 0, 0, 0, 0, 0, 10, 3, 15
"/home/david/DVHS Robotics/bubonic-corona/venv/lib/python3.12/site-packages/PyInstaller/hooks/hook-PySide6.QtSerialPort.py", "Python", 2, 0, 0, 0, 0, 0, 0, 0, 0, 0, 0, 0, 10, 3, 15
"/home/david/DVHS Robotics/bubonic-corona/venv/lib/python3.12/site-packages/PyInstaller/hooks/hook-PySide6.QtSpatialAudio.py", "Python", 2, 0, 0, 0, 0, 0, 0, 0, 0, 0, 0, 0, 10, 3, 15
"/home/david/DVHS Robotics/bubonic-corona/venv/lib/python3.12/site-packages/PyInstaller/hooks/hook-PySide6.QtSql.py", "Python", 2, 0, 0, 0, 0, 0, 0, 0, 0, 0, 0, 0, 10, 3, 15
"/home/david/DVHS Robotics/bubonic-corona/venv/lib/python3.12/site-packages/PyInstaller/hooks/hook-PySide6.QtStateMachine.py", "Python", 2, 0, 0, 0, 0, 0, 0, 0, 0, 0, 0, 0, 10, 3, 15
"/home/david/DVHS Robotics/bubonic-corona/venv/lib/python3.12/site-packages/PyInstaller/hooks/hook-PySide6.QtSvg.py", "Python", 2, 0, 0, 0, 0, 0, 0, 0, 0, 0, 0, 0, 10, 3, 15
"/home/david/DVHS Robotics/bubonic-corona/venv/lib/python3.12/site-packages/PyInstaller/hooks/hook-PySide6.QtSvgWidgets.py", "Python", 2, 0, 0, 0, 0, 0, 0, 0, 0, 0, 0, 0, 10, 3, 15
"/home/david/DVHS Robotics/bubonic-corona/venv/lib/python3.12/site-packages/PyInstaller/hooks/hook-PySide6.QtTest.py", "Python", 2, 0, 0, 0, 0, 0, 0, 0, 0, 0, 0, 0, 10, 3, 15
"/home/david/DVHS Robotics/bubonic-corona/venv/lib/python3.12/site-packages/PyInstaller/hooks/hook-PySide6.QtTextToSpeech.py", "Python", 2, 0, 0, 0, 0, 0, 0, 0, 0, 0, 0, 0, 10, 3, 15
"/home/david/DVHS Robotics/bubonic-corona/venv/lib/python3.12/site-packages/PyInstaller/hooks/hook-PySide6.QtUiTools.py", "Python", 2, 0, 0, 0, 0, 0, 0, 0, 0, 0, 0, 0, 10, 3, 15
"/home/david/DVHS Robotics/bubonic-corona/venv/lib/python3.12/site-packages/PyInstaller/hooks/hook-PySide6.QtWebChannel.py", "Python", 2, 0, 0, 0, 0, 0, 0, 0, 0, 0, 0, 0, 10, 3, 15
"/home/david/DVHS Robotics/bubonic-corona/venv/lib/python3.12/site-packages/PyInstaller/hooks/hook-PySide6.QtWebEngineCore.py", "Python", 10, 0, 0, 0, 0, 0, 0, 0, 0, 0, 0, 0, 14, 6, 30
"/home/david/DVHS Robotics/bubonic-corona/venv/lib/python3.12/site-packages/PyInstaller/hooks/hook-PySide6.QtWebEngineQuick.py", "Python", 2, 0, 0, 0, 0, 0, 0, 0, 0, 0, 0, 0, 10, 3, 15
"/home/david/DVHS Robotics/bubonic-corona/venv/lib/python3.12/site-packages/PyInstaller/hooks/hook-PySide6.QtWebEngineWidgets.py", "Python", 2, 0, 0, 0, 0, 0, 0, 0, 0, 0, 0, 0, 10, 3, 15
"/home/david/DVHS Robotics/bubonic-corona/venv/lib/python3.12/site-packages/PyInstaller/hooks/hook-PySide6.QtWebSockets.py", "Python", 2, 0, 0, 0, 0, 0, 0, 0, 0, 0, 0, 0, 10, 3, 15
"/home/david/DVHS Robotics/bubonic-corona/venv/lib/python3.12/site-packages/PyInstaller/hooks/hook-PySide6.QtWidgets.py", "Python", 2, 0, 0, 0, 0, 0, 0, 0, 0, 0, 0, 0, 10, 3, 15
"/home/david/DVHS Robotics/bubonic-corona/venv/lib/python3.12/site-packages/PyInstaller/hooks/hook-PySide6.QtXml.py", "Python", 2, 0, 0, 0, 0, 0, 0, 0, 0, 0, 0, 0, 10, 3, 15
"/home/david/DVHS Robotics/bubonic-corona/venv/lib/python3.12/site-packages/PyInstaller/hooks/hook-PySide6.py", "Python", 8, 0, 0, 0, 0, 0, 0, 0, 0, 0, 0, 0, 15, 6, 29
"/home/david/DVHS Robotics/bubonic-corona/venv/lib/python3.12/site-packages/PyInstaller/hooks/hook-_ctypes.py", "Python", 3, 0, 0, 0, 0, 0, 0, 0, 0, 0, 0, 0, 14, 3, 20
"/home/david/DVHS Robotics/bubonic-corona/venv/lib/python3.12/site-packages/PyInstaller/hooks/hook-_osx_support.py", "Python", 1, 0, 0, 0, 0, 0, 0, 0, 0, 0, 0, 0, 16, 3, 20
"/home/david/DVHS Robotics/bubonic-corona/venv/lib/python3.12/site-packages/PyInstaller/hooks/hook-_pyi_rth_utils.py", "Python", 4, 0, 0, 0, 0, 0, 0, 0, 0, 0, 0, 0, 11, 3, 18
"/home/david/DVHS Robotics/bubonic-corona/venv/lib/python3.12/site-packages/PyInstaller/hooks/hook-_tkinter.py", "Python", 3, 0, 0, 0, 0, 0, 0, 0, 0, 0, 0, 0, 16, 4, 23
"/home/david/DVHS Robotics/bubonic-corona/venv/lib/python3.12/site-packages/PyInstaller/hooks/hook-babel.py", "Python", 8, 0, 0, 0, 0, 0, 0, 0, 0, 0, 0, 0, 13, 4, 25
"/home/david/DVHS Robotics/bubonic-corona/venv/lib/python3.12/site-packages/PyInstaller/hooks/hook-difflib.py", "Python", 1, 0, 0, 0, 0, 0, 0, 0, 0, 0, 0, 0, 11, 2, 14
"/home/david/DVHS Robotics/bubonic-corona/venv/lib/python3.12/site-packages/PyInstaller/hooks/hook-distutils.command.check.py", "Python", 1, 0, 0, 0, 0, 0, 0, 0, 0, 0, 0, 0, 11, 2, 14
"/home/david/DVHS Robotics/bubonic-corona/venv/lib/python3.12/site-packages/PyInstaller/hooks/hook-distutils.py", "Python", 9, 0, 0, 0, 0, 0, 0, 0, 0, 0, 0, 0, 20, 5, 34
"/home/david/DVHS Robotics/bubonic-corona/venv/lib/python3.12/site-packages/PyInstaller/hooks/hook-distutils.util.py", "Python", 1, 0, 0, 0, 0, 0, 0, 0, 0, 0, 0, 0, 11, 2, 14
"/home/david/DVHS Robotics/bubonic-corona/venv/lib/python3.12/site-packages/PyInstaller/hooks/hook-django.contrib.sessions.py", "Python", 2, 0, 0, 0, 0, 0, 0, 0, 0, 0, 0, 0, 10, 3, 15
"/home/david/DVHS Robotics/bubonic-corona/venv/lib/python3.12/site-packages/PyInstaller/hooks/hook-django.core.cache.py", "Python", 2, 0, 0, 0, 0, 0, 0, 0, 0, 0, 0, 0, 10, 3, 15
"/home/david/DVHS Robotics/bubonic-corona/venv/lib/python3.12/site-packages/PyInstaller/hooks/hook-django.core.mail.py", "Python", 7, 0, 0, 0, 0, 0, 0, 0, 0, 0, 0, 0, 17, 2, 26
"/home/david/DVHS Robotics/bubonic-corona/venv/lib/python3.12/site-packages/PyInstaller/hooks/hook-django.core.management.py", "Python", 3, 0, 0, 0, 0, 0, 0, 0, 0, 0, 0, 0, 13, 4, 20
"/home/david/DVHS Robotics/bubonic-corona/venv/lib/python3.12/site-packages/PyInstaller/hooks/hook-django.db.backends.mysql.base.py", "Python", 1, 0, 0, 0, 0, 0, 0, 0, 0, 0, 0, 0, 11, 2, 14
"/home/david/DVHS Robotics/bubonic-corona/venv/lib/python3.12/site-packages/PyInstaller/hooks/hook-django.db.backends.oracle.base.py", "Python", 1, 0, 0, 0, 0, 0, 0, 0, 0, 0, 0, 0, 10, 2, 13
"/home/david/DVHS Robotics/bubonic-corona/venv/lib/python3.12/site-packages/PyInstaller/hooks/hook-django.db.backends.py", "Python", 9, 0, 0, 0, 0, 0, 0, 0, 0, 0, 0, 0, 12, 5, 26
"/home/david/DVHS Robotics/bubonic-corona/venv/lib/python3.12/site-packages/PyInstaller/hooks/hook-django.py", "Python", 56, 0, 0, 0, 0, 0, 0, 0, 0, 0, 0, 0, 26, 11, 93
"/home/david/DVHS Robotics/bubonic-corona/venv/lib/python3.12/site-packages/PyInstaller/hooks/hook-django.template.loaders.py", "Python", 2, 0, 0, 0, 0, 0, 0, 0, 0, 0, 0, 0, 10, 3, 15
"/home/david/DVHS Robotics/bubonic-corona/venv/lib/python3.12/site-packages/PyInstaller/hooks/hook-encodings.py", "Python", 2, 0, 0, 0, 0, 0, 0, 0, 0, 0, 0, 0, 10, 3, 15
"/home/david/DVHS Robotics/bubonic-corona/venv/lib/python3.12/site-packages/PyInstaller/hooks/hook-gevent.py", "Python", 9, 0, 0, 0, 0, 0, 0, 0, 0, 0, 0, 0, 11, 5, 25
"/home/david/DVHS Robotics/bubonic-corona/venv/lib/python3.12/site-packages/PyInstaller/hooks/hook-gi.py", "Python", 8, 0, 0, 0, 0, 0, 0, 0, 0, 0, 0, 0, 13, 6, 27
"/home/david/DVHS Robotics/bubonic-corona/venv/lib/python3.12/site-packages/PyInstaller/hooks/hook-gi.repository.Adw.py", "Python", 4, 0, 0, 0, 0, 0, 0, 0, 0, 0, 0, 0, 10, 3, 17
"/home/david/DVHS Robotics/bubonic-corona/venv/lib/python3.12/site-packages/PyInstaller/hooks/hook-gi.repository.AppIndicator3.py", "Python", 4, 0, 0, 0, 0, 0, 0, 0, 0, 0, 0, 0, 10, 3, 17
"/home/david/DVHS Robotics/bubonic-corona/venv/lib/python3.12/site-packages/PyInstaller/hooks/hook-gi.repository.Atk.py", "Python", 12, 0, 0, 0, 0, 0, 0, 0, 0, 0, 0, 0, 11, 7, 30
"/home/david/DVHS Robotics/bubonic-corona/venv/lib/python3.12/site-packages/PyInstaller/hooks/hook-gi.repository.AyatanaAppIndicator3.py", "Python", 4, 0, 0, 0, 0, 0, 0, 0, 0, 0, 0, 0, 10, 3, 17
"/home/david/DVHS Robotics/bubonic-corona/venv/lib/python3.12/site-packages/PyInstaller/hooks/hook-gi.repository.Champlain.py", "Python", 4, 0, 0, 0, 0, 0, 0, 0, 0, 0, 0, 0, 10, 3, 17
"/home/david/DVHS Robotics/bubonic-corona/venv/lib/python3.12/site-packages/PyInstaller/hooks/hook-gi.repository.Clutter.py", "Python", 4, 0, 0, 0, 0, 0, 0, 0, 0, 0, 0, 0, 10, 3, 17
"/home/david/DVHS Robotics/bubonic-corona/venv/lib/python3.12/site-packages/PyInstaller/hooks/hook-gi.repository.DBus.py", "Python", 4, 0, 0, 0, 0, 0, 0, 0, 0, 0, 0, 0, 10, 3, 17
"/home/david/DVHS Robotics/bubonic-corona/venv/lib/python3.12/site-packages/PyInstaller/hooks/hook-gi.repository.GIRepository.py", "Python", 4, 0, 0, 0, 0, 0, 0, 0, 0, 0, 0, 0, 10, 3, 17
"/home/david/DVHS Robotics/bubonic-corona/venv/lib/python3.12/site-packages/PyInstaller/hooks/hook-gi.repository.GLib.py", "Python", 21, 0, 0, 0, 0, 0, 0, 0, 0, 0, 0, 0, 14, 11, 46
"/home/david/DVHS Robotics/bubonic-corona/venv/lib/python3.12/site-packages/PyInstaller/hooks/hook-gi.repository.GLibUnix.py", "Python", 4, 0, 0, 0, 0, 0, 0, 0, 0, 0, 0, 0, 10, 3, 17
"/home/david/DVHS Robotics/bubonic-corona/venv/lib/python3.12/site-packages/PyInstaller/hooks/hook-gi.repository.GLibWin32.py", "Python", 4, 0, 0, 0, 0, 0, 0, 0, 0, 0, 0, 0, 10, 3, 17
"/home/david/DVHS Robotics/bubonic-corona/venv/lib/python3.12/site-packages/PyInstaller/hooks/hook-gi.repository.GModule.py", "Python", 4, 0, 0, 0, 0, 0, 0, 0, 0, 0, 0, 0, 10, 3, 17
"/home/david/DVHS Robotics/bubonic-corona/venv/lib/python3.12/site-packages/PyInstaller/hooks/hook-gi.repository.GObject.py", "Python", 7, 0, 0, 0, 0, 0, 0, 0, 0, 0, 0, 0, 11, 2, 20
"/home/david/DVHS Robotics/bubonic-corona/venv/lib/python3.12/site-packages/PyInstaller/hooks/hook-gi.repository.Gdk.py", "Python", 18, 0, 0, 0, 0, 0, 0, 0, 0, 0, 0, 0, 12, 7, 37
"/home/david/DVHS Robotics/bubonic-corona/venv/lib/python3.12/site-packages/PyInstaller/hooks/hook-gi.repository.GdkPixbuf.py", "Python", 81, 0, 0, 0, 0, 0, 0, 0, 0, 0, 0, 0, 41, 29, 151
"/home/david/DVHS Robotics/bubonic-corona/venv/lib/python3.12/site-packages/PyInstaller/hooks/hook-gi.repository.Gio.py", "Python", 40, 0, 0, 0, 0, 0, 0, 0, 0, 0, 0, 0, 19, 13, 72
"/home/david/DVHS Robotics/bubonic-corona/venv/lib/python3.12/site-packages/PyInstaller/hooks/hook-gi.repository.GioUnix.py", "Python", 4, 0, 0, 0, 0, 0, 0, 0, 0, 0, 0, 0, 10, 3, 17
"/home/david/DVHS Robotics/bubonic-corona/venv/lib/python3.12/site-packages/PyInstaller/hooks/hook-gi.repository.GioWin32.py", "Python", 4, 0, 0, 0, 0, 0, 0, 0, 0, 0, 0, 0, 10, 3, 17
"/home/david/DVHS Robotics/bubonic-corona/venv/lib/python3.12/site-packages/PyInstaller/hooks/hook-gi.repository.Graphene.py", "Python", 4, 0, 0, 0, 0, 0, 0, 0, 0, 0, 0, 0, 10, 3, 17
"/home/david/DVHS Robotics/bubonic-corona/venv/lib/python3.12/site-packages/PyInstaller/hooks/hook-gi.repository.Gsk.py", "Python", 4, 0, 0, 0, 0, 0, 0, 0, 0, 0, 0, 0, 10, 3, 17
"/home/david/DVHS Robotics/bubonic-corona/venv/lib/python3.12/site-packages/PyInstaller/hooks/hook-gi.repository.Gst.py", "Python", 54, 0, 0, 0, 0, 0, 0, 0, 0, 0, 0, 0, 20, 20, 94
"/home/david/DVHS Robotics/bubonic-corona/venv/lib/python3.12/site-packages/PyInstaller/hooks/hook-gi.repository.GstAllocators.py", "Python", 4, 0, 0, 0, 0, 0, 0, 0, 0, 0, 0, 0, 10, 3, 17
"/home/david/DVHS Robotics/bubonic-corona/venv/lib/python3.12/site-packages/PyInstaller/hooks/hook-gi.repository.GstApp.py", "Python", 4, 0, 0, 0, 0, 0, 0, 0, 0, 0, 0, 0, 10, 3, 17
"/home/david/DVHS Robotics/bubonic-corona/venv/lib/python3.12/site-packages/PyInstaller/hooks/hook-gi.repository.GstAudio.py", "Python", 4, 0, 0, 0, 0, 0, 0, 0, 0, 0, 0, 0, 10, 3, 17
"/home/david/DVHS Robotics/bubonic-corona/venv/lib/python3.12/site-packages/PyInstaller/hooks/hook-gi.repository.GstBadAudio.py", "Python", 4, 0, 0, 0, 0, 0, 0, 0, 0, 0, 0, 0, 10, 3, 17
"/home/david/DVHS Robotics/bubonic-corona/venv/lib/python3.12/site-packages/PyInstaller/hooks/hook-gi.repository.GstBase.py", "Python", 4, 0, 0, 0, 0, 0, 0, 0, 0, 0, 0, 0, 10, 3, 17
"/home/david/DVHS Robotics/bubonic-corona/venv/lib/python3.12/site-packages/PyInstaller/hooks/hook-gi.repository.GstCheck.py", "Python", 4, 0, 0, 0, 0, 0, 0, 0, 0, 0, 0, 0, 10, 3, 17
"/home/david/DVHS Robotics/bubonic-corona/venv/lib/python3.12/site-packages/PyInstaller/hooks/hook-gi.repository.GstCodecs.py", "Python", 4, 0, 0, 0, 0, 0, 0, 0, 0, 0, 0, 0, 10, 3, 17
"/home/david/DVHS Robotics/bubonic-corona/venv/lib/python3.12/site-packages/PyInstaller/hooks/hook-gi.repository.GstController.py", "Python", 4, 0, 0, 0, 0, 0, 0, 0, 0, 0, 0, 0, 10, 3, 17
"/home/david/DVHS Robotics/bubonic-corona/venv/lib/python3.12/site-packages/PyInstaller/hooks/hook-gi.repository.GstGL.py", "Python", 4, 0, 0, 0, 0, 0, 0, 0, 0, 0, 0, 0, 10, 3, 17
"/home/david/DVHS Robotics/bubonic-corona/venv/lib/python3.12/site-packages/PyInstaller/hooks/hook-gi.repository.GstGLEGL.py", "Python", 4, 0, 0, 0, 0, 0, 0, 0, 0, 0, 0, 0, 10, 3, 17
"/home/david/DVHS Robotics/bubonic-corona/venv/lib/python3.12/site-packages/PyInstaller/hooks/hook-gi.repository.GstGLWayland.py", "Python", 4, 0, 0, 0, 0, 0, 0, 0, 0, 0, 0, 0, 10, 3, 17
"/home/david/DVHS Robotics/bubonic-corona/venv/lib/python3.12/site-packages/PyInstaller/hooks/hook-gi.repository.GstGLX11.py", "Python", 4, 0, 0, 0, 0, 0, 0, 0, 0, 0, 0, 0, 10, 3, 17
"/home/david/DVHS Robotics/bubonic-corona/venv/lib/python3.12/site-packages/PyInstaller/hooks/hook-gi.repository.GstInsertBin.py", "Python", 4, 0, 0, 0, 0, 0, 0, 0, 0, 0, 0, 0, 10, 3, 17
"/home/david/DVHS Robotics/bubonic-corona/venv/lib/python3.12/site-packages/PyInstaller/hooks/hook-gi.repository.GstMpegts.py", "Python", 4, 0, 0, 0, 0, 0, 0, 0, 0, 0, 0, 0, 10, 3, 17
"/home/david/DVHS Robotics/bubonic-corona/venv/lib/python3.12/site-packages/PyInstaller/hooks/hook-gi.repository.GstNet.py", "Python", 4, 0, 0, 0, 0, 0, 0, 0, 0, 0, 0, 0, 10, 3, 17
"/home/david/DVHS Robotics/bubonic-corona/venv/lib/python3.12/site-packages/PyInstaller/hooks/hook-gi.repository.GstPbutils.py", "Python", 4, 0, 0, 0, 0, 0, 0, 0, 0, 0, 0, 0, 10, 3, 17
"/home/david/DVHS Robotics/bubonic-corona/venv/lib/python3.12/site-packages/PyInstaller/hooks/hook-gi.repository.GstPlay.py", "Python", 4, 0, 0, 0, 0, 0, 0, 0, 0, 0, 0, 0, 10, 3, 17
"/home/david/DVHS Robotics/bubonic-corona/venv/lib/python3.12/site-packages/PyInstaller/hooks/hook-gi.repository.GstPlayer.py", "Python", 4, 0, 0, 0, 0, 0, 0, 0, 0, 0, 0, 0, 10, 3, 17
"/home/david/DVHS Robotics/bubonic-corona/venv/lib/python3.12/site-packages/PyInstaller/hooks/hook-gi.repository.GstRtp.py", "Python", 4, 0, 0, 0, 0, 0, 0, 0, 0, 0, 0, 0, 10, 3, 17
"/home/david/DVHS Robotics/bubonic-corona/venv/lib/python3.12/site-packages/PyInstaller/hooks/hook-gi.repository.GstRtsp.py", "Python", 4, 0, 0, 0, 0, 0, 0, 0, 0, 0, 0, 0, 10, 3, 17
"/home/david/DVHS Robotics/bubonic-corona/venv/lib/python3.12/site-packages/PyInstaller/hooks/hook-gi.repository.GstRtspServer.py", "Python", 4, 0, 0, 0, 0, 0, 0, 0, 0, 0, 0, 0, 10, 3, 17
"/home/david/DVHS Robotics/bubonic-corona/venv/lib/python3.12/site-packages/PyInstaller/hooks/hook-gi.repository.GstSdp.py", "Python", 4, 0, 0, 0, 0, 0, 0, 0, 0, 0, 0, 0, 10, 3, 17
"/home/david/DVHS Robotics/bubonic-corona/venv/lib/python3.12/site-packages/PyInstaller/hooks/hook-gi.repository.GstTag.py", "Python", 4, 0, 0, 0, 0, 0, 0, 0, 0, 0, 0, 0, 10, 3, 17
"/home/david/DVHS Robotics/bubonic-corona/venv/lib/python3.12/site-packages/PyInstaller/hooks/hook-gi.repository.GstTranscoder.py", "Python", 4, 0, 0, 0, 0, 0, 0, 0, 0, 0, 0, 0, 10, 3, 17
"/home/david/DVHS Robotics/bubonic-corona/venv/lib/python3.12/site-packages/PyInstaller/hooks/hook-gi.repository.GstVideo.py", "Python", 4, 0, 0, 0, 0, 0, 0, 0, 0, 0, 0, 0, 10, 3, 17
"/home/david/DVHS Robotics/bubonic-corona/venv/lib/python3.12/site-packages/PyInstaller/hooks/hook-gi.repository.GstVulkan.py", "Python", 4, 0, 0, 0, 0, 0, 0, 0, 0, 0, 0, 0, 10, 3, 17
"/home/david/DVHS Robotics/bubonic-corona/venv/lib/python3.12/site-packages/PyInstaller/hooks/hook-gi.repository.GstVulkanWayland.py", "Python", 4, 0, 0, 0, 0, 0, 0, 0, 0, 0, 0, 0, 10, 3, 17
"/home/david/DVHS Robotics/bubonic-corona/venv/lib/python3.12/site-packages/PyInstaller/hooks/hook-gi.repository.GstVulkanXCB.py", "Python", 4, 0, 0, 0, 0, 0, 0, 0, 0, 0, 0, 0, 10, 3, 17
"/home/david/DVHS Robotics/bubonic-corona/venv/lib/python3.12/site-packages/PyInstaller/hooks/hook-gi.repository.GstWebRTC.py", "Python", 4, 0, 0, 0, 0, 0, 0, 0, 0, 0, 0, 0, 10, 3, 17
"/home/david/DVHS Robotics/bubonic-corona/venv/lib/python3.12/site-packages/PyInstaller/hooks/hook-gi.repository.Gtk.py", "Python", 33, 0, 0, 0, 0, 0, 0, 0, 0, 0, 0, 0, 15, 12, 60
"/home/david/DVHS Robotics/bubonic-corona/venv/lib/python3.12/site-packages/PyInstaller/hooks/hook-gi.repository.GtkChamplain.py", "Python", 4, 0, 0, 0, 0, 0, 0, 0, 0, 0, 0, 0, 10, 3, 17
"/home/david/DVHS Robotics/bubonic-corona/venv/lib/python3.12/site-packages/PyInstaller/hooks/hook-gi.repository.GtkClutter.py", "Python", 4, 0, 0, 0, 0, 0, 0, 0, 0, 0, 0, 0, 10, 3, 17
"/home/david/DVHS Robotics/bubonic-corona/venv/lib/python3.12/site-packages/PyInstaller/hooks/hook-gi.repository.GtkSource.py", "Python", 10, 0, 0, 0, 0, 0, 0, 0, 0, 0, 0, 0, 15, 7, 32
"/home/david/DVHS Robotics/bubonic-corona/venv/lib/python3.12/site-packages/PyInstaller/hooks/hook-gi.repository.GtkosxApplication.py", "Python", 6, 0, 0, 0, 0, 0, 0, 0, 0, 0, 0, 0, 10, 3, 19
"/home/david/DVHS Robotics/bubonic-corona/venv/lib/python3.12/site-packages/PyInstaller/hooks/hook-gi.repository.HarfBuzz.py", "Python", 4, 0, 0, 0, 0, 0, 0, 0, 0, 0, 0, 0, 10, 3, 17
"/home/david/DVHS Robotics/bubonic-corona/venv/lib/python3.12/site-packages/PyInstaller/hooks/hook-gi.repository.OsmGpsMap.py", "Python", 4, 0, 0, 0, 0, 0, 0, 0, 0, 0, 0, 0, 10, 3, 17
"/home/david/DVHS Robotics/bubonic-corona/venv/lib/python3.12/site-packages/PyInstaller/hooks/hook-gi.repository.Pango.py", "Python", 4, 0, 0, 0, 0, 0, 0, 0, 0, 0, 0, 0, 10, 3, 17
"/home/david/DVHS Robotics/bubonic-corona/venv/lib/python3.12/site-packages/PyInstaller/hooks/hook-gi.repository.PangoCairo.py", "Python", 4, 0, 0, 0, 0, 0, 0, 0, 0, 0, 0, 0, 10, 3, 17
"/home/david/DVHS Robotics/bubonic-corona/venv/lib/python3.12/site-packages/PyInstaller/hooks/hook-gi.repository.Rsvg.py", "Python", 4, 0, 0, 0, 0, 0, 0, 0, 0, 0, 0, 0, 10, 3, 17
"/home/david/DVHS Robotics/bubonic-corona/venv/lib/python3.12/site-packages/PyInstaller/hooks/hook-gi.repository.cairo.py", "Python", 4, 0, 0, 0, 0, 0, 0, 0, 0, 0, 0, 0, 10, 3, 17
"/home/david/DVHS Robotics/bubonic-corona/venv/lib/python3.12/site-packages/PyInstaller/hooks/hook-gi.repository.freetype2.py", "Python", 4, 0, 0, 0, 0, 0, 0, 0, 0, 0, 0, 0, 10, 3, 17
"/home/david/DVHS Robotics/bubonic-corona/venv/lib/python3.12/site-packages/PyInstaller/hooks/hook-gi.repository.xlib.py", "Python", 4, 0, 0, 0, 0, 0, 0, 0, 0, 0, 0, 0, 10, 3, 17
"/home/david/DVHS Robotics/bubonic-corona/venv/lib/python3.12/site-packages/PyInstaller/hooks/hook-heapq.py", "Python", 1, 0, 0, 0, 0, 0, 0, 0, 0, 0, 0, 0, 11, 2, 14
"/home/david/DVHS Robotics/bubonic-corona/venv/lib/python3.12/site-packages/PyInstaller/hooks/hook-idlelib.py", "Python", 2, 0, 0, 0, 0, 0, 0, 0, 0, 0, 0, 0, 10, 3, 15
"/home/david/DVHS Robotics/bubonic-corona/venv/lib/python3.12/site-packages/PyInstaller/hooks/hook-importlib_metadata.py", "Python", 2, 0, 0, 0, 0, 0, 0, 0, 0, 0, 0, 0, 20, 3, 25
"/home/david/DVHS Robotics/bubonic-corona/venv/lib/python3.12/site-packages/PyInstaller/hooks/hook-importlib_resources.py", "Python", 5, 0, 0, 0, 0, 0, 0, 0, 0, 0, 0, 0, 14, 4, 23
"/home/david/DVHS Robotics/bubonic-corona/venv/lib/python3.12/site-packages/PyInstaller/hooks/hook-keyring.py", "Python", 3, 0, 0, 0, 0, 0, 0, 0, 0, 0, 0, 0, 13, 4, 20
"/home/david/DVHS Robotics/bubonic-corona/venv/lib/python3.12/site-packages/PyInstaller/hooks/hook-kivy.py", "Python", 11, 0, 0, 0, 0, 0, 0, 0, 0, 0, 0, 0, 10, 5, 26
"/home/david/DVHS Robotics/bubonic-corona/venv/lib/python3.12/site-packages/PyInstaller/hooks/hook-lib2to3.py", "Python", 2, 0, 0, 0, 0, 0, 0, 0, 0, 0, 0, 0, 11, 4, 17
"/home/david/DVHS Robotics/bubonic-corona/venv/lib/python3.12/site-packages/PyInstaller/hooks/hook-matplotlib.backend_bases.py", "Python", 1, 0, 0, 0, 0, 0, 0, 0, 0, 0, 0, 0, 10, 2, 13
"/home/david/DVHS Robotics/bubonic-corona/venv/lib/python3.12/site-packages/PyInstaller/hooks/hook-matplotlib.backends.backend_qtagg.py", "Python", 1, 0, 0, 0, 0, 0, 0, 0, 0, 0, 0, 0, 14, 2, 17
"/home/david/DVHS Robotics/bubonic-corona/venv/lib/python3.12/site-packages/PyInstaller/hooks/hook-matplotlib.backends.backend_qtcairo.py", "Python", 1, 0, 0, 0, 0, 0, 0, 0, 0, 0, 0, 0, 14, 2, 17
"/home/david/DVHS Robotics/bubonic-corona/venv/lib/python3.12/site-packages/PyInstaller/hooks/hook-matplotlib.backends.py", "Python", 113, 0, 0, 0, 0, 0, 0, 0, 0, 0, 0, 0, 75, 39, 227
"/home/david/DVHS Robotics/bubonic-corona/venv/lib/python3.12/site-packages/PyInstaller/hooks/hook-matplotlib.backends.qt_compat.py", "Python", 5, 0, 0, 0, 0, 0, 0, 0, 0, 0, 0, 0, 19, 3, 27
"/home/david/DVHS Robotics/bubonic-corona/venv/lib/python3.12/site-packages/PyInstaller/hooks/hook-matplotlib.numerix.py", "Python", 7, 0, 0, 0, 0, 0, 0, 0, 0, 0, 0, 0, 13, 2, 22
"/home/david/DVHS Robotics/bubonic-corona/venv/lib/python3.12/site-packages/PyInstaller/hooks/hook-matplotlib.py", "Python", 15, 0, 0, 0, 0, 0, 0, 0, 0, 0, 0, 0, 15, 9, 39
"/home/david/DVHS Robotics/bubonic-corona/venv/lib/python3.12/site-packages/PyInstaller/hooks/hook-matplotlib.pyplot.py", "Python", 1, 0, 0, 0, 0, 0, 0, 0, 0, 0, 0, 0, 10, 2, 13
"/home/david/DVHS Robotics/bubonic-corona/venv/lib/python3.12/site-packages/PyInstaller/hooks/hook-multiprocessing.util.py", "Python", 1, 0, 0, 0, 0, 0, 0, 0, 0, 0, 0, 0, 13, 3, 17
"/home/david/DVHS Robotics/bubonic-corona/venv/lib/python3.12/site-packages/PyInstaller/hooks/hook-numpy.py", "Python", 44, 0, 0, 0, 0, 0, 0, 0, 0, 0, 0, 0, 68, 18, 130
"/home/david/DVHS Robotics/bubonic-corona/venv/lib/python3.12/site-packages/PyInstaller/hooks/hook-pandas.io.clipboard.py", "Python", 1, 0, 0, 0, 0, 0, 0, 0, 0, 0, 0, 0, 17, 2, 20
"/home/david/DVHS Robotics/bubonic-corona/venv/lib/python3.12/site-packages/PyInstaller/hooks/hook-pandas.io.formats.style.py", "Python", 3, 0, 0, 0, 0, 0, 0, 0, 0, 0, 0, 0, 12, 4, 19
"/home/david/DVHS Robotics/bubonic-corona/venv/lib/python3.12/site-packages/PyInstaller/hooks/hook-pandas.plotting.py", "Python", 3, 0, 0, 0, 0, 0, 0, 0, 0, 0, 0, 0, 13, 3, 19
"/home/david/DVHS Robotics/bubonic-corona/venv/lib/python3.12/site-packages/PyInstaller/hooks/hook-pandas.py", "Python", 13, 0, 0, 0, 0, 0, 0, 0, 0, 0, 0, 0, 16, 8, 37
"/home/david/DVHS Robotics/bubonic-corona/venv/lib/python3.12/site-packages/PyInstaller/hooks/hook-pickle.py", "Python", 1, 0, 0, 0, 0, 0, 0, 0, 0, 0, 0, 0, 11, 2, 14
"/home/david/DVHS Robotics/bubonic-corona/venv/lib/python3.12/site-packages/PyInstaller/hooks/hook-pkg_resources.py", "Python", 29, 0, 0, 0, 0, 0, 0, 0, 0, 0, 0, 0, 32, 8, 69
"/home/david/DVHS Robotics/bubonic-corona/venv/lib/python3.12/site-packages/PyInstaller/hooks/hook-platform.py", "Python", 6, 0, 0, 0, 0, 0, 0, 0, 0, 0, 0, 0, 18, 4, 28
"/home/david/DVHS Robotics/bubonic-corona/venv/lib/python3.12/site-packages/PyInstaller/hooks/hook-pygments.py", "Python", 4, 0, 0, 0, 0, 0, 0, 0, 0, 0, 0, 0, 22, 4, 30
"/home/david/DVHS Robotics/bubonic-corona/venv/lib/python3.12/site-packages/PyInstaller/hooks/hook-pytz.py", "Python", 3, 0, 0, 0, 0, 0, 0, 0, 0, 0, 0, 0, 14, 4, 21
"/home/david/DVHS Robotics/bubonic-corona/venv/lib/python3.12/site-packages/PyInstaller/hooks/hook-pytzdata.py", "Python", 2, 0, 0, 0, 0, 0, 0, 0, 0, 0, 0, 0, 10, 3, 15
"/home/david/DVHS Robotics/bubonic-corona/venv/lib/python3.12/site-packages/PyInstaller/hooks/hook-qtawesome.py", "Python", 2, 0, 0, 0, 0, 0, 0, 0, 0, 0, 0, 0, 15, 3, 20
"/home/david/DVHS Robotics/bubonic-corona/venv/lib/python3.12/site-packages/PyInstaller/hooks/hook-qtpy.py", "Python", 5, 0, 0, 0, 0, 0, 0, 0, 0, 0, 0, 0, 18, 3, 26
"/home/david/DVHS Robotics/bubonic-corona/venv/lib/python3.12/site-packages/PyInstaller/hooks/hook-scapy.layers.all.py", "Python", 2, 0, 0, 0, 0, 0, 0, 0, 0, 0, 0, 0, 14, 4, 20
"/home/david/DVHS Robotics/bubonic-corona/venv/lib/python3.12/site-packages/PyInstaller/hooks/hook-scipy.io.matlab.py", "Python", 1, 0, 0, 0, 0, 0, 0, 0, 0, 0, 0, 0, 11, 2, 14
"/home/david/DVHS Robotics/bubonic-corona/venv/lib/python3.12/site-packages/PyInstaller/hooks/hook-scipy.linalg.py", "Python", 1, 0, 0, 0, 0, 0, 0, 0, 0, 0, 0, 0, 11, 2, 14
"/home/david/DVHS Robotics/bubonic-corona/venv/lib/python3.12/site-packages/PyInstaller/hooks/hook-scipy.py", "Python", 29, 0, 0, 0, 0, 0, 0, 0, 0, 0, 0, 0, 25, 11, 65
"/home/david/DVHS Robotics/bubonic-corona/venv/lib/python3.12/site-packages/PyInstaller/hooks/hook-scipy.sparse.csgraph.py", "Python", 1, 0, 0, 0, 0, 0, 0, 0, 0, 0, 0, 0, 11, 2, 14
"/home/david/DVHS Robotics/bubonic-corona/venv/lib/python3.12/site-packages/PyInstaller/hooks/hook-scipy.spatial._ckdtree.py", "Python", 3, 0, 0, 0, 0, 0, 0, 0, 0, 0, 0, 0, 11, 3, 17
"/home/david/DVHS Robotics/bubonic-corona/venv/lib/python3.12/site-packages/PyInstaller/hooks/hook-scipy.spatial.transform.rotation.py", "Python", 3, 0, 0, 0, 0, 0, 0, 0, 0, 0, 0, 0, 12, 3, 18
"/home/david/DVHS Robotics/bubonic-corona/venv/lib/python3.12/site-packages/PyInstaller/hooks/hook-scipy.special._ellip_harm_2.py", "Python", 1, 0, 0, 0, 0, 0, 0, 0, 0, 0, 0, 0, 28, 2, 31
"/home/david/DVHS Robotics/bubonic-corona/venv/lib/python3.12/site-packages/PyInstaller/hooks/hook-scipy.special._ufuncs.py", "Python", 6, 0, 0, 0, 0, 0, 0, 0, 0, 0, 0, 0, 15, 5, 26
"/home/david/DVHS Robotics/bubonic-corona/venv/lib/python3.12/site-packages/PyInstaller/hooks/hook-scipy.stats._stats.py", "Python", 3, 0, 0, 0, 0, 0, 0, 0, 0, 0, 0, 0, 10, 3, 16
"/home/david/DVHS Robotics/bubonic-corona/venv/lib/python3.12/site-packages/PyInstaller/hooks/hook-scrapy.py", "Python", 3, 0, 0, 0, 0, 0, 0, 0, 0, 0, 0, 0, 12, 4, 19
"/home/david/DVHS Robotics/bubonic-corona/venv/lib/python3.12/site-packages/PyInstaller/hooks/hook-setuptools._vendor.importlib_metadata.py", "Python", 4, 0, 0, 0, 0, 0, 0, 0, 0, 0, 0, 0, 14, 4, 22
"/home/david/DVHS Robotics/bubonic-corona/venv/lib/python3.12/site-packages/PyInstaller/hooks/hook-setuptools._vendor.jaraco.text.py", "Python", 4, 0, 0, 0, 0, 0, 0, 0, 0, 0, 0, 0, 12, 3, 19
"/home/david/DVHS Robotics/bubonic-corona/venv/lib/python3.12/site-packages/PyInstaller/hooks/hook-setuptools.py", "Python", 18, 0, 0, 0, 0, 0, 0, 0, 0, 0, 0, 0, 49, 9, 76
"/home/david/DVHS Robotics/bubonic-corona/venv/lib/python3.12/site-packages/PyInstaller/hooks/hook-shelve.py", "Python", 1, 0, 0, 0, 0, 0, 0, 0, 0, 0, 0, 0, 11, 3, 15
"/home/david/DVHS Robotics/bubonic-corona/venv/lib/python3.12/site-packages/PyInstaller/hooks/hook-shiboken6.py", "Python", 3, 0, 0, 0, 0, 0, 0, 0, 0, 0, 0, 0, 12, 3, 18
"/home/david/DVHS Robotics/bubonic-corona/venv/lib/python3.12/site-packages/PyInstaller/hooks/hook-sphinx.py", "Python", 12, 0, 0, 0, 0, 0, 0, 0, 0, 0, 0, 0, 24, 6, 42
"/home/david/DVHS Robotics/bubonic-corona/venv/lib/python3.12/site-packages/PyInstaller/hooks/hook-sqlalchemy.py", "Python", 41, 0, 0, 0, 0, 0, 0, 0, 0, 0, 0, 0, 28, 20, 89
"/home/david/DVHS Robotics/bubonic-corona/venv/lib/python3.12/site-packages/PyInstaller/hooks/hook-sqlite3.py", "Python", 5, 0, 0, 0, 0, 0, 0, 0, 0, 0, 0, 0, 11, 4, 20
"/home/david/DVHS Robotics/bubonic-corona/venv/lib/python3.12/site-packages/PyInstaller/hooks/hook-sysconfig.py", "Python", 8, 0, 0, 0, 0, 0, 0, 0, 0, 0, 0, 0, 19, 3, 30
"/home/david/DVHS Robotics/bubonic-corona/venv/lib/python3.12/site-packages/PyInstaller/hooks/hook-wcwidth.py", "Python", 2, 0, 0, 0, 0, 0, 0, 0, 0, 0, 0, 0, 10, 3, 15
"/home/david/DVHS Robotics/bubonic-corona/venv/lib/python3.12/site-packages/PyInstaller/hooks/hook-win32ctypes.core.py", "Python", 4, 0, 0, 0, 0, 0, 0, 0, 0, 0, 0, 0, 15, 4, 23
"/home/david/DVHS Robotics/bubonic-corona/venv/lib/python3.12/site-packages/PyInstaller/hooks/hook-xml.dom.domreg.py", "Python", 1, 0, 0, 0, 0, 0, 0, 0, 0, 0, 0, 0, 11, 2, 14
"/home/david/DVHS Robotics/bubonic-corona/venv/lib/python3.12/site-packages/PyInstaller/hooks/hook-xml.etree.cElementTree.py", "Python", 1, 0, 0, 0, 0, 0, 0, 0, 0, 0, 0, 0, 11, 2, 14
"/home/david/DVHS Robotics/bubonic-corona/venv/lib/python3.12/site-packages/PyInstaller/hooks/hook-xml.py", "Python", 1, 0, 0, 0, 0, 0, 0, 0, 0, 0, 0, 0, 10, 2, 13
"/home/david/DVHS Robotics/bubonic-corona/venv/lib/python3.12/site-packages/PyInstaller/hooks/hook-zope.interface.py", "Python", 1, 0, 0, 0, 0, 0, 0, 0, 0, 0, 0, 0, 10, 2, 13
"/home/david/DVHS Robotics/bubonic-corona/venv/lib/python3.12/site-packages/PyInstaller/hooks/pre_find_module_path/__init__.py", "Python", 0, 0, 0, 0, 0, 0, 0, 0, 0, 0, 0, 0, 1, 1, 2
"/home/david/DVHS Robotics/bubonic-corona/venv/lib/python3.12/site-packages/PyInstaller/hooks/pre_find_module_path/hook-PyQt5.uic.port_v2.py", "Python", 2, 0, 0, 0, 0, 0, 0, 0, 0, 0, 0, 0, 11, 3, 16
"/home/david/DVHS Robotics/bubonic-corona/venv/lib/python3.12/site-packages/PyInstaller/hooks/pre_find_module_path/hook-_pyi_rth_utils.py", "Python", 5, 0, 0, 0, 0, 0, 0, 0, 0, 0, 0, 0, 16, 5, 26
"/home/david/DVHS Robotics/bubonic-corona/venv/lib/python3.12/site-packages/PyInstaller/hooks/pre_find_module_path/hook-distutils.py", "Python", 13, 0, 0, 0, 0, 0, 0, 0, 0, 0, 0, 0, 27, 7, 47
"/home/david/DVHS Robotics/bubonic-corona/venv/lib/python3.12/site-packages/PyInstaller/hooks/pre_find_module_path/hook-pyi_splash.py", "Python", 13, 0, 0, 0, 0, 0, 0, 0, 0, 0, 0, 0, 18, 6, 37
"/home/david/DVHS Robotics/bubonic-corona/venv/lib/python3.12/site-packages/PyInstaller/hooks/pre_find_module_path/hook-tkinter.py", "Python", 7, 0, 0, 0, 0, 0, 0, 0, 0, 0, 0, 0, 10, 5, 22
"/home/david/DVHS Robotics/bubonic-corona/venv/lib/python3.12/site-packages/PyInstaller/hooks/pre_safe_import_module/__init__.py", "Python", 0, 0, 0, 0, 0, 0, 0, 0, 0, 0, 0, 0, 1, 1, 2
"/home/david/DVHS Robotics/bubonic-corona/venv/lib/python3.12/site-packages/PyInstaller/hooks/pre_safe_import_module/hook-autocommand.py", "Python", 1, 0, 0, 0, 0, 0, 0, 0, 0, 0, 0, 0, 13, 2, 16
"/home/david/DVHS Robotics/bubonic-corona/venv/lib/python3.12/site-packages/PyInstaller/hooks/pre_safe_import_module/hook-backports.py", "Python", 2, 0, 0, 0, 0, 0, 0, 0, 0, 0, 0, 0, 14, 2, 18
"/home/david/DVHS Robotics/bubonic-corona/venv/lib/python3.12/site-packages/PyInstaller/hooks/pre_safe_import_module/hook-backports.tarfile.py", "Python", 1, 0, 0, 0, 0, 0, 0, 0, 0, 0, 0, 0, 13, 2, 16
"/home/david/DVHS Robotics/bubonic-corona/venv/lib/python3.12/site-packages/PyInstaller/hooks/pre_safe_import_module/hook-distutils.py", "Python", 6, 0, 0, 0, 0, 0, 0, 0, 0, 0, 0, 0, 14, 4, 24
"/home/david/DVHS Robotics/bubonic-corona/venv/lib/python3.12/site-packages/PyInstaller/hooks/pre_safe_import_module/hook-gi.overrides.py", "Python", 10, 0, 0, 0, 0, 0, 0, 0, 0, 0, 0, 0, 12, 5, 27
"/home/david/DVHS Robotics/bubonic-corona/venv/lib/python3.12/site-packages/PyInstaller/hooks/pre_safe_import_module/hook-gi.py", "Python", 10, 0, 0, 0, 0, 0, 0, 0, 0, 0, 0, 0, 26, 5, 41
"/home/david/DVHS Robotics/bubonic-corona/venv/lib/python3.12/site-packages/PyInstaller/hooks/pre_safe_import_module/hook-gi.repository.Adw.py", "Python", 2, 0, 0, 0, 0, 0, 0, 0, 0, 0, 0, 0, 12, 3, 17
"/home/david/DVHS Robotics/bubonic-corona/venv/lib/python3.12/site-packages/PyInstaller/hooks/pre_safe_import_module/hook-gi.repository.AppIndicator3.py", "Python", 2, 0, 0, 0, 0, 0, 0, 0, 0, 0, 0, 0, 12, 3, 17
"/home/david/DVHS Robotics/bubonic-corona/venv/lib/python3.12/site-packages/PyInstaller/hooks/pre_safe_import_module/hook-gi.repository.Atk.py", "Python", 2, 0, 0, 0, 0, 0, 0, 0, 0, 0, 0, 0, 12, 3, 17
"/home/david/DVHS Robotics/bubonic-corona/venv/lib/python3.12/site-packages/PyInstaller/hooks/pre_safe_import_module/hook-gi.repository.AyatanaAppIndicator3.py", "Python", 2, 0, 0, 0, 0, 0, 0, 0, 0, 0, 0, 0, 12, 3, 17
"/home/david/DVHS Robotics/bubonic-corona/venv/lib/python3.12/site-packages/PyInstaller/hooks/pre_safe_import_module/hook-gi.repository.Champlain.py", "Python", 2, 0, 0, 0, 0, 0, 0, 0, 0, 0, 0, 0, 12, 3, 17
"/home/david/DVHS Robotics/bubonic-corona/venv/lib/python3.12/site-packages/PyInstaller/hooks/pre_safe_import_module/hook-gi.repository.Clutter.py", "Python", 2, 0, 0, 0, 0, 0, 0, 0, 0, 0, 0, 0, 12, 3, 17
"/home/david/DVHS Robotics/bubonic-corona/venv/lib/python3.12/site-packages/PyInstaller/hooks/pre_safe_import_module/hook-gi.repository.DBus.py", "Python", 2, 0, 0, 0, 0, 0, 0, 0, 0, 0, 0, 0, 12, 3, 17
"/home/david/DVHS Robotics/bubonic-corona/venv/lib/python3.12/site-packages/PyInstaller/hooks/pre_safe_import_module/hook-gi.repository.GIRepository.py", "Python", 2, 0, 0, 0, 0, 0, 0, 0, 0, 0, 0, 0, 12, 3, 17
"/home/david/DVHS Robotics/bubonic-corona/venv/lib/python3.12/site-packages/PyInstaller/hooks/pre_safe_import_module/hook-gi.repository.GLib.py", "Python", 2, 0, 0, 0, 0, 0, 0, 0, 0, 0, 0, 0, 12, 3, 17
"/home/david/DVHS Robotics/bubonic-corona/venv/lib/python3.12/site-packages/PyInstaller/hooks/pre_safe_import_module/hook-gi.repository.GLibUnix.py", "Python", 2, 0, 0, 0, 0, 0, 0, 0, 0, 0, 0, 0, 12, 3, 17
"/home/david/DVHS Robotics/bubonic-corona/venv/lib/python3.12/site-packages/PyInstaller/hooks/pre_safe_import_module/hook-gi.repository.GLibWin32.py", "Python", 2, 0, 0, 0, 0, 0, 0, 0, 0, 0, 0, 0, 12, 3, 17
"/home/david/DVHS Robotics/bubonic-corona/venv/lib/python3.12/site-packages/PyInstaller/hooks/pre_safe_import_module/hook-gi.repository.GModule.py", "Python", 2, 0, 0, 0, 0, 0, 0, 0, 0, 0, 0, 0, 12, 3, 17
"/home/david/DVHS Robotics/bubonic-corona/venv/lib/python3.12/site-packages/PyInstaller/hooks/pre_safe_import_module/hook-gi.repository.GObject.py", "Python", 2, 0, 0, 0, 0, 0, 0, 0, 0, 0, 0, 0, 12, 3, 17
"/home/david/DVHS Robotics/bubonic-corona/venv/lib/python3.12/site-packages/PyInstaller/hooks/pre_safe_import_module/hook-gi.repository.Gdk.py", "Python", 2, 0, 0, 0, 0, 0, 0, 0, 0, 0, 0, 0, 12, 3, 17
"/home/david/DVHS Robotics/bubonic-corona/venv/lib/python3.12/site-packages/PyInstaller/hooks/pre_safe_import_module/hook-gi.repository.GdkPixbuf.py", "Python", 2, 0, 0, 0, 0, 0, 0, 0, 0, 0, 0, 0, 12, 3, 17
"/home/david/DVHS Robotics/bubonic-corona/venv/lib/python3.12/site-packages/PyInstaller/hooks/pre_safe_import_module/hook-gi.repository.Gio.py", "Python", 2, 0, 0, 0, 0, 0, 0, 0, 0, 0, 0, 0, 12, 3, 17
"/home/david/DVHS Robotics/bubonic-corona/venv/lib/python3.12/site-packages/PyInstaller/hooks/pre_safe_import_module/hook-gi.repository.GioUnix.py", "Python", 2, 0, 0, 0, 0, 0, 0, 0, 0, 0, 0, 0, 12, 3, 17
"/home/david/DVHS Robotics/bubonic-corona/venv/lib/python3.12/site-packages/PyInstaller/hooks/pre_safe_import_module/hook-gi.repository.GioWin32.py", "Python", 2, 0, 0, 0, 0, 0, 0, 0, 0, 0, 0, 0, 12, 3, 17
"/home/david/DVHS Robotics/bubonic-corona/venv/lib/python3.12/site-packages/PyInstaller/hooks/pre_safe_import_module/hook-gi.repository.Graphene.py", "Python", 2, 0, 0, 0, 0, 0, 0, 0, 0, 0, 0, 0, 12, 3, 17
"/home/david/DVHS Robotics/bubonic-corona/venv/lib/python3.12/site-packages/PyInstaller/hooks/pre_safe_import_module/hook-gi.repository.Gsk.py", "Python", 2, 0, 0, 0, 0, 0, 0, 0, 0, 0, 0, 0, 12, 3, 17
"/home/david/DVHS Robotics/bubonic-corona/venv/lib/python3.12/site-packages/PyInstaller/hooks/pre_safe_import_module/hook-gi.repository.Gst.py", "Python", 2, 0, 0, 0, 0, 0, 0, 0, 0, 0, 0, 0, 12, 3, 17
"/home/david/DVHS Robotics/bubonic-corona/venv/lib/python3.12/site-packages/PyInstaller/hooks/pre_safe_import_module/hook-gi.repository.GstAllocators.py", "Python", 2, 0, 0, 0, 0, 0, 0, 0, 0, 0, 0, 0, 12, 3, 17
"/home/david/DVHS Robotics/bubonic-corona/venv/lib/python3.12/site-packages/PyInstaller/hooks/pre_safe_import_module/hook-gi.repository.GstApp.py", "Python", 2, 0, 0, 0, 0, 0, 0, 0, 0, 0, 0, 0, 12, 3, 17
"/home/david/DVHS Robotics/bubonic-corona/venv/lib/python3.12/site-packages/PyInstaller/hooks/pre_safe_import_module/hook-gi.repository.GstAudio.py", "Python", 2, 0, 0, 0, 0, 0, 0, 0, 0, 0, 0, 0, 12, 3, 17
"/home/david/DVHS Robotics/bubonic-corona/venv/lib/python3.12/site-packages/PyInstaller/hooks/pre_safe_import_module/hook-gi.repository.GstBadAudio.py", "Python", 2, 0, 0, 0, 0, 0, 0, 0, 0, 0, 0, 0, 12, 3, 17
"/home/david/DVHS Robotics/bubonic-corona/venv/lib/python3.12/site-packages/PyInstaller/hooks/pre_safe_import_module/hook-gi.repository.GstBase.py", "Python", 2, 0, 0, 0, 0, 0, 0, 0, 0, 0, 0, 0, 12, 3, 17
"/home/david/DVHS Robotics/bubonic-corona/venv/lib/python3.12/site-packages/PyInstaller/hooks/pre_safe_import_module/hook-gi.repository.GstCheck.py", "Python", 2, 0, 0, 0, 0, 0, 0, 0, 0, 0, 0, 0, 12, 3, 17
"/home/david/DVHS Robotics/bubonic-corona/venv/lib/python3.12/site-packages/PyInstaller/hooks/pre_safe_import_module/hook-gi.repository.GstCodecs.py", "Python", 2, 0, 0, 0, 0, 0, 0, 0, 0, 0, 0, 0, 12, 3, 17
"/home/david/DVHS Robotics/bubonic-corona/venv/lib/python3.12/site-packages/PyInstaller/hooks/pre_safe_import_module/hook-gi.repository.GstController.py", "Python", 2, 0, 0, 0, 0, 0, 0, 0, 0, 0, 0, 0, 12, 3, 17
"/home/david/DVHS Robotics/bubonic-corona/venv/lib/python3.12/site-packages/PyInstaller/hooks/pre_safe_import_module/hook-gi.repository.GstGL.py", "Python", 2, 0, 0, 0, 0, 0, 0, 0, 0, 0, 0, 0, 12, 3, 17
"/home/david/DVHS Robotics/bubonic-corona/venv/lib/python3.12/site-packages/PyInstaller/hooks/pre_safe_import_module/hook-gi.repository.GstGLEGL.py", "Python", 2, 0, 0, 0, 0, 0, 0, 0, 0, 0, 0, 0, 12, 3, 17
"/home/david/DVHS Robotics/bubonic-corona/venv/lib/python3.12/site-packages/PyInstaller/hooks/pre_safe_import_module/hook-gi.repository.GstGLWayland.py", "Python", 2, 0, 0, 0, 0, 0, 0, 0, 0, 0, 0, 0, 12, 3, 17
"/home/david/DVHS Robotics/bubonic-corona/venv/lib/python3.12/site-packages/PyInstaller/hooks/pre_safe_import_module/hook-gi.repository.GstGLX11.py", "Python", 2, 0, 0, 0, 0, 0, 0, 0, 0, 0, 0, 0, 12, 3, 17
"/home/david/DVHS Robotics/bubonic-corona/venv/lib/python3.12/site-packages/PyInstaller/hooks/pre_safe_import_module/hook-gi.repository.GstInsertBin.py", "Python", 2, 0, 0, 0, 0, 0, 0, 0, 0, 0, 0, 0, 12, 3, 17
"/home/david/DVHS Robotics/bubonic-corona/venv/lib/python3.12/site-packages/PyInstaller/hooks/pre_safe_import_module/hook-gi.repository.GstMpegts.py", "Python", 2, 0, 0, 0, 0, 0, 0, 0, 0, 0, 0, 0, 12, 3, 17
"/home/david/DVHS Robotics/bubonic-corona/venv/lib/python3.12/site-packages/PyInstaller/hooks/pre_safe_import_module/hook-gi.repository.GstNet.py", "Python", 2, 0, 0, 0, 0, 0, 0, 0, 0, 0, 0, 0, 12, 3, 17
"/home/david/DVHS Robotics/bubonic-corona/venv/lib/python3.12/site-packages/PyInstaller/hooks/pre_safe_import_module/hook-gi.repository.GstPbutils.py", "Python", 2, 0, 0, 0, 0, 0, 0, 0, 0, 0, 0, 0, 12, 3, 17
"/home/david/DVHS Robotics/bubonic-corona/venv/lib/python3.12/site-packages/PyInstaller/hooks/pre_safe_import_module/hook-gi.repository.GstPlay.py", "Python", 2, 0, 0, 0, 0, 0, 0, 0, 0, 0, 0, 0, 12, 3, 17
"/home/david/DVHS Robotics/bubonic-corona/venv/lib/python3.12/site-packages/PyInstaller/hooks/pre_safe_import_module/hook-gi.repository.GstPlayer.py", "Python", 2, 0, 0, 0, 0, 0, 0, 0, 0, 0, 0, 0, 12, 3, 17
"/home/david/DVHS Robotics/bubonic-corona/venv/lib/python3.12/site-packages/PyInstaller/hooks/pre_safe_import_module/hook-gi.repository.GstRtp.py", "Python", 2, 0, 0, 0, 0, 0, 0, 0, 0, 0, 0, 0, 12, 3, 17
"/home/david/DVHS Robotics/bubonic-corona/venv/lib/python3.12/site-packages/PyInstaller/hooks/pre_safe_import_module/hook-gi.repository.GstRtsp.py", "Python", 2, 0, 0, 0, 0, 0, 0, 0, 0, 0, 0, 0, 12, 3, 17
"/home/david/DVHS Robotics/bubonic-corona/venv/lib/python3.12/site-packages/PyInstaller/hooks/pre_safe_import_module/hook-gi.repository.GstRtspServer.py", "Python", 2, 0, 0, 0, 0, 0, 0, 0, 0, 0, 0, 0, 12, 3, 17
"/home/david/DVHS Robotics/bubonic-corona/venv/lib/python3.12/site-packages/PyInstaller/hooks/pre_safe_import_module/hook-gi.repository.GstSdp.py", "Python", 2, 0, 0, 0, 0, 0, 0, 0, 0, 0, 0, 0, 12, 3, 17
"/home/david/DVHS Robotics/bubonic-corona/venv/lib/python3.12/site-packages/PyInstaller/hooks/pre_safe_import_module/hook-gi.repository.GstTag.py", "Python", 2, 0, 0, 0, 0, 0, 0, 0, 0, 0, 0, 0, 12, 3, 17
"/home/david/DVHS Robotics/bubonic-corona/venv/lib/python3.12/site-packages/PyInstaller/hooks/pre_safe_import_module/hook-gi.repository.GstTranscoder.py", "Python", 2, 0, 0, 0, 0, 0, 0, 0, 0, 0, 0, 0, 12, 3, 17
"/home/david/DVHS Robotics/bubonic-corona/venv/lib/python3.12/site-packages/PyInstaller/hooks/pre_safe_import_module/hook-gi.repository.GstVideo.py", "Python", 2, 0, 0, 0, 0, 0, 0, 0, 0, 0, 0, 0, 12, 3, 17
"/home/david/DVHS Robotics/bubonic-corona/venv/lib/python3.12/site-packages/PyInstaller/hooks/pre_safe_import_module/hook-gi.repository.GstVulkan.py", "Python", 2, 0, 0, 0, 0, 0, 0, 0, 0, 0, 0, 0, 12, 3, 17
"/home/david/DVHS Robotics/bubonic-corona/venv/lib/python3.12/site-packages/PyInstaller/hooks/pre_safe_import_module/hook-gi.repository.GstVulkanWayland.py", "Python", 2, 0, 0, 0, 0, 0, 0, 0, 0, 0, 0, 0, 12, 3, 17
"/home/david/DVHS Robotics/bubonic-corona/venv/lib/python3.12/site-packages/PyInstaller/hooks/pre_safe_import_module/hook-gi.repository.GstVulkanXCB.py", "Python", 2, 0, 0, 0, 0, 0, 0, 0, 0, 0, 0, 0, 12, 3, 17
"/home/david/DVHS Robotics/bubonic-corona/venv/lib/python3.12/site-packages/PyInstaller/hooks/pre_safe_import_module/hook-gi.repository.GstWebRTC.py", "Python", 2, 0, 0, 0, 0, 0, 0, 0, 0, 0, 0, 0, 12, 3, 17
"/home/david/DVHS Robotics/bubonic-corona/venv/lib/python3.12/site-packages/PyInstaller/hooks/pre_safe_import_module/hook-gi.repository.Gtk.py", "Python", 2, 0, 0, 0, 0, 0, 0, 0, 0, 0, 0, 0, 12, 3, 17
"/home/david/DVHS Robotics/bubonic-corona/venv/lib/python3.12/site-packages/PyInstaller/hooks/pre_safe_import_module/hook-gi.repository.GtkChamplain.py", "Python", 2, 0, 0, 0, 0, 0, 0, 0, 0, 0, 0, 0, 12, 3, 17
"/home/david/DVHS Robotics/bubonic-corona/venv/lib/python3.12/site-packages/PyInstaller/hooks/pre_safe_import_module/hook-gi.repository.GtkClutter.py", "Python", 2, 0, 0, 0, 0, 0, 0, 0, 0, 0, 0, 0, 12, 3, 17
"/home/david/DVHS Robotics/bubonic-corona/venv/lib/python3.12/site-packages/PyInstaller/hooks/pre_safe_import_module/hook-gi.repository.GtkSource.py", "Python", 2, 0, 0, 0, 0, 0, 0, 0, 0, 0, 0, 0, 12, 3, 17
"/home/david/DVHS Robotics/bubonic-corona/venv/lib/python3.12/site-packages/PyInstaller/hooks/pre_safe_import_module/hook-gi.repository.GtkosxApplication.py", "Python", 2, 0, 0, 0, 0, 0, 0, 0, 0, 0, 0, 0, 12, 3, 17
"/home/david/DVHS Robotics/bubonic-corona/venv/lib/python3.12/site-packages/PyInstaller/hooks/pre_safe_import_module/hook-gi.repository.HarfBuzz.py", "Python", 2, 0, 0, 0, 0, 0, 0, 0, 0, 0, 0, 0, 12, 3, 17
"/home/david/DVHS Robotics/bubonic-corona/venv/lib/python3.12/site-packages/PyInstaller/hooks/pre_safe_import_module/hook-gi.repository.OsmGpsMap.py", "Python", 2, 0, 0, 0, 0, 0, 0, 0, 0, 0, 0, 0, 12, 3, 17
"/home/david/DVHS Robotics/bubonic-corona/venv/lib/python3.12/site-packages/PyInstaller/hooks/pre_safe_import_module/hook-gi.repository.Pango.py", "Python", 2, 0, 0, 0, 0, 0, 0, 0, 0, 0, 0, 0, 12, 3, 17
"/home/david/DVHS Robotics/bubonic-corona/venv/lib/python3.12/site-packages/PyInstaller/hooks/pre_safe_import_module/hook-gi.repository.PangoCairo.py", "Python", 2, 0, 0, 0, 0, 0, 0, 0, 0, 0, 0, 0, 12, 3, 17
"/home/david/DVHS Robotics/bubonic-corona/venv/lib/python3.12/site-packages/PyInstaller/hooks/pre_safe_import_module/hook-gi.repository.Rsvg.py", "Python", 2, 0, 0, 0, 0, 0, 0, 0, 0, 0, 0, 0, 12, 3, 17
"/home/david/DVHS Robotics/bubonic-corona/venv/lib/python3.12/site-packages/PyInstaller/hooks/pre_safe_import_module/hook-gi.repository.cairo.py", "Python", 2, 0, 0, 0, 0, 0, 0, 0, 0, 0, 0, 0, 12, 3, 17
"/home/david/DVHS Robotics/bubonic-corona/venv/lib/python3.12/site-packages/PyInstaller/hooks/pre_safe_import_module/hook-gi.repository.freetype2.py", "Python", 2, 0, 0, 0, 0, 0, 0, 0, 0, 0, 0, 0, 12, 3, 17
"/home/david/DVHS Robotics/bubonic-corona/venv/lib/python3.12/site-packages/PyInstaller/hooks/pre_safe_import_module/hook-gi.repository.xlib.py", "Python", 2, 0, 0, 0, 0, 0, 0, 0, 0, 0, 0, 0, 12, 3, 17
"/home/david/DVHS Robotics/bubonic-corona/venv/lib/python3.12/site-packages/PyInstaller/hooks/pre_safe_import_module/hook-importlib_metadata.py", "Python", 1, 0, 0, 0, 0, 0, 0, 0, 0, 0, 0, 0, 13, 2, 16
"/home/david/DVHS Robotics/bubonic-corona/venv/lib/python3.12/site-packages/PyInstaller/hooks/pre_safe_import_module/hook-importlib_resources.py", "Python", 1, 0, 0, 0, 0, 0, 0, 0, 0, 0, 0, 0, 13, 2, 16
"/home/david/DVHS Robotics/bubonic-corona/venv/lib/python3.12/site-packages/PyInstaller/hooks/pre_safe_import_module/hook-inflect.py", "Python", 1, 0, 0, 0, 0, 0, 0, 0, 0, 0, 0, 0, 13, 2, 16
"/home/david/DVHS Robotics/bubonic-corona/venv/lib/python3.12/site-packages/PyInstaller/hooks/pre_safe_import_module/hook-jaraco.context.py", "Python", 1, 0, 0, 0, 0, 0, 0, 0, 0, 0, 0, 0, 13, 2, 16
"/home/david/DVHS Robotics/bubonic-corona/venv/lib/python3.12/site-packages/PyInstaller/hooks/pre_safe_import_module/hook-jaraco.functools.py", "Python", 1, 0, 0, 0, 0, 0, 0, 0, 0, 0, 0, 0, 13, 2, 16
"/home/david/DVHS Robotics/bubonic-corona/venv/lib/python3.12/site-packages/PyInstaller/hooks/pre_safe_import_module/hook-jaraco.py", "Python", 2, 0, 0, 0, 0, 0, 0, 0, 0, 0, 0, 0, 14, 2, 18
"/home/david/DVHS Robotics/bubonic-corona/venv/lib/python3.12/site-packages/PyInstaller/hooks/pre_safe_import_module/hook-jaraco.text.py", "Python", 1, 0, 0, 0, 0, 0, 0, 0, 0, 0, 0, 0, 13, 2, 16
"/home/david/DVHS Robotics/bubonic-corona/venv/lib/python3.12/site-packages/PyInstaller/hooks/pre_safe_import_module/hook-more_itertools.py", "Python", 1, 0, 0, 0, 0, 0, 0, 0, 0, 0, 0, 0, 13, 2, 16
"/home/david/DVHS Robotics/bubonic-corona/venv/lib/python3.12/site-packages/PyInstaller/hooks/pre_safe_import_module/hook-ordered_set.py", "Python", 1, 0, 0, 0, 0, 0, 0, 0, 0, 0, 0, 0, 13, 2, 16
"/home/david/DVHS Robotics/bubonic-corona/venv/lib/python3.12/site-packages/PyInstaller/hooks/pre_safe_import_module/hook-packaging.py", "Python", 1, 0, 0, 0, 0, 0, 0, 0, 0, 0, 0, 0, 13, 2, 16
"/home/david/DVHS Robotics/bubonic-corona/venv/lib/python3.12/site-packages/PyInstaller/hooks/pre_safe_import_module/hook-platformdirs.py", "Python", 1, 0, 0, 0, 0, 0, 0, 0, 0, 0, 0, 0, 13, 2, 16
"/home/david/DVHS Robotics/bubonic-corona/venv/lib/python3.12/site-packages/PyInstaller/hooks/pre_safe_import_module/hook-setuptools.extern.six.moves.py", "Python", 19, 0, 0, 0, 0, 0, 0, 0, 0, 0, 0, 0, 13, 8, 40
"/home/david/DVHS Robotics/bubonic-corona/venv/lib/python3.12/site-packages/PyInstaller/hooks/pre_safe_import_module/hook-six.moves.py", "Python", 16, 0, 0, 0, 0, 0, 0, 0, 0, 0, 0, 0, 41, 6, 63
"/home/david/DVHS Robotics/bubonic-corona/venv/lib/python3.12/site-packages/PyInstaller/hooks/pre_safe_import_module/hook-tomli.py", "Python", 1, 0, 0, 0, 0, 0, 0, 0, 0, 0, 0, 0, 13, 2, 16
"/home/david/DVHS Robotics/bubonic-corona/venv/lib/python3.12/site-packages/PyInstaller/hooks/pre_safe_import_module/hook-typeguard.py", "Python", 1, 0, 0, 0, 0, 0, 0, 0, 0, 0, 0, 0, 13, 2, 16
"/home/david/DVHS Robotics/bubonic-corona/venv/lib/python3.12/site-packages/PyInstaller/hooks/pre_safe_import_module/hook-typing_extensions.py", "Python", 1, 0, 0, 0, 0, 0, 0, 0, 0, 0, 0, 0, 13, 2, 16
"/home/david/DVHS Robotics/bubonic-corona/venv/lib/python3.12/site-packages/PyInstaller/hooks/pre_safe_import_module/hook-urllib3.packages.six.moves.py", "Python", 16, 0, 0, 0, 0, 0, 0, 0, 0, 0, 0, 0, 12, 7, 35
"/home/david/DVHS Robotics/bubonic-corona/venv/lib/python3.12/site-packages/PyInstaller/hooks/pre_safe_import_module/hook-wheel.py", "Python", 1, 0, 0, 0, 0, 0, 0, 0, 0, 0, 0, 0, 13, 2, 16
"/home/david/DVHS Robotics/bubonic-corona/venv/lib/python3.12/site-packages/PyInstaller/hooks/pre_safe_import_module/hook-zipp.py", "Python", 1, 0, 0, 0, 0, 0, 0, 0, 0, 0, 0, 0, 13, 2, 16
"/home/david/DVHS Robotics/bubonic-corona/venv/lib/python3.12/site-packages/PyInstaller/hooks/rthooks/__init__.py", "Python", 0, 0, 0, 0, 0, 0, 0, 0, 0, 0, 0, 0, 1, 1, 2
"/home/david/DVHS Robotics/bubonic-corona/venv/lib/python3.12/site-packages/PyInstaller/hooks/rthooks/pyi_rth__tkinter.py", "Python", 16, 0, 0, 0, 0, 0, 0, 0, 0, 0, 0, 0, 13, 9, 38
"/home/david/DVHS Robotics/bubonic-corona/venv/lib/python3.12/site-packages/PyInstaller/hooks/rthooks/pyi_rth_django.py", "Python", 13, 0, 0, 0, 0, 0, 0, 0, 0, 0, 0, 0, 13, 9, 35
"/home/david/DVHS Robotics/bubonic-corona/venv/lib/python3.12/site-packages/PyInstaller/hooks/rthooks/pyi_rth_gdkpixbuf.py", "Python", 20, 0, 0, 0, 0, 0, 0, 0, 0, 0, 0, 0, 12, 10, 42
"/home/david/DVHS Robotics/bubonic-corona/venv/lib/python3.12/site-packages/PyInstaller/hooks/rthooks/pyi_rth_gi.py", "Python", 6, 0, 0, 0, 0, 0, 0, 0, 0, 0, 0, 0, 10, 6, 22
"/home/david/DVHS Robotics/bubonic-corona/venv/lib/python3.12/site-packages/PyInstaller/hooks/rthooks/pyi_rth_gio.py", "Python", 6, 0, 0, 0, 0, 0, 0, 0, 0, 0, 0, 0, 10, 6, 22
"/home/david/DVHS Robotics/bubonic-corona/venv/lib/python3.12/site-packages/PyInstaller/hooks/rthooks/pyi_rth_glib.py", "Python", 15, 0, 0, 0, 0, 0, 0, 0, 0, 0, 0, 0, 15, 8, 38
"/home/david/DVHS Robotics/bubonic-corona/venv/lib/python3.12/site-packages/PyInstaller/hooks/rthooks/pyi_rth_gstreamer.py", "Python", 10, 0, 0, 0, 0, 0, 0, 0, 0, 0, 0, 0, 14, 9, 33
"/home/david/DVHS Robotics/bubonic-corona/venv/lib/python3.12/site-packages/PyInstaller/hooks/rthooks/pyi_rth_gtk.py", "Python", 10, 0, 0, 0, 0, 0, 0, 0, 0, 0, 0, 0, 11, 7, 28
"/home/david/DVHS Robotics/bubonic-corona/venv/lib/python3.12/site-packages/PyInstaller/hooks/rthooks/pyi_rth_inspect.py", "Python", 32, 0, 0, 0, 0, 0, 0, 0, 0, 0, 0, 0, 54, 14, 100
"/home/david/DVHS Robotics/bubonic-corona/venv/lib/python3.12/site-packages/PyInstaller/hooks/rthooks/pyi_rth_kivy.py", "Python", 8, 0, 0, 0, 0, 0, 0, 0, 0, 0, 0, 0, 10, 7, 25
"/home/david/DVHS Robotics/bubonic-corona/venv/lib/python3.12/site-packages/PyInstaller/hooks/rthooks/pyi_rth_mplconfig.py", "Python", 13, 0, 0, 0, 0, 0, 0, 0, 0, 0, 0, 0, 25, 9, 47
"/home/david/DVHS Robotics/bubonic-corona/venv/lib/python3.12/site-packages/PyInstaller/hooks/rthooks/pyi_rth_multiprocessing.py", "Python", 40, 0, 0, 0, 0, 0, 0, 0, 0, 0, 0, 0, 32, 17, 89
"/home/david/DVHS Robotics/bubonic-corona/venv/lib/python3.12/site-packages/PyInstaller/hooks/rthooks/pyi_rth_pkgres.py", "Python", 79, 0, 0, 0, 0, 0, 0, 0, 0, 0, 0, 0, 72, 28, 179
"/home/david/DVHS Robotics/bubonic-corona/venv/lib/python3.12/site-packages/PyInstaller/hooks/rthooks/pyi_rth_pkgutil.py", "Python", 26, 0, 0, 0, 0, 0, 0, 0, 0, 0, 0, 0, 29, 10, 65
"/home/david/DVHS Robotics/bubonic-corona/venv/lib/python3.12/site-packages/PyInstaller/hooks/rthooks/pyi_rth_pyqt5.py", "Python", 25, 0, 0, 0, 0, 0, 0, 0, 0, 0, 0, 0, 31, 13, 69
"/home/david/DVHS Robotics/bubonic-corona/venv/lib/python3.12/site-packages/PyInstaller/hooks/rthooks/pyi_rth_pyqt6.py", "Python", 27, 0, 0, 0, 0, 0, 0, 0, 0, 0, 0, 0, 30, 14, 71
"/home/david/DVHS Robotics/bubonic-corona/venv/lib/python3.12/site-packages/PyInstaller/hooks/rthooks/pyi_rth_pyside2.py", "Python", 26, 0, 0, 0, 0, 0, 0, 0, 0, 0, 0, 0, 25, 13, 64
"/home/david/DVHS Robotics/bubonic-corona/venv/lib/python3.12/site-packages/PyInstaller/hooks/rthooks/pyi_rth_pyside6.py", "Python", 28, 0, 0, 0, 0, 0, 0, 0, 0, 0, 0, 0, 28, 14, 70
"/home/david/DVHS Robotics/bubonic-corona/venv/lib/python3.12/site-packages/PyInstaller/hooks/rthooks/pyi_rth_setuptools.py", "Python", 15, 0, 0, 0, 0, 0, 0, 0, 0, 0, 0, 0, 14, 9, 38
"/home/david/DVHS Robotics/bubonic-corona/venv/lib/python3.12/site-packages/PyInstaller/isolated/__init__.py", "Python", 1, 0, 0, 0, 0, 0, 0, 0, 0, 0, 0, 0, 29, 2, 32
"/home/david/DVHS Robotics/bubonic-corona/venv/lib/python3.12/site-packages/PyInstaller/isolated/_child.py", "Python", 45, 0, 0, 0, 0, 0, 0, 0, 0, 0, 0, 0, 38, 19, 102
"/home/david/DVHS Robotics/bubonic-corona/venv/lib/python3.12/site-packages/PyInstaller/isolated/_parent.py", "Python", 224, 0, 0, 0, 0, 0, 0, 0, 0, 0, 0, 0, 136, 78, 438
"/home/david/DVHS Robotics/bubonic-corona/venv/lib/python3.12/site-packages/PyInstaller/lib/README.rst", "reStructuredText", 0, 0, 0, 0, 0, 0, 0, 30, 0, 0, 0, 0, 0, 20, 50
"/home/david/DVHS Robotics/bubonic-corona/venv/lib/python3.12/site-packages/PyInstaller/lib/__init__.py", "Python", 0, 0, 0, 0, 0, 0, 0, 0, 0, 0, 0, 0, 1, 1, 2
"/home/david/DVHS Robotics/bubonic-corona/venv/lib/python3.12/site-packages/PyInstaller/lib/modulegraph/__init__.py", "Python", 1, 0, 0, 0, 0, 0, 0, 0, 0, 0, 0, 0, 0, 1, 2
"/home/david/DVHS Robotics/bubonic-corona/venv/lib/python3.12/site-packages/PyInstaller/lib/modulegraph/__main__.py", "Python", 73, 0, 0, 0, 0, 0, 0, 0, 0, 0, 0, 0, 2, 15, 90
"/home/david/DVHS Robotics/bubonic-corona/venv/lib/python3.12/site-packages/PyInstaller/lib/modulegraph/find_modules.py", "Python", 33, 0, 0, 0, 0, 0, 0, 0, 0, 0, 0, 0, 18, 11, 62
"/home/david/DVHS Robotics/bubonic-corona/venv/lib/python3.12/site-packages/PyInstaller/lib/modulegraph/modulegraph.py", "Python", 1247, 0, 0, 0, 0, 0, 0, 0, 0, 0, 0, 0, 1473, 388, 3108
"/home/david/DVHS Robotics/bubonic-corona/venv/lib/python3.12/site-packages/PyInstaller/lib/modulegraph/util.py", "Python", 8, 0, 0, 0, 0, 0, 0, 0, 0, 0, 0, 0, 9, 5, 22
"/home/david/DVHS Robotics/bubonic-corona/venv/lib/python3.12/site-packages/PyInstaller/loader/__init__.py", "Python", 0, 0, 0, 0, 0, 0, 0, 0, 0, 0, 0, 0, 1, 1, 2
"/home/david/DVHS Robotics/bubonic-corona/venv/lib/python3.12/site-packages/PyInstaller/loader/pyiboot01_bootstrap.py", "Python", 35, 0, 0, 0, 0, 0, 0, 0, 0, 0, 0, 0, 42, 19, 96
"/home/david/DVHS Robotics/bubonic-corona/venv/lib/python3.12/site-packages/PyInstaller/loader/pyimod01_archive.py", "Python", 66, 0, 0, 0, 0, 0, 0, 0, 0, 0, 0, 0, 47, 28, 141
"/home/david/DVHS Robotics/bubonic-corona/venv/lib/python3.12/site-packages/PyInstaller/loader/pyimod02_importers.py", "Python", 331, 0, 0, 0, 0, 0, 0, 0, 0, 0, 0, 0, 325, 126, 782
"/home/david/DVHS Robotics/bubonic-corona/venv/lib/python3.12/site-packages/PyInstaller/loader/pyimod03_ctypes.py", "Python", 82, 0, 0, 0, 0, 0, 0, 0, 0, 0, 0, 0, 28, 22, 132
"/home/david/DVHS Robotics/bubonic-corona/venv/lib/python3.12/site-packages/PyInstaller/loader/pyimod04_pywin32.py", "Python", 18, 0, 0, 0, 0, 0, 0, 0, 0, 0, 0, 0, 30, 9, 57
"/home/david/DVHS Robotics/bubonic-corona/venv/lib/python3.12/site-packages/PyInstaller/log.py", "Python", 43, 0, 0, 0, 0, 0, 0, 0, 0, 0, 0, 0, 13, 9, 65
"/home/david/DVHS Robotics/bubonic-corona/venv/lib/python3.12/site-packages/PyInstaller/utils/__init__.py", "Python", 0, 0, 0, 0, 0, 0, 0, 0, 0, 0, 0, 0, 1, 1, 2
"/home/david/DVHS Robotics/bubonic-corona/venv/lib/python3.12/site-packages/PyInstaller/utils/cliutils/__init__.py", "Python", 0, 0, 0, 0, 0, 0, 0, 0, 0, 0, 0, 0, 1, 1, 2
"/home/david/DVHS Robotics/bubonic-corona/venv/lib/python3.12/site-packages/PyInstaller/utils/cliutils/archive_viewer.py", "Python", 200, 0, 0, 0, 0, 0, 0, 0, 0, 0, 0, 0, 31, 41, 272
"/home/david/DVHS Robotics/bubonic-corona/venv/lib/python3.12/site-packages/PyInstaller/utils/cliutils/bindepend.py", "Python", 33, 0, 0, 0, 0, 0, 0, 0, 0, 0, 0, 0, 14, 12, 59
"/home/david/DVHS Robotics/bubonic-corona/venv/lib/python3.12/site-packages/PyInstaller/utils/cliutils/grab_version.py", "Python", 40, 0, 0, 0, 0, 0, 0, 0, 0, 0, 0, 0, 10, 10, 60
"/home/david/DVHS Robotics/bubonic-corona/venv/lib/python3.12/site-packages/PyInstaller/utils/cliutils/makespec.py", "Python", 35, 0, 0, 0, 0, 0, 0, 0, 0, 0, 0, 0, 14, 13, 62
"/home/david/DVHS Robotics/bubonic-corona/venv/lib/python3.12/site-packages/PyInstaller/utils/cliutils/set_version.py", "Python", 32, 0, 0, 0, 0, 0, 0, 0, 0, 0, 0, 0, 10, 10, 52
"/home/david/DVHS Robotics/bubonic-corona/venv/lib/python3.12/site-packages/PyInstaller/utils/conftest.py", "Python", 296, 0, 0, 0, 0, 0, 0, 0, 0, 0, 0, 0, 206, 79, 581
"/home/david/DVHS Robotics/bubonic-corona/venv/lib/python3.12/site-packages/PyInstaller/utils/hooks/__init__.py", "Python", 474, 0, 0, 0, 0, 0, 0, 0, 0, 0, 0, 0, 729, 146, 1349
"/home/david/DVHS Robotics/bubonic-corona/venv/lib/python3.12/site-packages/PyInstaller/utils/hooks/conda.py", "Python", 146, 0, 0, 0, 0, 0, 0, 0, 0, 0, 0, 0, 203, 53, 402
"/home/david/DVHS Robotics/bubonic-corona/venv/lib/python3.12/site-packages/PyInstaller/utils/hooks/django.py", "Python", 77, 0, 0, 0, 0, 0, 0, 0, 0, 0, 0, 0, 50, 26, 153
"/home/david/DVHS Robotics/bubonic-corona/venv/lib/python3.12/site-packages/PyInstaller/utils/hooks/gi.py", "Python", 264, 0, 0, 0, 0, 0, 0, 0, 0, 0, 0, 0, 112, 82, 458
"/home/david/DVHS Robotics/bubonic-corona/venv/lib/python3.12/site-packages/PyInstaller/utils/hooks/qt/__init__.py", "Python", 703, 0, 0, 0, 0, 0, 0, 0, 0, 0, 0, 0, 530, 195, 1428
"/home/david/DVHS Robotics/bubonic-corona/venv/lib/python3.12/site-packages/PyInstaller/utils/hooks/qt/_modules_info.py", "Python", 182, 0, 0, 0, 0, 0, 0, 0, 0, 0, 0, 0, 223, 46, 451
"/home/david/DVHS Robotics/bubonic-corona/venv/lib/python3.12/site-packages/PyInstaller/utils/hooks/setuptools.py", "Python", 202, 0, 0, 0, 0, 0, 0, 0, 0, 0, 0, 0, 86, 49, 337
"/home/david/DVHS Robotics/bubonic-corona/venv/lib/python3.12/site-packages/PyInstaller/utils/hooks/tcl_tk.py", "Python", 193, 0, 0, 0, 0, 0, 0, 0, 0, 0, 0, 0, 111, 53, 357
"/home/david/DVHS Robotics/bubonic-corona/venv/lib/python3.12/site-packages/PyInstaller/utils/misc.py", "Python", 111, 0, 0, 0, 0, 0, 0, 0, 0, 0, 0, 0, 78, 41, 230
"/home/david/DVHS Robotics/bubonic-corona/venv/lib/python3.12/site-packages/PyInstaller/utils/osx.py", "Python", 379, 0, 0, 0, 0, 0, 0, 0, 0, 0, 0, 0, 260, 119, 758
"/home/david/DVHS Robotics/bubonic-corona/venv/lib/python3.12/site-packages/PyInstaller/utils/run_tests.py", "Python", 32, 0, 0, 0, 0, 0, 0, 0, 0, 0, 0, 0, 28, 11, 71
"/home/david/DVHS Robotics/bubonic-corona/venv/lib/python3.12/site-packages/PyInstaller/utils/tests.py", "Python", 37, 0, 0, 0, 0, 0, 0, 0, 0, 0, 0, 0, 59, 17, 113
"/home/david/DVHS Robotics/bubonic-corona/venv/lib/python3.12/site-packages/PyInstaller/utils/win32/__init__.py", "Python", 1, 0, 0, 0, 0, 0, 0, 0, 0, 0, 0, 0, 0, 1, 2
"/home/david/DVHS Robotics/bubonic-corona/venv/lib/python3.12/site-packages/PyInstaller/utils/win32/icon.py", "Python", 151, 0, 0, 0, 0, 0, 0, 0, 0, 0, 0, 0, 57, 44, 252
"/home/david/DVHS Robotics/bubonic-corona/venv/lib/python3.12/site-packages/PyInstaller/utils/win32/versioninfo.py", "Python", 395, 0, 0, 0, 0, 0, 0, 0, 0, 0, 0, 0, 129, 81, 605
"/home/david/DVHS Robotics/bubonic-corona/venv/lib/python3.12/site-packages/PyInstaller/utils/win32/winmanifest.py", "Python", 72, 0, 0, 0, 0, 0, 0, 0, 0, 0, 0, 0, 151, 22, 245
"/home/david/DVHS Robotics/bubonic-corona/venv/lib/python3.12/site-packages/PyInstaller/utils/win32/winresource.py", "Python", 101, 0, 0, 0, 0, 0, 0, 0, 0, 0, 0, 0, 56, 33, 190
"/home/david/DVHS Robotics/bubonic-corona/venv/lib/python3.12/site-packages/PyInstaller/utils/win32/winutils.py", "Python", 152, 0, 0, 0, 0, 0, 0, 0, 0, 0, 0, 0, 66, 40, 258
"/home/david/DVHS Robotics/bubonic-corona/venv/lib/python3.12/site-packages/_distutils_hack/__init__.py", "Python", 143, 0, 0, 0, 0, 0, 0, 0, 0, 0, 0, 0, 45, 52, 240
"/home/david/DVHS Robotics/bubonic-corona/venv/lib/python3.12/site-packages/_distutils_hack/override.py", "Python", 1, 0, 0, 0, 0, 0, 0, 0, 0, 0, 0, 0, 0, 1, 2
"/home/david/DVHS Robotics/bubonic-corona/venv/lib/python3.12/site-packages/_pyinstaller_hooks_contrib/__init__.py", "Python", 17, 0, 0, 0, 0, 0, 0, 0, 0, 0, 0, 0, 23, 8, 48
"/home/david/DVHS Robotics/bubonic-corona/venv/lib/python3.12/site-packages/_pyinstaller_hooks_contrib/compat.py", "Python", 21, 0, 0, 0, 0, 0, 0, 0, 0, 0, 0, 0, 14, 8, 43
"/home/david/DVHS Robotics/bubonic-corona/venv/lib/python3.12/site-packages/_pyinstaller_hooks_contrib/pre_find_module_path/__init__.py", "Python", 0, 0, 0, 0, 0, 0, 0, 0, 0, 0, 0, 0, 11, 1, 12
"/home/david/DVHS Robotics/bubonic-corona/venv/lib/python3.12/site-packages/_pyinstaller_hooks_contrib/pre_safe_import_module/__init__.py", "Python", 0, 0, 0, 0, 0, 0, 0, 0, 0, 0, 0, 0, 11, 1, 12
"/home/david/DVHS Robotics/bubonic-corona/venv/lib/python3.12/site-packages/_pyinstaller_hooks_contrib/pre_safe_import_module/hook-tensorflow.py", "Python", 6, 0, 0, 0, 0, 0, 0, 0, 0, 0, 0, 0, 19, 4, 29
"/home/david/DVHS Robotics/bubonic-corona/venv/lib/python3.12/site-packages/_pyinstaller_hooks_contrib/pre_safe_import_module/hook-win32com.py", "Python", 22, 0, 0, 0, 0, 0, 0, 0, 0, 0, 0, 0, 21, 8, 51
"/home/david/DVHS Robotics/bubonic-corona/venv/lib/python3.12/site-packages/_pyinstaller_hooks_contrib/rthooks/__init__.py", "Python", 0, 0, 0, 0, 0, 0, 0, 0, 0, 0, 0, 0, 10, 1, 11
"/home/david/DVHS Robotics/bubonic-corona/venv/lib/python3.12/site-packages/_pyinstaller_hooks_contrib/rthooks/pyi_rth_cryptography_openssl.py", "Python", 6, 0, 0, 0, 0, 0, 0, 0, 0, 0, 0, 0, 12, 3, 21
"/home/david/DVHS Robotics/bubonic-corona/venv/lib/python3.12/site-packages/_pyinstaller_hooks_contrib/rthooks/pyi_rth_enchant.py", "Python", 4, 0, 0, 0, 0, 0, 0, 0, 0, 0, 0, 0, 16, 3, 23
"/home/david/DVHS Robotics/bubonic-corona/venv/lib/python3.12/site-packages/_pyinstaller_hooks_contrib/rthooks/pyi_rth_ffpyplayer.py", "Python", 3, 0, 0, 0, 0, 0, 0, 0, 0, 0, 0, 0, 14, 3, 20
"/home/david/DVHS Robotics/bubonic-corona/venv/lib/python3.12/site-packages/_pyinstaller_hooks_contrib/rthooks/pyi_rth_findlibs.py", "Python", 23, 0, 0, 0, 0, 0, 0, 0, 0, 0, 0, 0, 24, 12, 59
"/home/david/DVHS Robotics/bubonic-corona/venv/lib/python3.12/site-packages/_pyinstaller_hooks_contrib/rthooks/pyi_rth_nltk.py", "Python", 4, 0, 0, 0, 0, 0, 0, 0, 0, 0, 0, 0, 11, 3, 18
"/home/david/DVHS Robotics/bubonic-corona/venv/lib/python3.12/site-packages/_pyinstaller_hooks_contrib/rthooks/pyi_rth_osgeo.py", "Python", 13, 0, 0, 0, 0, 0, 0, 0, 0, 0, 0, 0, 12, 8, 33
"/home/david/DVHS Robotics/bubonic-corona/venv/lib/python3.12/site-packages/_pyinstaller_hooks_contrib/rthooks/pyi_rth_pygraphviz.py", "Python", 14, 0, 0, 0, 0, 0, 0, 0, 0, 0, 0, 0, 11, 8, 33
"/home/david/DVHS Robotics/bubonic-corona/venv/lib/python3.12/site-packages/_pyinstaller_hooks_contrib/rthooks/pyi_rth_pyproj.py", "Python", 9, 0, 0, 0, 0, 0, 0, 0, 0, 0, 0, 0, 11, 7, 27
"/home/david/DVHS Robotics/bubonic-corona/venv/lib/python3.12/site-packages/_pyinstaller_hooks_contrib/rthooks/pyi_rth_pyqtgraph_multiprocess.py", "Python", 22, 0, 0, 0, 0, 0, 0, 0, 0, 0, 0, 0, 22, 9, 53
"/home/david/DVHS Robotics/bubonic-corona/venv/lib/python3.12/site-packages/_pyinstaller_hooks_contrib/rthooks/pyi_rth_pythoncom.py", "Python", 6, 0, 0, 0, 0, 0, 0, 0, 0, 0, 0, 0, 16, 3, 25
"/home/david/DVHS Robotics/bubonic-corona/venv/lib/python3.12/site-packages/_pyinstaller_hooks_contrib/rthooks/pyi_rth_pywintypes.py", "Python", 6, 0, 0, 0, 0, 0, 0, 0, 0, 0, 0, 0, 16, 3, 25
"/home/david/DVHS Robotics/bubonic-corona/venv/lib/python3.12/site-packages/_pyinstaller_hooks_contrib/rthooks/pyi_rth_tensorflow.py", "Python", 15, 0, 0, 0, 0, 0, 0, 0, 0, 0, 0, 0, 28, 11, 54
"/home/david/DVHS Robotics/bubonic-corona/venv/lib/python3.12/site-packages/_pyinstaller_hooks_contrib/rthooks/pyi_rth_traitlets.py", "Python", 4, 0, 0, 0, 0, 0, 0, 0, 0, 0, 0, 0, 15, 7, 26
"/home/david/DVHS Robotics/bubonic-corona/venv/lib/python3.12/site-packages/_pyinstaller_hooks_contrib/rthooks/pyi_rth_usb.py", "Python", 55, 0, 0, 0, 0, 0, 0, 0, 0, 0, 0, 0, 18, 13, 86
"/home/david/DVHS Robotics/bubonic-corona/venv/lib/python3.12/site-packages/_pyinstaller_hooks_contrib/stdhooks/__init__.py", "Python", 0, 0, 0, 0, 0, 0, 0, 0, 0, 0, 0, 0, 11, 1, 12
"/home/david/DVHS Robotics/bubonic-corona/venv/lib/python3.12/site-packages/_pyinstaller_hooks_contrib/stdhooks/hook-BTrees.py", "Python", 2, 0, 0, 0, 0, 0, 0, 0, 0, 0, 0, 0, 12, 4, 18
"/home/david/DVHS Robotics/bubonic-corona/venv/lib/python3.12/site-packages/_pyinstaller_hooks_contrib/stdhooks/hook-CTkMessagebox.py", "Python", 2, 0, 0, 0, 0, 0, 0, 0, 0, 0, 0, 0, 14, 2, 18
"/home/david/DVHS Robotics/bubonic-corona/venv/lib/python3.12/site-packages/_pyinstaller_hooks_contrib/stdhooks/hook-Crypto.py", "Python", 22, 0, 0, 0, 0, 0, 0, 0, 0, 0, 0, 0, 35, 6, 63
"/home/david/DVHS Robotics/bubonic-corona/venv/lib/python3.12/site-packages/_pyinstaller_hooks_contrib/stdhooks/hook-Cryptodome.py", "Python", 19, 0, 0, 0, 0, 0, 0, 0, 0, 0, 0, 0, 20, 6, 45
"/home/david/DVHS Robotics/bubonic-corona/venv/lib/python3.12/site-packages/_pyinstaller_hooks_contrib/stdhooks/hook-HtmlTestRunner.py", "Python", 2, 0, 0, 0, 0, 0, 0, 0, 0, 0, 0, 0, 12, 4, 18
"/home/david/DVHS Robotics/bubonic-corona/venv/lib/python3.12/site-packages/_pyinstaller_hooks_contrib/stdhooks/hook-IPython.py", "Python", 16, 0, 0, 0, 0, 0, 0, 0, 0, 0, 0, 0, 20, 7, 43
"/home/david/DVHS Robotics/bubonic-corona/venv/lib/python3.12/site-packages/_pyinstaller_hooks_contrib/stdhooks/hook-OpenGL.py", "Python", 11, 0, 0, 0, 0, 0, 0, 0, 0, 0, 0, 0, 26, 6, 43
"/home/david/DVHS Robotics/bubonic-corona/venv/lib/python3.12/site-packages/_pyinstaller_hooks_contrib/stdhooks/hook-OpenGL_accelerate.py", "Python", 4, 0, 0, 0, 0, 0, 0, 0, 0, 0, 0, 0, 17, 2, 23
"/home/david/DVHS Robotics/bubonic-corona/venv/lib/python3.12/site-packages/_pyinstaller_hooks_contrib/stdhooks/hook-PyTaskbar.py", "Python", 2, 0, 0, 0, 0, 0, 0, 0, 0, 0, 0, 0, 11, 2, 15
"/home/david/DVHS Robotics/bubonic-corona/venv/lib/python3.12/site-packages/_pyinstaller_hooks_contrib/stdhooks/hook-Xlib.py", "Python", 2, 0, 0, 0, 0, 0, 0, 0, 0, 0, 0, 0, 11, 3, 16
"/home/david/DVHS Robotics/bubonic-corona/venv/lib/python3.12/site-packages/_pyinstaller_hooks_contrib/stdhooks/hook-_mssql.py", "Python", 1, 0, 0, 0, 0, 0, 0, 0, 0, 0, 0, 0, 11, 2, 14
"/home/david/DVHS Robotics/bubonic-corona/venv/lib/python3.12/site-packages/_pyinstaller_hooks_contrib/stdhooks/hook-_mysql.py", "Python", 1, 0, 0, 0, 0, 0, 0, 0, 0, 0, 0, 0, 14, 2, 17
"/home/david/DVHS Robotics/bubonic-corona/venv/lib/python3.12/site-packages/_pyinstaller_hooks_contrib/stdhooks/hook-accessible_output2.py", "Python", 2, 0, 0, 0, 0, 0, 0, 0, 0, 0, 0, 0, 14, 3, 19
"/home/david/DVHS Robotics/bubonic-corona/venv/lib/python3.12/site-packages/_pyinstaller_hooks_contrib/stdhooks/hook-adbc_driver_manager.py", "Python", 4, 0, 0, 0, 0, 0, 0, 0, 0, 0, 0, 0, 11, 3, 18
"/home/david/DVHS Robotics/bubonic-corona/venv/lib/python3.12/site-packages/_pyinstaller_hooks_contrib/stdhooks/hook-adbutils.py", "Python", 4, 0, 0, 0, 0, 0, 0, 0, 0, 0, 0, 0, 16, 4, 24
"/home/david/DVHS Robotics/bubonic-corona/venv/lib/python3.12/site-packages/_pyinstaller_hooks_contrib/stdhooks/hook-adios.py", "Python", 1, 0, 0, 0, 0, 0, 0, 0, 0, 0, 0, 0, 14, 2, 17
"/home/david/DVHS Robotics/bubonic-corona/venv/lib/python3.12/site-packages/_pyinstaller_hooks_contrib/stdhooks/hook-afmformats.py", "Python", 2, 0, 0, 0, 0, 0, 0, 0, 0, 0, 0, 0, 12, 4, 18
"/home/david/DVHS Robotics/bubonic-corona/venv/lib/python3.12/site-packages/_pyinstaller_hooks_contrib/stdhooks/hook-aliyunsdkcore.py", "Python", 2, 0, 0, 0, 0, 0, 0, 0, 0, 0, 0, 0, 11, 2, 15
"/home/david/DVHS Robotics/bubonic-corona/venv/lib/python3.12/site-packages/_pyinstaller_hooks_contrib/stdhooks/hook-altair.py", "Python", 2, 0, 0, 0, 0, 0, 0, 0, 0, 0, 0, 0, 11, 3, 16
"/home/david/DVHS Robotics/bubonic-corona/venv/lib/python3.12/site-packages/_pyinstaller_hooks_contrib/stdhooks/hook-amazonproduct.py", "Python", 10, 0, 0, 0, 0, 0, 0, 0, 0, 0, 0, 0, 15, 2, 27
"/home/david/DVHS Robotics/bubonic-corona/venv/lib/python3.12/site-packages/_pyinstaller_hooks_contrib/stdhooks/hook-anyio.py", "Python", 2, 0, 0, 0, 0, 0, 0, 0, 0, 0, 0, 0, 15, 3, 20
"/home/david/DVHS Robotics/bubonic-corona/venv/lib/python3.12/site-packages/_pyinstaller_hooks_contrib/stdhooks/hook-apkutils.py", "Python", 2, 0, 0, 0, 0, 0, 0, 0, 0, 0, 0, 0, 11, 3, 16
"/home/david/DVHS Robotics/bubonic-corona/venv/lib/python3.12/site-packages/_pyinstaller_hooks_contrib/stdhooks/hook-appdirs.py", "Python", 1, 0, 0, 0, 0, 0, 0, 0, 0, 0, 0, 0, 19, 2, 22
"/home/david/DVHS Robotics/bubonic-corona/venv/lib/python3.12/site-packages/_pyinstaller_hooks_contrib/stdhooks/hook-appy.pod.py", "Python", 2, 0, 0, 0, 0, 0, 0, 0, 0, 0, 0, 0, 12, 4, 18
"/home/david/DVHS Robotics/bubonic-corona/venv/lib/python3.12/site-packages/_pyinstaller_hooks_contrib/stdhooks/hook-apscheduler.py", "Python", 8, 0, 0, 0, 0, 0, 0, 0, 0, 0, 0, 0, 16, 4, 28
"/home/david/DVHS Robotics/bubonic-corona/venv/lib/python3.12/site-packages/_pyinstaller_hooks_contrib/stdhooks/hook-argon2.py", "Python", 1, 0, 0, 0, 0, 0, 0, 0, 0, 0, 0, 0, 11, 2, 14
"/home/david/DVHS Robotics/bubonic-corona/venv/lib/python3.12/site-packages/_pyinstaller_hooks_contrib/stdhooks/hook-astor.py", "Python", 2, 0, 0, 0, 0, 0, 0, 0, 0, 0, 0, 0, 11, 3, 16
"/home/david/DVHS Robotics/bubonic-corona/venv/lib/python3.12/site-packages/_pyinstaller_hooks_contrib/stdhooks/hook-astroid.py", "Python", 6, 0, 0, 0, 0, 0, 0, 0, 0, 0, 0, 0, 39, 4, 49
"/home/david/DVHS Robotics/bubonic-corona/venv/lib/python3.12/site-packages/_pyinstaller_hooks_contrib/stdhooks/hook-astropy.py", "Python", 13, 0, 0, 0, 0, 0, 0, 0, 0, 0, 0, 0, 22, 8, 43
"/home/david/DVHS Robotics/bubonic-corona/venv/lib/python3.12/site-packages/_pyinstaller_hooks_contrib/stdhooks/hook-astropy_iers_data.py", "Python", 2, 0, 0, 0, 0, 0, 0, 0, 0, 0, 0, 0, 12, 3, 17
"/home/david/DVHS Robotics/bubonic-corona/venv/lib/python3.12/site-packages/_pyinstaller_hooks_contrib/stdhooks/hook-av.py", "Python", 16, 0, 0, 0, 0, 0, 0, 0, 0, 0, 0, 0, 23, 6, 45
"/home/david/DVHS Robotics/bubonic-corona/venv/lib/python3.12/site-packages/_pyinstaller_hooks_contrib/stdhooks/hook-avro.py", "Python", 8, 0, 0, 0, 0, 0, 0, 0, 0, 0, 0, 0, 17, 3, 28
"/home/david/DVHS Robotics/bubonic-corona/venv/lib/python3.12/site-packages/_pyinstaller_hooks_contrib/stdhooks/hook-azurerm.py", "Python", 5, 0, 0, 0, 0, 0, 0, 0, 0, 0, 0, 0, 15, 3, 23
"/home/david/DVHS Robotics/bubonic-corona/venv/lib/python3.12/site-packages/_pyinstaller_hooks_contrib/stdhooks/hook-backports.py", "Python", 1, 0, 0, 0, 0, 0, 0, 0, 0, 0, 0, 0, 18, 2, 21
"/home/david/DVHS Robotics/bubonic-corona/venv/lib/python3.12/site-packages/_pyinstaller_hooks_contrib/stdhooks/hook-backports.zoneinfo.py", "Python", 3, 0, 0, 0, 0, 0, 0, 0, 0, 0, 0, 0, 13, 3, 19
"/home/david/DVHS Robotics/bubonic-corona/venv/lib/python3.12/site-packages/_pyinstaller_hooks_contrib/stdhooks/hook-bacon.py", "Python", 30, 0, 0, 0, 0, 0, 0, 0, 0, 0, 0, 0, 13, 8, 51
"/home/david/DVHS Robotics/bubonic-corona/venv/lib/python3.12/site-packages/_pyinstaller_hooks_contrib/stdhooks/hook-bcrypt.py", "Python", 1, 0, 0, 0, 0, 0, 0, 0, 0, 0, 0, 0, 14, 2, 17
"/home/david/DVHS Robotics/bubonic-corona/venv/lib/python3.12/site-packages/_pyinstaller_hooks_contrib/stdhooks/hook-bitsandbytes.py", "Python", 3, 0, 0, 0, 0, 0, 0, 0, 0, 0, 0, 0, 17, 4, 24
"/home/david/DVHS Robotics/bubonic-corona/venv/lib/python3.12/site-packages/_pyinstaller_hooks_contrib/stdhooks/hook-black.py", "Python", 13, 0, 0, 0, 0, 0, 0, 0, 0, 0, 0, 0, 14, 3, 30
"/home/david/DVHS Robotics/bubonic-corona/venv/lib/python3.12/site-packages/_pyinstaller_hooks_contrib/stdhooks/hook-bleak.py", "Python", 5, 0, 0, 0, 0, 0, 0, 0, 0, 0, 0, 0, 12, 3, 20
"/home/david/DVHS Robotics/bubonic-corona/venv/lib/python3.12/site-packages/_pyinstaller_hooks_contrib/stdhooks/hook-blib2to3.py", "Python", 10, 0, 0, 0, 0, 0, 0, 0, 0, 0, 0, 0, 14, 3, 27
"/home/david/DVHS Robotics/bubonic-corona/venv/lib/python3.12/site-packages/_pyinstaller_hooks_contrib/stdhooks/hook-blspy.py", "Python", 8, 0, 0, 0, 0, 0, 0, 0, 0, 0, 0, 0, 24, 4, 36
"/home/david/DVHS Robotics/bubonic-corona/venv/lib/python3.12/site-packages/_pyinstaller_hooks_contrib/stdhooks/hook-bokeh.py", "Python", 7, 0, 0, 0, 0, 0, 0, 0, 0, 0, 0, 0, 16, 5, 28
"/home/david/DVHS Robotics/bubonic-corona/venv/lib/python3.12/site-packages/_pyinstaller_hooks_contrib/stdhooks/hook-boto.py", "Python", 2, 0, 0, 0, 0, 0, 0, 0, 0, 0, 0, 0, 21, 3, 26
"/home/david/DVHS Robotics/bubonic-corona/venv/lib/python3.12/site-packages/_pyinstaller_hooks_contrib/stdhooks/hook-boto3.py", "Python", 7, 0, 0, 0, 0, 0, 0, 0, 0, 0, 0, 0, 20, 3, 30
"/home/david/DVHS Robotics/bubonic-corona/venv/lib/python3.12/site-packages/_pyinstaller_hooks_contrib/stdhooks/hook-botocore.py", "Python", 5, 0, 0, 0, 0, 0, 0, 0, 0, 0, 0, 0, 22, 4, 31
"/home/david/DVHS Robotics/bubonic-corona/venv/lib/python3.12/site-packages/_pyinstaller_hooks_contrib/stdhooks/hook-branca.py", "Python", 2, 0, 0, 0, 0, 0, 0, 0, 0, 0, 0, 0, 11, 3, 16
"/home/david/DVHS Robotics/bubonic-corona/venv/lib/python3.12/site-packages/_pyinstaller_hooks_contrib/stdhooks/hook-cairocffi.py", "Python", 23, 0, 0, 0, 0, 0, 0, 0, 0, 0, 0, 0, 14, 9, 46
"/home/david/DVHS Robotics/bubonic-corona/venv/lib/python3.12/site-packages/_pyinstaller_hooks_contrib/stdhooks/hook-cairosvg.py", "Python", 21, 0, 0, 0, 0, 0, 0, 0, 0, 0, 0, 0, 12, 8, 41
"/home/david/DVHS Robotics/bubonic-corona/venv/lib/python3.12/site-packages/_pyinstaller_hooks_contrib/stdhooks/hook-capstone.py", "Python", 2, 0, 0, 0, 0, 0, 0, 0, 0, 0, 0, 0, 12, 2, 16
"/home/david/DVHS Robotics/bubonic-corona/venv/lib/python3.12/site-packages/_pyinstaller_hooks_contrib/stdhooks/hook-cassandra.py", "Python", 2, 0, 0, 0, 0, 0, 0, 0, 0, 0, 0, 0, 18, 3, 23
"/home/david/DVHS Robotics/bubonic-corona/venv/lib/python3.12/site-packages/_pyinstaller_hooks_contrib/stdhooks/hook-celpy.py", "Python", 2, 0, 0, 0, 0, 0, 0, 0, 0, 0, 0, 0, 20, 3, 25
"/home/david/DVHS Robotics/bubonic-corona/venv/lib/python3.12/site-packages/_pyinstaller_hooks_contrib/stdhooks/hook-certifi.py", "Python", 2, 0, 0, 0, 0, 0, 0, 0, 0, 0, 0, 0, 15, 5, 22
"/home/david/DVHS Robotics/bubonic-corona/venv/lib/python3.12/site-packages/_pyinstaller_hooks_contrib/stdhooks/hook-cf_units.py", "Python", 2, 0, 0, 0, 0, 0, 0, 0, 0, 0, 0, 0, 12, 3, 17
"/home/david/DVHS Robotics/bubonic-corona/venv/lib/python3.12/site-packages/_pyinstaller_hooks_contrib/stdhooks/hook-cftime.py", "Python", 8, 0, 0, 0, 0, 0, 0, 0, 0, 0, 0, 0, 12, 2, 22
"/home/david/DVHS Robotics/bubonic-corona/venv/lib/python3.12/site-packages/_pyinstaller_hooks_contrib/stdhooks/hook-chardet.py", "Python", 11, 0, 0, 0, 0, 0, 0, 0, 0, 0, 0, 0, 15, 6, 32
"/home/david/DVHS Robotics/bubonic-corona/venv/lib/python3.12/site-packages/_pyinstaller_hooks_contrib/stdhooks/hook-charset_normalizer.py", "Python", 6, 0, 0, 0, 0, 0, 0, 0, 0, 0, 0, 0, 11, 3, 20
"/home/david/DVHS Robotics/bubonic-corona/venv/lib/python3.12/site-packages/_pyinstaller_hooks_contrib/stdhooks/hook-cloudpickle.py", "Python", 3, 0, 0, 0, 0, 0, 0, 0, 0, 0, 0, 0, 13, 3, 19
"/home/david/DVHS Robotics/bubonic-corona/venv/lib/python3.12/site-packages/_pyinstaller_hooks_contrib/stdhooks/hook-cloudscraper.py", "Python", 2, 0, 0, 0, 0, 0, 0, 0, 0, 0, 0, 0, 11, 3, 16
"/home/david/DVHS Robotics/bubonic-corona/venv/lib/python3.12/site-packages/_pyinstaller_hooks_contrib/stdhooks/hook-clr.py", "Python", 27, 0, 0, 0, 0, 0, 0, 0, 0, 0, 0, 0, 20, 9, 56
"/home/david/DVHS Robotics/bubonic-corona/venv/lib/python3.12/site-packages/_pyinstaller_hooks_contrib/stdhooks/hook-clr_loader.py", "Python", 4, 0, 0, 0, 0, 0, 0, 0, 0, 0, 0, 0, 16, 3, 23
"/home/david/DVHS Robotics/bubonic-corona/venv/lib/python3.12/site-packages/_pyinstaller_hooks_contrib/stdhooks/hook-cmocean.py", "Python", 2, 0, 0, 0, 0, 0, 0, 0, 0, 0, 0, 0, 11, 3, 16
"/home/david/DVHS Robotics/bubonic-corona/venv/lib/python3.12/site-packages/_pyinstaller_hooks_contrib/stdhooks/hook-compliance_checker.py", "Python", 4, 0, 0, 0, 0, 0, 0, 0, 0, 0, 0, 0, 14, 5, 23
"/home/david/DVHS Robotics/bubonic-corona/venv/lib/python3.12/site-packages/_pyinstaller_hooks_contrib/stdhooks/hook-comtypes.client.py", "Python", 9, 0, 0, 0, 0, 0, 0, 0, 0, 0, 0, 0, 12, 2, 23
"/home/david/DVHS Robotics/bubonic-corona/venv/lib/python3.12/site-packages/_pyinstaller_hooks_contrib/stdhooks/hook-countrycode.py", "Python", 2, 0, 0, 0, 0, 0, 0, 0, 0, 0, 0, 0, 11, 3, 16
"/home/david/DVHS Robotics/bubonic-corona/venv/lib/python3.12/site-packages/_pyinstaller_hooks_contrib/stdhooks/hook-countryinfo.py", "Python", 2, 0, 0, 0, 0, 0, 0, 0, 0, 0, 0, 0, 11, 3, 16
"/home/david/DVHS Robotics/bubonic-corona/venv/lib/python3.12/site-packages/_pyinstaller_hooks_contrib/stdhooks/hook-cryptography.py", "Python", 71, 0, 0, 0, 0, 0, 0, 0, 0, 0, 0, 0, 40, 22, 133
"/home/david/DVHS Robotics/bubonic-corona/venv/lib/python3.12/site-packages/_pyinstaller_hooks_contrib/stdhooks/hook-cumm.py", "Python", 2, 0, 0, 0, 0, 0, 0, 0, 0, 0, 0, 0, 11, 3, 16
"/home/david/DVHS Robotics/bubonic-corona/venv/lib/python3.12/site-packages/_pyinstaller_hooks_contrib/stdhooks/hook-customtkinter.py", "Python", 2, 0, 0, 0, 0, 0, 0, 0, 0, 0, 0, 0, 11, 2, 15
"/home/david/DVHS Robotics/bubonic-corona/venv/lib/python3.12/site-packages/_pyinstaller_hooks_contrib/stdhooks/hook-cv2.py", "Python", 83, 0, 0, 0, 0, 0, 0, 0, 0, 0, 0, 0, 60, 26, 169
"/home/david/DVHS Robotics/bubonic-corona/venv/lib/python3.12/site-packages/_pyinstaller_hooks_contrib/stdhooks/hook-cx_Oracle.py", "Python", 1, 0, 0, 0, 0, 0, 0, 0, 0, 0, 0, 0, 11, 2, 14
"/home/david/DVHS Robotics/bubonic-corona/venv/lib/python3.12/site-packages/_pyinstaller_hooks_contrib/stdhooks/hook-cytoolz.itertoolz.py", "Python", 1, 0, 0, 0, 0, 0, 0, 0, 0, 0, 0, 0, 13, 3, 17
"/home/david/DVHS Robotics/bubonic-corona/venv/lib/python3.12/site-packages/_pyinstaller_hooks_contrib/stdhooks/hook-dash.py", "Python", 2, 0, 0, 0, 0, 0, 0, 0, 0, 0, 0, 0, 11, 3, 16
"/home/david/DVHS Robotics/bubonic-corona/venv/lib/python3.12/site-packages/_pyinstaller_hooks_contrib/stdhooks/hook-dash_bootstrap_components.py", "Python", 2, 0, 0, 0, 0, 0, 0, 0, 0, 0, 0, 0, 11, 3, 16
"/home/david/DVHS Robotics/bubonic-corona/venv/lib/python3.12/site-packages/_pyinstaller_hooks_contrib/stdhooks/hook-dash_core_components.py", "Python", 2, 0, 0, 0, 0, 0, 0, 0, 0, 0, 0, 0, 11, 3, 16
"/home/david/DVHS Robotics/bubonic-corona/venv/lib/python3.12/site-packages/_pyinstaller_hooks_contrib/stdhooks/hook-dash_html_components.py", "Python", 2, 0, 0, 0, 0, 0, 0, 0, 0, 0, 0, 0, 11, 3, 16
"/home/david/DVHS Robotics/bubonic-corona/venv/lib/python3.12/site-packages/_pyinstaller_hooks_contrib/stdhooks/hook-dash_renderer.py", "Python", 2, 0, 0, 0, 0, 0, 0, 0, 0, 0, 0, 0, 11, 3, 16
"/home/david/DVHS Robotics/bubonic-corona/venv/lib/python3.12/site-packages/_pyinstaller_hooks_contrib/stdhooks/hook-dash_table.py", "Python", 2, 0, 0, 0, 0, 0, 0, 0, 0, 0, 0, 0, 11, 3, 16
"/home/david/DVHS Robotics/bubonic-corona/venv/lib/python3.12/site-packages/_pyinstaller_hooks_contrib/stdhooks/hook-dash_uploader.py", "Python", 2, 0, 0, 0, 0, 0, 0, 0, 0, 0, 0, 0, 11, 3, 16
"/home/david/DVHS Robotics/bubonic-corona/venv/lib/python3.12/site-packages/_pyinstaller_hooks_contrib/stdhooks/hook-dask.py", "Python", 2, 0, 0, 0, 0, 0, 0, 0, 0, 0, 0, 0, 15, 3, 20
"/home/david/DVHS Robotics/bubonic-corona/venv/lib/python3.12/site-packages/_pyinstaller_hooks_contrib/stdhooks/hook-datasets.py", "Python", 1, 0, 0, 0, 0, 0, 0, 0, 0, 0, 0, 0, 12, 2, 15
"/home/david/DVHS Robotics/bubonic-corona/venv/lib/python3.12/site-packages/_pyinstaller_hooks_contrib/stdhooks/hook-dateparser.py", "Python", 2, 0, 0, 0, 0, 0, 0, 0, 0, 0, 0, 0, 13, 3, 18
"/home/david/DVHS Robotics/bubonic-corona/venv/lib/python3.12/site-packages/_pyinstaller_hooks_contrib/stdhooks/hook-dateparser.utils.strptime.py", "Python", 2, 0, 0, 0, 0, 0, 0, 0, 0, 0, 0, 0, 12, 4, 18
"/home/david/DVHS Robotics/bubonic-corona/venv/lib/python3.12/site-packages/_pyinstaller_hooks_contrib/stdhooks/hook-dateutil.py", "Python", 2, 0, 0, 0, 0, 0, 0, 0, 0, 0, 0, 0, 11, 3, 16
"/home/david/DVHS Robotics/bubonic-corona/venv/lib/python3.12/site-packages/_pyinstaller_hooks_contrib/stdhooks/hook-dbus_fast.py", "Python", 2, 0, 0, 0, 0, 0, 0, 0, 0, 0, 0, 0, 12, 3, 17
"/home/david/DVHS Robotics/bubonic-corona/venv/lib/python3.12/site-packages/_pyinstaller_hooks_contrib/stdhooks/hook-dclab.py", "Python", 2, 0, 0, 0, 0, 0, 0, 0, 0, 0, 0, 0, 12, 4, 18
"/home/david/DVHS Robotics/bubonic-corona/venv/lib/python3.12/site-packages/_pyinstaller_hooks_contrib/stdhooks/hook-ddgs.py", "Python", 3, 0, 0, 0, 0, 0, 0, 0, 0, 0, 0, 0, 14, 4, 21
"/home/david/DVHS Robotics/bubonic-corona/venv/lib/python3.12/site-packages/_pyinstaller_hooks_contrib/stdhooks/hook-detectron2.py", "Python", 1, 0, 0, 0, 0, 0, 0, 0, 0, 0, 0, 0, 12, 2, 15
"/home/david/DVHS Robotics/bubonic-corona/venv/lib/python3.12/site-packages/_pyinstaller_hooks_contrib/stdhooks/hook-discid.py", "Python", 20, 0, 0, 0, 0, 0, 0, 0, 0, 0, 0, 0, 14, 7, 41
"/home/david/DVHS Robotics/bubonic-corona/venv/lib/python3.12/site-packages/_pyinstaller_hooks_contrib/stdhooks/hook-distorm3.py", "Python", 2, 0, 0, 0, 0, 0, 0, 0, 0, 0, 0, 0, 14, 4, 20
"/home/david/DVHS Robotics/bubonic-corona/venv/lib/python3.12/site-packages/_pyinstaller_hooks_contrib/stdhooks/hook-distributed.py", "Python", 6, 0, 0, 0, 0, 0, 0, 0, 0, 0, 0, 0, 19, 5, 30
"/home/david/DVHS Robotics/bubonic-corona/venv/lib/python3.12/site-packages/_pyinstaller_hooks_contrib/stdhooks/hook-dns.rdata.py", "Python", 2, 0, 0, 0, 0, 0, 0, 0, 0, 0, 0, 0, 12, 4, 18
"/home/david/DVHS Robotics/bubonic-corona/venv/lib/python3.12/site-packages/_pyinstaller_hooks_contrib/stdhooks/hook-docutils.py", "Python", 6, 0, 0, 0, 0, 0, 0, 0, 0, 0, 0, 0, 11, 3, 20
"/home/david/DVHS Robotics/bubonic-corona/venv/lib/python3.12/site-packages/_pyinstaller_hooks_contrib/stdhooks/hook-docx.py", "Python", 2, 0, 0, 0, 0, 0, 0, 0, 0, 0, 0, 0, 11, 3, 16
"/home/david/DVHS Robotics/bubonic-corona/venv/lib/python3.12/site-packages/_pyinstaller_hooks_contrib/stdhooks/hook-docx2pdf.py", "Python", 3, 0, 0, 0, 0, 0, 0, 0, 0, 0, 0, 0, 12, 4, 19
"/home/david/DVHS Robotics/bubonic-corona/venv/lib/python3.12/site-packages/_pyinstaller_hooks_contrib/stdhooks/hook-duckdb.py", "Python", 4, 0, 0, 0, 0, 0, 0, 0, 0, 0, 0, 0, 15, 4, 23
"/home/david/DVHS Robotics/bubonic-corona/venv/lib/python3.12/site-packages/_pyinstaller_hooks_contrib/stdhooks/hook-dynaconf.py", "Python", 3, 0, 0, 0, 0, 0, 0, 0, 0, 0, 0, 0, 11, 2, 16
"/home/david/DVHS Robotics/bubonic-corona/venv/lib/python3.12/site-packages/_pyinstaller_hooks_contrib/stdhooks/hook-easyocr.py", "Python", 12, 0, 0, 0, 0, 0, 0, 0, 0, 0, 0, 0, 1, 6, 19
"/home/david/DVHS Robotics/bubonic-corona/venv/lib/python3.12/site-packages/_pyinstaller_hooks_contrib/stdhooks/hook-eccodeslib.py", "Python", 3, 0, 0, 0, 0, 0, 0, 0, 0, 0, 0, 0, 14, 4, 21
"/home/david/DVHS Robotics/bubonic-corona/venv/lib/python3.12/site-packages/_pyinstaller_hooks_contrib/stdhooks/hook-eckitlib.py", "Python", 2, 0, 0, 0, 0, 0, 0, 0, 0, 0, 0, 0, 12, 3, 17
"/home/david/DVHS Robotics/bubonic-corona/venv/lib/python3.12/site-packages/_pyinstaller_hooks_contrib/stdhooks/hook-eel.py", "Python", 3, 0, 0, 0, 0, 0, 0, 0, 0, 0, 0, 0, 11, 3, 17
"/home/david/DVHS Robotics/bubonic-corona/venv/lib/python3.12/site-packages/_pyinstaller_hooks_contrib/stdhooks/hook-emoji.py", "Python", 2, 0, 0, 0, 0, 0, 0, 0, 0, 0, 0, 0, 11, 3, 16
"/home/david/DVHS Robotics/bubonic-corona/venv/lib/python3.12/site-packages/_pyinstaller_hooks_contrib/stdhooks/hook-enchant.py", "Python", 28, 0, 0, 0, 0, 0, 0, 0, 0, 0, 0, 0, 32, 10, 70
"/home/david/DVHS Robotics/bubonic-corona/venv/lib/python3.12/site-packages/_pyinstaller_hooks_contrib/stdhooks/hook-eng_to_ipa.py", "Python", 2, 0, 0, 0, 0, 0, 0, 0, 0, 0, 0, 0, 11, 3, 16
"/home/david/DVHS Robotics/bubonic-corona/venv/lib/python3.12/site-packages/_pyinstaller_hooks_contrib/stdhooks/hook-ens.py", "Python", 2, 0, 0, 0, 0, 0, 0, 0, 0, 0, 0, 0, 11, 3, 16
"/home/david/DVHS Robotics/bubonic-corona/venv/lib/python3.12/site-packages/_pyinstaller_hooks_contrib/stdhooks/hook-enzyme.parsers.ebml.core.py", "Python", 5, 0, 0, 0, 0, 0, 0, 0, 0, 0, 0, 0, 17, 4, 26
"/home/david/DVHS Robotics/bubonic-corona/venv/lib/python3.12/site-packages/_pyinstaller_hooks_contrib/stdhooks/hook-eth_abi.py", "Python", 2, 0, 0, 0, 0, 0, 0, 0, 0, 0, 0, 0, 11, 3, 16
"/home/david/DVHS Robotics/bubonic-corona/venv/lib/python3.12/site-packages/_pyinstaller_hooks_contrib/stdhooks/hook-eth_account.py", "Python", 2, 0, 0, 0, 0, 0, 0, 0, 0, 0, 0, 0, 11, 3, 16
"/home/david/DVHS Robotics/bubonic-corona/venv/lib/python3.12/site-packages/_pyinstaller_hooks_contrib/stdhooks/hook-eth_hash.py", "Python", 4, 0, 0, 0, 0, 0, 0, 0, 0, 0, 0, 0, 13, 4, 21
"/home/david/DVHS Robotics/bubonic-corona/venv/lib/python3.12/site-packages/_pyinstaller_hooks_contrib/stdhooks/hook-eth_keyfile.py", "Python", 2, 0, 0, 0, 0, 0, 0, 0, 0, 0, 0, 0, 11, 3, 16
"/home/david/DVHS Robotics/bubonic-corona/venv/lib/python3.12/site-packages/_pyinstaller_hooks_contrib/stdhooks/hook-eth_keys.py", "Python", 3, 0, 0, 0, 0, 0, 0, 0, 0, 0, 0, 0, 12, 3, 18
"/home/david/DVHS Robotics/bubonic-corona/venv/lib/python3.12/site-packages/_pyinstaller_hooks_contrib/stdhooks/hook-eth_rlp.py", "Python", 3, 0, 0, 0, 0, 0, 0, 0, 0, 0, 0, 0, 12, 3, 18
"/home/david/DVHS Robotics/bubonic-corona/venv/lib/python3.12/site-packages/_pyinstaller_hooks_contrib/stdhooks/hook-eth_typing.py", "Python", 2, 0, 0, 0, 0, 0, 0, 0, 0, 0, 0, 0, 12, 3, 17
"/home/david/DVHS Robotics/bubonic-corona/venv/lib/python3.12/site-packages/_pyinstaller_hooks_contrib/stdhooks/hook-eth_utils.network.py", "Python", 2, 0, 0, 0, 0, 0, 0, 0, 0, 0, 0, 0, 11, 3, 16
"/home/david/DVHS Robotics/bubonic-corona/venv/lib/python3.12/site-packages/_pyinstaller_hooks_contrib/stdhooks/hook-eth_utils.py", "Python", 2, 0, 0, 0, 0, 0, 0, 0, 0, 0, 0, 0, 11, 3, 16
"/home/david/DVHS Robotics/bubonic-corona/venv/lib/python3.12/site-packages/_pyinstaller_hooks_contrib/stdhooks/hook-exchangelib.py", "Python", 1, 0, 0, 0, 0, 0, 0, 0, 0, 0, 0, 0, 11, 1, 13
"/home/david/DVHS Robotics/bubonic-corona/venv/lib/python3.12/site-packages/_pyinstaller_hooks_contrib/stdhooks/hook-fabric.py", "Python", 2, 0, 0, 0, 0, 0, 0, 0, 0, 0, 0, 0, 18, 3, 23
"/home/david/DVHS Robotics/bubonic-corona/venv/lib/python3.12/site-packages/_pyinstaller_hooks_contrib/stdhooks/hook-fairscale.py", "Python", 1, 0, 0, 0, 0, 0, 0, 0, 0, 0, 0, 0, 12, 2, 15
"/home/david/DVHS Robotics/bubonic-corona/venv/lib/python3.12/site-packages/_pyinstaller_hooks_contrib/stdhooks/hook-fake_useragent.py", "Python", 2, 0, 0, 0, 0, 0, 0, 0, 0, 0, 0, 0, 11, 3, 16
"/home/david/DVHS Robotics/bubonic-corona/venv/lib/python3.12/site-packages/_pyinstaller_hooks_contrib/stdhooks/hook-faker.py", "Python", 6, 0, 0, 0, 0, 0, 0, 0, 0, 0, 0, 0, 11, 3, 20
"/home/david/DVHS Robotics/bubonic-corona/venv/lib/python3.12/site-packages/_pyinstaller_hooks_contrib/stdhooks/hook-falcon.py", "Python", 24, 0, 0, 0, 0, 0, 0, 0, 0, 0, 0, 0, 13, 5, 42
"/home/david/DVHS Robotics/bubonic-corona/venv/lib/python3.12/site-packages/_pyinstaller_hooks_contrib/stdhooks/hook-fastai.py", "Python", 1, 0, 0, 0, 0, 0, 0, 0, 0, 0, 0, 0, 12, 2, 15
"/home/david/DVHS Robotics/bubonic-corona/venv/lib/python3.12/site-packages/_pyinstaller_hooks_contrib/stdhooks/hook-fastparquet.py", "Python", 11, 0, 0, 0, 0, 0, 0, 0, 0, 0, 0, 0, 19, 3, 33
"/home/david/DVHS Robotics/bubonic-corona/venv/lib/python3.12/site-packages/_pyinstaller_hooks_contrib/stdhooks/hook-fckitlib.py", "Python", 2, 0, 0, 0, 0, 0, 0, 0, 0, 0, 0, 0, 12, 3, 17
"/home/david/DVHS Robotics/bubonic-corona/venv/lib/python3.12/site-packages/_pyinstaller_hooks_contrib/stdhooks/hook-ffpyplayer.py", "Python", 10, 0, 0, 0, 0, 0, 0, 0, 0, 0, 0, 0, 12, 7, 29
"/home/david/DVHS Robotics/bubonic-corona/venv/lib/python3.12/site-packages/_pyinstaller_hooks_contrib/stdhooks/hook-fiona.py", "Python", 9, 0, 0, 0, 0, 0, 0, 0, 0, 0, 0, 0, 13, 5, 27
"/home/david/DVHS Robotics/bubonic-corona/venv/lib/python3.12/site-packages/_pyinstaller_hooks_contrib/stdhooks/hook-flask_compress.py", "Python", 2, 0, 0, 0, 0, 0, 0, 0, 0, 0, 0, 0, 11, 3, 16
"/home/david/DVHS Robotics/bubonic-corona/venv/lib/python3.12/site-packages/_pyinstaller_hooks_contrib/stdhooks/hook-flask_restx.py", "Python", 2, 0, 0, 0, 0, 0, 0, 0, 0, 0, 0, 0, 11, 2, 15
"/home/david/DVHS Robotics/bubonic-corona/venv/lib/python3.12/site-packages/_pyinstaller_hooks_contrib/stdhooks/hook-flex.py", "Python", 2, 0, 0, 0, 0, 0, 0, 0, 0, 0, 0, 0, 12, 4, 18
"/home/david/DVHS Robotics/bubonic-corona/venv/lib/python3.12/site-packages/_pyinstaller_hooks_contrib/stdhooks/hook-flirpy.py", "Python", 2, 0, 0, 0, 0, 0, 0, 0, 0, 0, 0, 0, 15, 3, 20
"/home/david/DVHS Robotics/bubonic-corona/venv/lib/python3.12/site-packages/_pyinstaller_hooks_contrib/stdhooks/hook-fmpy.py", "Python", 2, 0, 0, 0, 0, 0, 0, 0, 0, 0, 0, 0, 21, 3, 26
"/home/david/DVHS Robotics/bubonic-corona/venv/lib/python3.12/site-packages/_pyinstaller_hooks_contrib/stdhooks/hook-folium.py", "Python", 2, 0, 0, 0, 0, 0, 0, 0, 0, 0, 0, 0, 12, 3, 17
"/home/david/DVHS Robotics/bubonic-corona/venv/lib/python3.12/site-packages/_pyinstaller_hooks_contrib/stdhooks/hook-freetype.py", "Python", 2, 0, 0, 0, 0, 0, 0, 0, 0, 0, 0, 0, 12, 3, 17
"/home/david/DVHS Robotics/bubonic-corona/venv/lib/python3.12/site-packages/_pyinstaller_hooks_contrib/stdhooks/hook-frictionless.py", "Python", 3, 0, 0, 0, 0, 0, 0, 0, 0, 0, 0, 0, 13, 4, 20
"/home/david/DVHS Robotics/bubonic-corona/venv/lib/python3.12/site-packages/_pyinstaller_hooks_contrib/stdhooks/hook-fsspec.py", "Python", 2, 0, 0, 0, 0, 0, 0, 0, 0, 0, 0, 0, 11, 3, 16
"/home/david/DVHS Robotics/bubonic-corona/venv/lib/python3.12/site-packages/_pyinstaller_hooks_contrib/stdhooks/hook-fvcore.nn.py", "Python", 1, 0, 0, 0, 0, 0, 0, 0, 0, 0, 0, 0, 12, 2, 15
"/home/david/DVHS Robotics/bubonic-corona/venv/lib/python3.12/site-packages/_pyinstaller_hooks_contrib/stdhooks/hook-gadfly.py", "Python", 1, 0, 0, 0, 0, 0, 0, 0, 0, 0, 0, 0, 11, 2, 14
"/home/david/DVHS Robotics/bubonic-corona/venv/lib/python3.12/site-packages/_pyinstaller_hooks_contrib/stdhooks/hook-gbulb.py", "Python", 1, 0, 0, 0, 0, 0, 0, 0, 0, 0, 0, 0, 12, 2, 15
"/home/david/DVHS Robotics/bubonic-corona/venv/lib/python3.12/site-packages/_pyinstaller_hooks_contrib/stdhooks/hook-gcloud.py", "Python", 5, 0, 0, 0, 0, 0, 0, 0, 0, 0, 0, 0, 14, 3, 22
"/home/david/DVHS Robotics/bubonic-corona/venv/lib/python3.12/site-packages/_pyinstaller_hooks_contrib/stdhooks/hook-geopandas.py", "Python", 2, 0, 0, 0, 0, 0, 0, 0, 0, 0, 0, 0, 11, 3, 16
"/home/david/DVHS Robotics/bubonic-corona/venv/lib/python3.12/site-packages/_pyinstaller_hooks_contrib/stdhooks/hook-gitlab.py", "Python", 2, 0, 0, 0, 0, 0, 0, 0, 0, 0, 0, 0, 18, 3, 23
"/home/david/DVHS Robotics/bubonic-corona/venv/lib/python3.12/site-packages/_pyinstaller_hooks_contrib/stdhooks/hook-globus_sdk.py", "Python", 4, 0, 0, 0, 0, 0, 0, 0, 0, 0, 0, 0, 11, 3, 18
"/home/david/DVHS Robotics/bubonic-corona/venv/lib/python3.12/site-packages/_pyinstaller_hooks_contrib/stdhooks/hook-gmplot.py", "Python", 2, 0, 0, 0, 0, 0, 0, 0, 0, 0, 0, 0, 11, 3, 16
"/home/david/DVHS Robotics/bubonic-corona/venv/lib/python3.12/site-packages/_pyinstaller_hooks_contrib/stdhooks/hook-gmsh.py", "Python", 11, 0, 0, 0, 0, 0, 0, 0, 0, 0, 0, 0, 13, 5, 29
"/home/david/DVHS Robotics/bubonic-corona/venv/lib/python3.12/site-packages/_pyinstaller_hooks_contrib/stdhooks/hook-gooey.py", "Python", 2, 0, 0, 0, 0, 0, 0, 0, 0, 0, 0, 0, 14, 3, 19
"/home/david/DVHS Robotics/bubonic-corona/venv/lib/python3.12/site-packages/_pyinstaller_hooks_contrib/stdhooks/hook-google.api_core.py", "Python", 2, 0, 0, 0, 0, 0, 0, 0, 0, 0, 0, 0, 11, 3, 16
"/home/david/DVHS Robotics/bubonic-corona/venv/lib/python3.12/site-packages/_pyinstaller_hooks_contrib/stdhooks/hook-google.cloud.bigquery.py", "Python", 3, 0, 0, 0, 0, 0, 0, 0, 0, 0, 0, 0, 12, 2, 17
"/home/david/DVHS Robotics/bubonic-corona/venv/lib/python3.12/site-packages/_pyinstaller_hooks_contrib/stdhooks/hook-google.cloud.core.py", "Python", 2, 0, 0, 0, 0, 0, 0, 0, 0, 0, 0, 0, 11, 3, 16
"/home/david/DVHS Robotics/bubonic-corona/venv/lib/python3.12/site-packages/_pyinstaller_hooks_contrib/stdhooks/hook-google.cloud.kms_v1.py", "Python", 2, 0, 0, 0, 0, 0, 0, 0, 0, 0, 0, 0, 14, 4, 20
"/home/david/DVHS Robotics/bubonic-corona/venv/lib/python3.12/site-packages/_pyinstaller_hooks_contrib/stdhooks/hook-google.cloud.pubsub_v1.py", "Python", 2, 0, 0, 0, 0, 0, 0, 0, 0, 0, 0, 0, 11, 3, 16
"/home/david/DVHS Robotics/bubonic-corona/venv/lib/python3.12/site-packages/_pyinstaller_hooks_contrib/stdhooks/hook-google.cloud.speech.py", "Python", 2, 0, 0, 0, 0, 0, 0, 0, 0, 0, 0, 0, 11, 3, 16
"/home/david/DVHS Robotics/bubonic-corona/venv/lib/python3.12/site-packages/_pyinstaller_hooks_contrib/stdhooks/hook-google.cloud.storage.py", "Python", 2, 0, 0, 0, 0, 0, 0, 0, 0, 0, 0, 0, 11, 3, 16
"/home/david/DVHS Robotics/bubonic-corona/venv/lib/python3.12/site-packages/_pyinstaller_hooks_contrib/stdhooks/hook-google.cloud.translate.py", "Python", 2, 0, 0, 0, 0, 0, 0, 0, 0, 0, 0, 0, 11, 3, 16
"/home/david/DVHS Robotics/bubonic-corona/venv/lib/python3.12/site-packages/_pyinstaller_hooks_contrib/stdhooks/hook-googleapiclient.model.py", "Python", 4, 0, 0, 0, 0, 0, 0, 0, 0, 0, 0, 0, 14, 3, 21
"/home/david/DVHS Robotics/bubonic-corona/venv/lib/python3.12/site-packages/_pyinstaller_hooks_contrib/stdhooks/hook-grapheme.py", "Python", 2, 0, 0, 0, 0, 0, 0, 0, 0, 0, 0, 0, 11, 3, 16
"/home/david/DVHS Robotics/bubonic-corona/venv/lib/python3.12/site-packages/_pyinstaller_hooks_contrib/stdhooks/hook-graphql_query.py", "Python", 2, 0, 0, 0, 0, 0, 0, 0, 0, 0, 0, 0, 14, 3, 19
"/home/david/DVHS Robotics/bubonic-corona/venv/lib/python3.12/site-packages/_pyinstaller_hooks_contrib/stdhooks/hook-great_expectations.py", "Python", 2, 0, 0, 0, 0, 0, 0, 0, 0, 0, 0, 0, 11, 3, 16
"/home/david/DVHS Robotics/bubonic-corona/venv/lib/python3.12/site-packages/_pyinstaller_hooks_contrib/stdhooks/hook-gribapi.py", "Python", 44, 0, 0, 0, 0, 0, 0, 0, 0, 0, 0, 0, 30, 16, 90
"/home/david/DVHS Robotics/bubonic-corona/venv/lib/python3.12/site-packages/_pyinstaller_hooks_contrib/stdhooks/hook-grpc.py", "Python", 2, 0, 0, 0, 0, 0, 0, 0, 0, 0, 0, 0, 11, 3, 16
"/home/david/DVHS Robotics/bubonic-corona/venv/lib/python3.12/site-packages/_pyinstaller_hooks_contrib/stdhooks/hook-gtk.py", "Python", 4, 0, 0, 0, 0, 0, 0, 0, 0, 0, 0, 0, 11, 2, 17
"/home/david/DVHS Robotics/bubonic-corona/venv/lib/python3.12/site-packages/_pyinstaller_hooks_contrib/stdhooks/hook-h3.py", "Python", 3, 0, 0, 0, 0, 0, 0, 0, 0, 0, 0, 0, 12, 3, 18
"/home/david/DVHS Robotics/bubonic-corona/venv/lib/python3.12/site-packages/_pyinstaller_hooks_contrib/stdhooks/hook-h5py.py", "Python", 2, 0, 0, 0, 0, 0, 0, 0, 0, 0, 0, 0, 14, 3, 19
"/home/david/DVHS Robotics/bubonic-corona/venv/lib/python3.12/site-packages/_pyinstaller_hooks_contrib/stdhooks/hook-hdf5plugin.py", "Python", 2, 0, 0, 0, 0, 0, 0, 0, 0, 0, 0, 0, 12, 4, 18
"/home/david/DVHS Robotics/bubonic-corona/venv/lib/python3.12/site-packages/_pyinstaller_hooks_contrib/stdhooks/hook-hexbytes.py", "Python", 3, 0, 0, 0, 0, 0, 0, 0, 0, 0, 0, 0, 12, 3, 18
"/home/david/DVHS Robotics/bubonic-corona/venv/lib/python3.12/site-packages/_pyinstaller_hooks_contrib/stdhooks/hook-httplib2.py", "Python", 2, 0, 0, 0, 0, 0, 0, 0, 0, 0, 0, 0, 12, 4, 18
"/home/david/DVHS Robotics/bubonic-corona/venv/lib/python3.12/site-packages/_pyinstaller_hooks_contrib/stdhooks/hook-humanize.py", "Python", 2, 0, 0, 0, 0, 0, 0, 0, 0, 0, 0, 0, 19, 3, 24
"/home/david/DVHS Robotics/bubonic-corona/venv/lib/python3.12/site-packages/_pyinstaller_hooks_contrib/stdhooks/hook-hydra.py", "Python", 9, 0, 0, 0, 0, 0, 0, 0, 0, 0, 0, 0, 23, 5, 37
"/home/david/DVHS Robotics/bubonic-corona/venv/lib/python3.12/site-packages/_pyinstaller_hooks_contrib/stdhooks/hook-ijson.py", "Python", 2, 0, 0, 0, 0, 0, 0, 0, 0, 0, 0, 0, 11, 3, 16
"/home/david/DVHS Robotics/bubonic-corona/venv/lib/python3.12/site-packages/_pyinstaller_hooks_contrib/stdhooks/hook-imageio.py", "Python", 3, 0, 0, 0, 0, 0, 0, 0, 0, 0, 0, 0, 14, 5, 22
"/home/david/DVHS Robotics/bubonic-corona/venv/lib/python3.12/site-packages/_pyinstaller_hooks_contrib/stdhooks/hook-imageio_ffmpeg.py", "Python", 4, 0, 0, 0, 0, 0, 0, 0, 0, 0, 0, 0, 14, 5, 23
"/home/david/DVHS Robotics/bubonic-corona/venv/lib/python3.12/site-packages/_pyinstaller_hooks_contrib/stdhooks/hook-imagingcontrol4.py", "Python", 2, 0, 0, 0, 0, 0, 0, 0, 0, 0, 0, 0, 11, 3, 16
"/home/david/DVHS Robotics/bubonic-corona/venv/lib/python3.12/site-packages/_pyinstaller_hooks_contrib/stdhooks/hook-iminuit.py", "Python", 5, 0, 0, 0, 0, 0, 0, 0, 0, 0, 0, 0, 15, 6, 26
"/home/david/DVHS Robotics/bubonic-corona/venv/lib/python3.12/site-packages/_pyinstaller_hooks_contrib/stdhooks/hook-intake.py", "Python", 2, 0, 0, 0, 0, 0, 0, 0, 0, 0, 0, 0, 11, 3, 16
"/home/david/DVHS Robotics/bubonic-corona/venv/lib/python3.12/site-packages/_pyinstaller_hooks_contrib/stdhooks/hook-iso639.py", "Python", 2, 0, 0, 0, 0, 0, 0, 0, 0, 0, 0, 0, 12, 3, 17
"/home/david/DVHS Robotics/bubonic-corona/venv/lib/python3.12/site-packages/_pyinstaller_hooks_contrib/stdhooks/hook-itk.py", "Python", 5, 0, 0, 0, 0, 0, 0, 0, 0, 0, 0, 0, 13, 4, 22
"/home/david/DVHS Robotics/bubonic-corona/venv/lib/python3.12/site-packages/_pyinstaller_hooks_contrib/stdhooks/hook-jaraco.text.py", "Python", 2, 0, 0, 0, 0, 0, 0, 0, 0, 0, 0, 0, 12, 4, 18
"/home/david/DVHS Robotics/bubonic-corona/venv/lib/python3.12/site-packages/_pyinstaller_hooks_contrib/stdhooks/hook-jedi.py", "Python", 2, 0, 0, 0, 0, 0, 0, 0, 0, 0, 0, 0, 12, 4, 18
"/home/david/DVHS Robotics/bubonic-corona/venv/lib/python3.12/site-packages/_pyinstaller_hooks_contrib/stdhooks/hook-jieba.py", "Python", 2, 0, 0, 0, 0, 0, 0, 0, 0, 0, 0, 0, 11, 3, 16
"/home/david/DVHS Robotics/bubonic-corona/venv/lib/python3.12/site-packages/_pyinstaller_hooks_contrib/stdhooks/hook-jinja2.py", "Python", 1, 0, 0, 0, 0, 0, 0, 0, 0, 0, 0, 0, 11, 2, 14
"/home/david/DVHS Robotics/bubonic-corona/venv/lib/python3.12/site-packages/_pyinstaller_hooks_contrib/stdhooks/hook-jinxed.py", "Python", 3, 0, 0, 0, 0, 0, 0, 0, 0, 0, 0, 0, 11, 2, 16
"/home/david/DVHS Robotics/bubonic-corona/venv/lib/python3.12/site-packages/_pyinstaller_hooks_contrib/stdhooks/hook-jira.py", "Python", 3, 0, 0, 0, 0, 0, 0, 0, 0, 0, 0, 0, 14, 3, 20
"/home/david/DVHS Robotics/bubonic-corona/venv/lib/python3.12/site-packages/_pyinstaller_hooks_contrib/stdhooks/hook-jsonpath_rw_ext.py", "Python", 2, 0, 0, 0, 0, 0, 0, 0, 0, 0, 0, 0, 11, 3, 16
"/home/david/DVHS Robotics/bubonic-corona/venv/lib/python3.12/site-packages/_pyinstaller_hooks_contrib/stdhooks/hook-jsonrpcserver.py", "Python", 2, 0, 0, 0, 0, 0, 0, 0, 0, 0, 0, 0, 13, 4, 19
"/home/david/DVHS Robotics/bubonic-corona/venv/lib/python3.12/site-packages/_pyinstaller_hooks_contrib/stdhooks/hook-jsonschema.py", "Python", 3, 0, 0, 0, 0, 0, 0, 0, 0, 0, 0, 0, 14, 4, 21
"/home/david/DVHS Robotics/bubonic-corona/venv/lib/python3.12/site-packages/_pyinstaller_hooks_contrib/stdhooks/hook-jsonschema_specifications.py", "Python", 2, 0, 0, 0, 0, 0, 0, 0, 0, 0, 0, 0, 11, 2, 15
"/home/david/DVHS Robotics/bubonic-corona/venv/lib/python3.12/site-packages/_pyinstaller_hooks_contrib/stdhooks/hook-jupyterlab.py", "Python", 2, 0, 0, 0, 0, 0, 0, 0, 0, 0, 0, 0, 11, 3, 16
"/home/david/DVHS Robotics/bubonic-corona/venv/lib/python3.12/site-packages/_pyinstaller_hooks_contrib/stdhooks/hook-kaleido.py", "Python", 2, 0, 0, 0, 0, 0, 0, 0, 0, 0, 0, 0, 11, 3, 16
"/home/david/DVHS Robotics/bubonic-corona/venv/lib/python3.12/site-packages/_pyinstaller_hooks_contrib/stdhooks/hook-khmernltk.py", "Python", 3, 0, 0, 0, 0, 0, 0, 0, 0, 0, 0, 0, 11, 3, 17
"/home/david/DVHS Robotics/bubonic-corona/venv/lib/python3.12/site-packages/_pyinstaller_hooks_contrib/stdhooks/hook-kinterbasdb.py", "Python", 6, 0, 0, 0, 0, 0, 0, 0, 0, 0, 0, 0, 12, 2, 20
"/home/david/DVHS Robotics/bubonic-corona/venv/lib/python3.12/site-packages/_pyinstaller_hooks_contrib/stdhooks/hook-langchain.py", "Python", 26, 0, 0, 0, 0, 0, 0, 0, 0, 0, 0, 0, 18, 10, 54
"/home/david/DVHS Robotics/bubonic-corona/venv/lib/python3.12/site-packages/_pyinstaller_hooks_contrib/stdhooks/hook-langchain_classic.py", "Python", 2, 0, 0, 0, 0, 0, 0, 0, 0, 0, 0, 0, 11, 3, 16
"/home/david/DVHS Robotics/bubonic-corona/venv/lib/python3.12/site-packages/_pyinstaller_hooks_contrib/stdhooks/hook-langcodes.py", "Python", 2, 0, 0, 0, 0, 0, 0, 0, 0, 0, 0, 0, 11, 3, 16
"/home/david/DVHS Robotics/bubonic-corona/venv/lib/python3.12/site-packages/_pyinstaller_hooks_contrib/stdhooks/hook-langdetect.py", "Python", 2, 0, 0, 0, 0, 0, 0, 0, 0, 0, 0, 0, 11, 3, 16
"/home/david/DVHS Robotics/bubonic-corona/venv/lib/python3.12/site-packages/_pyinstaller_hooks_contrib/stdhooks/hook-laonlp.py", "Python", 2, 0, 0, 0, 0, 0, 0, 0, 0, 0, 0, 0, 11, 3, 16
"/home/david/DVHS Robotics/bubonic-corona/venv/lib/python3.12/site-packages/_pyinstaller_hooks_contrib/stdhooks/hook-lark.py", "Python", 2, 0, 0, 0, 0, 0, 0, 0, 0, 0, 0, 0, 11, 3, 16
"/home/david/DVHS Robotics/bubonic-corona/venv/lib/python3.12/site-packages/_pyinstaller_hooks_contrib/stdhooks/hook-ldfparser.py", "Python", 2, 0, 0, 0, 0, 0, 0, 0, 0, 0, 0, 0, 11, 3, 16
"/home/david/DVHS Robotics/bubonic-corona/venv/lib/python3.12/site-packages/_pyinstaller_hooks_contrib/stdhooks/hook-lensfunpy.py", "Python", 3, 0, 0, 0, 0, 0, 0, 0, 0, 0, 0, 0, 12, 2, 17
"/home/david/DVHS Robotics/bubonic-corona/venv/lib/python3.12/site-packages/_pyinstaller_hooks_contrib/stdhooks/hook-libaudioverse.py", "Python", 2, 0, 0, 0, 0, 0, 0, 0, 0, 0, 0, 0, 14, 3, 19
"/home/david/DVHS Robotics/bubonic-corona/venv/lib/python3.12/site-packages/_pyinstaller_hooks_contrib/stdhooks/hook-librosa.py", "Python", 3, 0, 0, 0, 0, 0, 0, 0, 0, 0, 0, 0, 19, 4, 26
"/home/david/DVHS Robotics/bubonic-corona/venv/lib/python3.12/site-packages/_pyinstaller_hooks_contrib/stdhooks/hook-lightgbm.py", "Python", 4, 0, 0, 0, 0, 0, 0, 0, 0, 0, 0, 0, 21, 3, 28
"/home/david/DVHS Robotics/bubonic-corona/venv/lib/python3.12/site-packages/_pyinstaller_hooks_contrib/stdhooks/hook-lightning.py", "Python", 5, 0, 0, 0, 0, 0, 0, 0, 0, 0, 0, 0, 14, 3, 22
"/home/david/DVHS Robotics/bubonic-corona/venv/lib/python3.12/site-packages/_pyinstaller_hooks_contrib/stdhooks/hook-limits.py", "Python", 2, 0, 0, 0, 0, 0, 0, 0, 0, 0, 0, 0, 11, 3, 16
"/home/david/DVHS Robotics/bubonic-corona/venv/lib/python3.12/site-packages/_pyinstaller_hooks_contrib/stdhooks/hook-linear_operator.py", "Python", 1, 0, 0, 0, 0, 0, 0, 0, 0, 0, 0, 0, 12, 2, 15
"/home/david/DVHS Robotics/bubonic-corona/venv/lib/python3.12/site-packages/_pyinstaller_hooks_contrib/stdhooks/hook-lingua.py", "Python", 2, 0, 0, 0, 0, 0, 0, 0, 0, 0, 0, 0, 11, 3, 16
"/home/david/DVHS Robotics/bubonic-corona/venv/lib/python3.12/site-packages/_pyinstaller_hooks_contrib/stdhooks/hook-litestar.py", "Python", 2, 0, 0, 0, 0, 0, 0, 0, 0, 0, 0, 0, 11, 2, 15
"/home/david/DVHS Robotics/bubonic-corona/venv/lib/python3.12/site-packages/_pyinstaller_hooks_contrib/stdhooks/hook-llvmlite.py", "Python", 2, 0, 0, 0, 0, 0, 0, 0, 0, 0, 0, 0, 17, 3, 22
"/home/david/DVHS Robotics/bubonic-corona/venv/lib/python3.12/site-packages/_pyinstaller_hooks_contrib/stdhooks/hook-logilab.py", "Python", 2, 0, 0, 0, 0, 0, 0, 0, 0, 0, 0, 0, 23, 2, 27
"/home/david/DVHS Robotics/bubonic-corona/venv/lib/python3.12/site-packages/_pyinstaller_hooks_contrib/stdhooks/hook-lxml.etree.py", "Python", 1, 0, 0, 0, 0, 0, 0, 0, 0, 0, 0, 0, 11, 2, 14
"/home/david/DVHS Robotics/bubonic-corona/venv/lib/python3.12/site-packages/_pyinstaller_hooks_contrib/stdhooks/hook-lxml.isoschematron.py", "Python", 3, 0, 0, 0, 0, 0, 0, 0, 0, 0, 0, 0, 12, 3, 18
"/home/david/DVHS Robotics/bubonic-corona/venv/lib/python3.12/site-packages/_pyinstaller_hooks_contrib/stdhooks/hook-lxml.objectify.py", "Python", 1, 0, 0, 0, 0, 0, 0, 0, 0, 0, 0, 0, 11, 2, 14
"/home/david/DVHS Robotics/bubonic-corona/venv/lib/python3.12/site-packages/_pyinstaller_hooks_contrib/stdhooks/hook-lxml.py", "Python", 2, 0, 0, 0, 0, 0, 0, 0, 0, 0, 0, 0, 16, 3, 21
"/home/david/DVHS Robotics/bubonic-corona/venv/lib/python3.12/site-packages/_pyinstaller_hooks_contrib/stdhooks/hook-lz4.py", "Python", 2, 0, 0, 0, 0, 0, 0, 0, 0, 0, 0, 0, 12, 3, 17
"/home/david/DVHS Robotics/bubonic-corona/venv/lib/python3.12/site-packages/_pyinstaller_hooks_contrib/stdhooks/hook-magic.py", "Python", 3, 0, 0, 0, 0, 0, 0, 0, 0, 0, 0, 0, 12, 4, 19
"/home/david/DVHS Robotics/bubonic-corona/venv/lib/python3.12/site-packages/_pyinstaller_hooks_contrib/stdhooks/hook-mako.codegen.py", "Python", 1, 0, 0, 0, 0, 0, 0, 0, 0, 0, 0, 0, 15, 2, 18
"/home/david/DVHS Robotics/bubonic-corona/venv/lib/python3.12/site-packages/_pyinstaller_hooks_contrib/stdhooks/hook-mariadb.py", "Python", 4, 0, 0, 0, 0, 0, 0, 0, 0, 0, 0, 0, 18, 4, 26
"/home/david/DVHS Robotics/bubonic-corona/venv/lib/python3.12/site-packages/_pyinstaller_hooks_contrib/stdhooks/hook-markdown.py", "Python", 9, 0, 0, 0, 0, 0, 0, 0, 0, 0, 0, 0, 15, 5, 29
"/home/david/DVHS Robotics/bubonic-corona/venv/lib/python3.12/site-packages/_pyinstaller_hooks_contrib/stdhooks/hook-mecab.py", "Python", 3, 0, 0, 0, 0, 0, 0, 0, 0, 0, 0, 0, 11, 3, 17
"/home/david/DVHS Robotics/bubonic-corona/venv/lib/python3.12/site-packages/_pyinstaller_hooks_contrib/stdhooks/hook-metpy.py", "Python", 3, 0, 0, 0, 0, 0, 0, 0, 0, 0, 0, 0, 15, 4, 22
"/home/david/DVHS Robotics/bubonic-corona/venv/lib/python3.12/site-packages/_pyinstaller_hooks_contrib/stdhooks/hook-migrate.py", "Python", 3, 0, 0, 0, 0, 0, 0, 0, 0, 0, 0, 0, 14, 3, 20
"/home/david/DVHS Robotics/bubonic-corona/venv/lib/python3.12/site-packages/_pyinstaller_hooks_contrib/stdhooks/hook-mimesis.py", "Python", 2, 0, 0, 0, 0, 0, 0, 0, 0, 0, 0, 0, 12, 4, 18
"/home/david/DVHS Robotics/bubonic-corona/venv/lib/python3.12/site-packages/_pyinstaller_hooks_contrib/stdhooks/hook-minecraft_launcher_lib.py", "Python", 2, 0, 0, 0, 0, 0, 0, 0, 0, 0, 0, 0, 11, 2, 15
"/home/david/DVHS Robotics/bubonic-corona/venv/lib/python3.12/site-packages/_pyinstaller_hooks_contrib/stdhooks/hook-mistune.py", "Python", 3, 0, 0, 0, 0, 0, 0, 0, 0, 0, 0, 0, 13, 4, 20
"/home/david/DVHS Robotics/bubonic-corona/venv/lib/python3.12/site-packages/_pyinstaller_hooks_contrib/stdhooks/hook-mnemonic.py", "Python", 2, 0, 0, 0, 0, 0, 0, 0, 0, 0, 0, 0, 11, 3, 16
"/home/david/DVHS Robotics/bubonic-corona/venv/lib/python3.12/site-packages/_pyinstaller_hooks_contrib/stdhooks/hook-monai.py", "Python", 1, 0, 0, 0, 0, 0, 0, 0, 0, 0, 0, 0, 12, 2, 15
"/home/david/DVHS Robotics/bubonic-corona/venv/lib/python3.12/site-packages/_pyinstaller_hooks_contrib/stdhooks/hook-moviepy.audio.fx.all.py", "Python", 2, 0, 0, 0, 0, 0, 0, 0, 0, 0, 0, 0, 13, 3, 18
"/home/david/DVHS Robotics/bubonic-corona/venv/lib/python3.12/site-packages/_pyinstaller_hooks_contrib/stdhooks/hook-moviepy.video.fx.all.py", "Python", 2, 0, 0, 0, 0, 0, 0, 0, 0, 0, 0, 0, 13, 3, 18
"/home/david/DVHS Robotics/bubonic-corona/venv/lib/python3.12/site-packages/_pyinstaller_hooks_contrib/stdhooks/hook-mpl_toolkits.basemap.py", "Python", 13, 0, 0, 0, 0, 0, 0, 0, 0, 0, 0, 0, 15, 9, 37
"/home/david/DVHS Robotics/bubonic-corona/venv/lib/python3.12/site-packages/_pyinstaller_hooks_contrib/stdhooks/hook-msoffcrypto.py", "Python", 2, 0, 0, 0, 0, 0, 0, 0, 0, 0, 0, 0, 14, 3, 19
"/home/david/DVHS Robotics/bubonic-corona/venv/lib/python3.12/site-packages/_pyinstaller_hooks_contrib/stdhooks/hook-nacl.py", "Python", 12, 0, 0, 0, 0, 0, 0, 0, 0, 0, 0, 0, 13, 6, 31
"/home/david/DVHS Robotics/bubonic-corona/venv/lib/python3.12/site-packages/_pyinstaller_hooks_contrib/stdhooks/hook-names.py", "Python", 2, 0, 0, 0, 0, 0, 0, 0, 0, 0, 0, 0, 13, 4, 19
"/home/david/DVHS Robotics/bubonic-corona/venv/lib/python3.12/site-packages/_pyinstaller_hooks_contrib/stdhooks/hook-nanite.py", "Python", 2, 0, 0, 0, 0, 0, 0, 0, 0, 0, 0, 0, 12, 4, 18
"/home/david/DVHS Robotics/bubonic-corona/venv/lib/python3.12/site-packages/_pyinstaller_hooks_contrib/stdhooks/hook-narwhals.py", "Python", 6, 0, 0, 0, 0, 0, 0, 0, 0, 0, 0, 0, 14, 3, 23
"/home/david/DVHS Robotics/bubonic-corona/venv/lib/python3.12/site-packages/_pyinstaller_hooks_contrib/stdhooks/hook-nbconvert.py", "Python", 3, 0, 0, 0, 0, 0, 0, 0, 0, 0, 0, 0, 12, 4, 19
"/home/david/DVHS Robotics/bubonic-corona/venv/lib/python3.12/site-packages/_pyinstaller_hooks_contrib/stdhooks/hook-nbdime.py", "Python", 2, 0, 0, 0, 0, 0, 0, 0, 0, 0, 0, 0, 11, 3, 16
"/home/david/DVHS Robotics/bubonic-corona/venv/lib/python3.12/site-packages/_pyinstaller_hooks_contrib/stdhooks/hook-nbformat.py", "Python", 2, 0, 0, 0, 0, 0, 0, 0, 0, 0, 0, 0, 11, 3, 16
"/home/david/DVHS Robotics/bubonic-corona/venv/lib/python3.12/site-packages/_pyinstaller_hooks_contrib/stdhooks/hook-nbt.py", "Python", 1, 0, 0, 0, 0, 0, 0, 0, 0, 0, 0, 0, 11, 1, 13
"/home/david/DVHS Robotics/bubonic-corona/venv/lib/python3.12/site-packages/_pyinstaller_hooks_contrib/stdhooks/hook-ncclient.py", "Python", 2, 0, 0, 0, 0, 0, 0, 0, 0, 0, 0, 0, 20, 2, 24
"/home/david/DVHS Robotics/bubonic-corona/venv/lib/python3.12/site-packages/_pyinstaller_hooks_contrib/stdhooks/hook-netCDF4.py", "Python", 13, 0, 0, 0, 0, 0, 0, 0, 0, 0, 0, 0, 19, 6, 38
"/home/david/DVHS Robotics/bubonic-corona/venv/lib/python3.12/site-packages/_pyinstaller_hooks_contrib/stdhooks/hook-nicegui.py", "Python", 2, 0, 0, 0, 0, 0, 0, 0, 0, 0, 0, 0, 11, 2, 15
"/home/david/DVHS Robotics/bubonic-corona/venv/lib/python3.12/site-packages/_pyinstaller_hooks_contrib/stdhooks/hook-niquests.py", "Python", 2, 0, 0, 0, 0, 0, 0, 0, 0, 0, 0, 0, 11, 3, 16
"/home/david/DVHS Robotics/bubonic-corona/venv/lib/python3.12/site-packages/_pyinstaller_hooks_contrib/stdhooks/hook-nltk.py", "Python", 8, 0, 0, 0, 0, 0, 0, 0, 0, 0, 0, 0, 15, 5, 28
"/home/david/DVHS Robotics/bubonic-corona/venv/lib/python3.12/site-packages/_pyinstaller_hooks_contrib/stdhooks/hook-nnpy.py", "Python", 1, 0, 0, 0, 0, 0, 0, 0, 0, 0, 0, 0, 14, 2, 17
"/home/david/DVHS Robotics/bubonic-corona/venv/lib/python3.12/site-packages/_pyinstaller_hooks_contrib/stdhooks/hook-notebook.py", "Python", 10, 0, 0, 0, 0, 0, 0, 0, 0, 0, 0, 0, 13, 5, 28
"/home/david/DVHS Robotics/bubonic-corona/venv/lib/python3.12/site-packages/_pyinstaller_hooks_contrib/stdhooks/hook-numba.py", "Python", 24, 0, 0, 0, 0, 0, 0, 0, 0, 0, 0, 0, 27, 5, 56
"/home/david/DVHS Robotics/bubonic-corona/venv/lib/python3.12/site-packages/_pyinstaller_hooks_contrib/stdhooks/hook-numbers_parser.py", "Python", 2, 0, 0, 0, 0, 0, 0, 0, 0, 0, 0, 0, 12, 3, 17
"/home/david/DVHS Robotics/bubonic-corona/venv/lib/python3.12/site-packages/_pyinstaller_hooks_contrib/stdhooks/hook-numcodecs.py", "Python", 4, 0, 0, 0, 0, 0, 0, 0, 0, 0, 0, 0, 13, 4, 21
"/home/david/DVHS Robotics/bubonic-corona/venv/lib/python3.12/site-packages/_pyinstaller_hooks_contrib/stdhooks/hook-nvidia.cublas.py", "Python", 6, 0, 0, 0, 0, 0, 0, 0, 0, 0, 0, 0, 11, 3, 20
"/home/david/DVHS Robotics/bubonic-corona/venv/lib/python3.12/site-packages/_pyinstaller_hooks_contrib/stdhooks/hook-nvidia.cuda_cupti.py", "Python", 6, 0, 0, 0, 0, 0, 0, 0, 0, 0, 0, 0, 11, 3, 20
"/home/david/DVHS Robotics/bubonic-corona/venv/lib/python3.12/site-packages/_pyinstaller_hooks_contrib/stdhooks/hook-nvidia.cuda_nvcc.py", "Python", 8, 0, 0, 0, 0, 0, 0, 0, 0, 0, 0, 0, 18, 5, 31
"/home/david/DVHS Robotics/bubonic-corona/venv/lib/python3.12/site-packages/_pyinstaller_hooks_contrib/stdhooks/hook-nvidia.cuda_nvrtc.py", "Python", 6, 0, 0, 0, 0, 0, 0, 0, 0, 0, 0, 0, 11, 3, 20
"/home/david/DVHS Robotics/bubonic-corona/venv/lib/python3.12/site-packages/_pyinstaller_hooks_contrib/stdhooks/hook-nvidia.cuda_runtime.py", "Python", 6, 0, 0, 0, 0, 0, 0, 0, 0, 0, 0, 0, 11, 3, 20
"/home/david/DVHS Robotics/bubonic-corona/venv/lib/python3.12/site-packages/_pyinstaller_hooks_contrib/stdhooks/hook-nvidia.cudnn.py", "Python", 6, 0, 0, 0, 0, 0, 0, 0, 0, 0, 0, 0, 11, 3, 20
"/home/david/DVHS Robotics/bubonic-corona/venv/lib/python3.12/site-packages/_pyinstaller_hooks_contrib/stdhooks/hook-nvidia.cufft.py", "Python", 6, 0, 0, 0, 0, 0, 0, 0, 0, 0, 0, 0, 11, 3, 20
"/home/david/DVHS Robotics/bubonic-corona/venv/lib/python3.12/site-packages/_pyinstaller_hooks_contrib/stdhooks/hook-nvidia.curand.py", "Python", 6, 0, 0, 0, 0, 0, 0, 0, 0, 0, 0, 0, 11, 3, 20
"/home/david/DVHS Robotics/bubonic-corona/venv/lib/python3.12/site-packages/_pyinstaller_hooks_contrib/stdhooks/hook-nvidia.cusolver.py", "Python", 6, 0, 0, 0, 0, 0, 0, 0, 0, 0, 0, 0, 11, 3, 20
"/home/david/DVHS Robotics/bubonic-corona/venv/lib/python3.12/site-packages/_pyinstaller_hooks_contrib/stdhooks/hook-nvidia.cusparse.py", "Python", 6, 0, 0, 0, 0, 0, 0, 0, 0, 0, 0, 0, 11, 3, 20
"/home/david/DVHS Robotics/bubonic-corona/venv/lib/python3.12/site-packages/_pyinstaller_hooks_contrib/stdhooks/hook-nvidia.nccl.py", "Python", 6, 0, 0, 0, 0, 0, 0, 0, 0, 0, 0, 0, 11, 3, 20
"/home/david/DVHS Robotics/bubonic-corona/venv/lib/python3.12/site-packages/_pyinstaller_hooks_contrib/stdhooks/hook-nvidia.nvjitlink.py", "Python", 6, 0, 0, 0, 0, 0, 0, 0, 0, 0, 0, 0, 11, 3, 20
"/home/david/DVHS Robotics/bubonic-corona/venv/lib/python3.12/site-packages/_pyinstaller_hooks_contrib/stdhooks/hook-nvidia.nvtx.py", "Python", 6, 0, 0, 0, 0, 0, 0, 0, 0, 0, 0, 0, 11, 3, 20
"/home/david/DVHS Robotics/bubonic-corona/venv/lib/python3.12/site-packages/_pyinstaller_hooks_contrib/stdhooks/hook-office365.py", "Python", 2, 0, 0, 0, 0, 0, 0, 0, 0, 0, 0, 0, 15, 3, 20
"/home/david/DVHS Robotics/bubonic-corona/venv/lib/python3.12/site-packages/_pyinstaller_hooks_contrib/stdhooks/hook-onnxruntime.py", "Python", 2, 0, 0, 0, 0, 0, 0, 0, 0, 0, 0, 0, 12, 3, 17
"/home/david/DVHS Robotics/bubonic-corona/venv/lib/python3.12/site-packages/_pyinstaller_hooks_contrib/stdhooks/hook-opencc.py", "Python", 2, 0, 0, 0, 0, 0, 0, 0, 0, 0, 0, 0, 11, 3, 16
"/home/david/DVHS Robotics/bubonic-corona/venv/lib/python3.12/site-packages/_pyinstaller_hooks_contrib/stdhooks/hook-openpyxl.py", "Python", 2, 0, 0, 0, 0, 0, 0, 0, 0, 0, 0, 0, 13, 4, 19
"/home/david/DVHS Robotics/bubonic-corona/venv/lib/python3.12/site-packages/_pyinstaller_hooks_contrib/stdhooks/hook-opentelemetry.py", "Python", 23, 0, 0, 0, 0, 0, 0, 0, 0, 0, 0, 0, 13, 6, 42
"/home/david/DVHS Robotics/bubonic-corona/venv/lib/python3.12/site-packages/_pyinstaller_hooks_contrib/stdhooks/hook-orjson.py", "Python", 7, 0, 0, 0, 0, 0, 0, 0, 0, 0, 0, 0, 13, 2, 22
"/home/david/DVHS Robotics/bubonic-corona/venv/lib/python3.12/site-packages/_pyinstaller_hooks_contrib/stdhooks/hook-osgeo.py", "Python", 32, 0, 0, 0, 0, 0, 0, 0, 0, 0, 0, 0, 37, 13, 82
"/home/david/DVHS Robotics/bubonic-corona/venv/lib/python3.12/site-packages/_pyinstaller_hooks_contrib/stdhooks/hook-pandas_flavor.py", "Python", 3, 0, 0, 0, 0, 0, 0, 0, 0, 0, 0, 0, 13, 3, 19
"/home/david/DVHS Robotics/bubonic-corona/venv/lib/python3.12/site-packages/_pyinstaller_hooks_contrib/stdhooks/hook-panel.py", "Python", 3, 0, 0, 0, 0, 0, 0, 0, 0, 0, 0, 0, 12, 4, 19
"/home/david/DVHS Robotics/bubonic-corona/venv/lib/python3.12/site-packages/_pyinstaller_hooks_contrib/stdhooks/hook-parsedatetime.py", "Python", 2, 0, 0, 0, 0, 0, 0, 0, 0, 0, 0, 0, 25, 3, 30
"/home/david/DVHS Robotics/bubonic-corona/venv/lib/python3.12/site-packages/_pyinstaller_hooks_contrib/stdhooks/hook-parso.py", "Python", 2, 0, 0, 0, 0, 0, 0, 0, 0, 0, 0, 0, 12, 4, 18
"/home/david/DVHS Robotics/bubonic-corona/venv/lib/python3.12/site-packages/_pyinstaller_hooks_contrib/stdhooks/hook-passlib.py", "Python", 5, 0, 0, 0, 0, 0, 0, 0, 0, 0, 0, 0, 15, 2, 22
"/home/david/DVHS Robotics/bubonic-corona/venv/lib/python3.12/site-packages/_pyinstaller_hooks_contrib/stdhooks/hook-paste.exceptions.reporter.py", "Python", 1, 0, 0, 0, 0, 0, 0, 0, 0, 0, 0, 0, 15, 2, 18
"/home/david/DVHS Robotics/bubonic-corona/venv/lib/python3.12/site-packages/_pyinstaller_hooks_contrib/stdhooks/hook-patoolib.py", "Python", 2, 0, 0, 0, 0, 0, 0, 0, 0, 0, 0, 0, 14, 4, 20
"/home/david/DVHS Robotics/bubonic-corona/venv/lib/python3.12/site-packages/_pyinstaller_hooks_contrib/stdhooks/hook-patsy.py", "Python", 1, 0, 0, 0, 0, 0, 0, 0, 0, 0, 0, 0, 11, 2, 14
"/home/david/DVHS Robotics/bubonic-corona/venv/lib/python3.12/site-packages/_pyinstaller_hooks_contrib/stdhooks/hook-pdfminer.py", "Python", 2, 0, 0, 0, 0, 0, 0, 0, 0, 0, 0, 0, 11, 3, 16
"/home/david/DVHS Robotics/bubonic-corona/venv/lib/python3.12/site-packages/_pyinstaller_hooks_contrib/stdhooks/hook-pendulum.py", "Python", 3, 0, 0, 0, 0, 0, 0, 0, 0, 0, 0, 0, 14, 3, 20
"/home/david/DVHS Robotics/bubonic-corona/venv/lib/python3.12/site-packages/_pyinstaller_hooks_contrib/stdhooks/hook-phonenumbers.py", "Python", 2, 0, 0, 0, 0, 0, 0, 0, 0, 0, 0, 0, 15, 3, 20
"/home/david/DVHS Robotics/bubonic-corona/venv/lib/python3.12/site-packages/_pyinstaller_hooks_contrib/stdhooks/hook-pingouin.py", "Python", 2, 0, 0, 0, 0, 0, 0, 0, 0, 0, 0, 0, 11, 3, 16
"/home/david/DVHS Robotics/bubonic-corona/venv/lib/python3.12/site-packages/_pyinstaller_hooks_contrib/stdhooks/hook-pint.py", "Python", 3, 0, 0, 0, 0, 0, 0, 0, 0, 0, 0, 0, 11, 3, 17
"/home/david/DVHS Robotics/bubonic-corona/venv/lib/python3.12/site-packages/_pyinstaller_hooks_contrib/stdhooks/hook-pinyin.py", "Python", 2, 0, 0, 0, 0, 0, 0, 0, 0, 0, 0, 0, 15, 4, 21
"/home/david/DVHS Robotics/bubonic-corona/venv/lib/python3.12/site-packages/_pyinstaller_hooks_contrib/stdhooks/hook-platformdirs.py", "Python", 9, 0, 0, 0, 0, 0, 0, 0, 0, 0, 0, 0, 14, 5, 28
"/home/david/DVHS Robotics/bubonic-corona/venv/lib/python3.12/site-packages/_pyinstaller_hooks_contrib/stdhooks/hook-plotly.py", "Python", 4, 0, 0, 0, 0, 0, 0, 0, 0, 0, 0, 0, 11, 3, 18
"/home/david/DVHS Robotics/bubonic-corona/venv/lib/python3.12/site-packages/_pyinstaller_hooks_contrib/stdhooks/hook-pointcept.py", "Python", 1, 0, 0, 0, 0, 0, 0, 0, 0, 0, 0, 0, 12, 2, 15
"/home/david/DVHS Robotics/bubonic-corona/venv/lib/python3.12/site-packages/_pyinstaller_hooks_contrib/stdhooks/hook-pptx.py", "Python", 2, 0, 0, 0, 0, 0, 0, 0, 0, 0, 0, 0, 11, 3, 16
"/home/david/DVHS Robotics/bubonic-corona/venv/lib/python3.12/site-packages/_pyinstaller_hooks_contrib/stdhooks/hook-prettytable.py", "Python", 3, 0, 0, 0, 0, 0, 0, 0, 0, 0, 0, 0, 12, 3, 18
"/home/david/DVHS Robotics/bubonic-corona/venv/lib/python3.12/site-packages/_pyinstaller_hooks_contrib/stdhooks/hook-psutil.py", "Python", 32, 0, 0, 0, 0, 0, 0, 0, 0, 0, 0, 0, 15, 4, 51
"/home/david/DVHS Robotics/bubonic-corona/venv/lib/python3.12/site-packages/_pyinstaller_hooks_contrib/stdhooks/hook-psychopy.py", "Python", 2, 0, 0, 0, 0, 0, 0, 0, 0, 0, 0, 0, 12, 4, 18
"/home/david/DVHS Robotics/bubonic-corona/venv/lib/python3.12/site-packages/_pyinstaller_hooks_contrib/stdhooks/hook-psycopg2.py", "Python", 1, 0, 0, 0, 0, 0, 0, 0, 0, 0, 0, 0, 11, 2, 14
"/home/david/DVHS Robotics/bubonic-corona/venv/lib/python3.12/site-packages/_pyinstaller_hooks_contrib/stdhooks/hook-psycopg_binary.py", "Python", 1, 0, 0, 0, 0, 0, 0, 0, 0, 0, 0, 0, 13, 2, 16
"/home/david/DVHS Robotics/bubonic-corona/venv/lib/python3.12/site-packages/_pyinstaller_hooks_contrib/stdhooks/hook-publicsuffix2.py", "Python", 2, 0, 0, 0, 0, 0, 0, 0, 0, 0, 0, 0, 11, 3, 16
"/home/david/DVHS Robotics/bubonic-corona/venv/lib/python3.12/site-packages/_pyinstaller_hooks_contrib/stdhooks/hook-pubsub.core.py", "Python", 2, 0, 0, 0, 0, 0, 0, 0, 0, 0, 0, 0, 11, 3, 16
"/home/david/DVHS Robotics/bubonic-corona/venv/lib/python3.12/site-packages/_pyinstaller_hooks_contrib/stdhooks/hook-puremagic.py", "Python", 2, 0, 0, 0, 0, 0, 0, 0, 0, 0, 0, 0, 11, 3, 16
"/home/david/DVHS Robotics/bubonic-corona/venv/lib/python3.12/site-packages/_pyinstaller_hooks_contrib/stdhooks/hook-py.py", "Python", 2, 0, 0, 0, 0, 0, 0, 0, 0, 0, 0, 0, 11, 3, 16
"/home/david/DVHS Robotics/bubonic-corona/venv/lib/python3.12/site-packages/_pyinstaller_hooks_contrib/stdhooks/hook-pyarrow.py", "Python", 4, 0, 0, 0, 0, 0, 0, 0, 0, 0, 0, 0, 12, 4, 20
"/home/david/DVHS Robotics/bubonic-corona/venv/lib/python3.12/site-packages/_pyinstaller_hooks_contrib/stdhooks/hook-pycountry.py", "Python", 2, 0, 0, 0, 0, 0, 0, 0, 0, 0, 0, 0, 14, 3, 19
"/home/david/DVHS Robotics/bubonic-corona/venv/lib/python3.12/site-packages/_pyinstaller_hooks_contrib/stdhooks/hook-pycparser.py", "Python", 1, 0, 0, 0, 0, 0, 0, 0, 0, 0, 0, 0, 20, 3, 24
"/home/david/DVHS Robotics/bubonic-corona/venv/lib/python3.12/site-packages/_pyinstaller_hooks_contrib/stdhooks/hook-pycrfsuite.py", "Python", 1, 0, 0, 0, 0, 0, 0, 0, 0, 0, 0, 0, 11, 2, 14
"/home/david/DVHS Robotics/bubonic-corona/venv/lib/python3.12/site-packages/_pyinstaller_hooks_contrib/stdhooks/hook-pydantic.py", "Python", 23, 0, 0, 0, 0, 0, 0, 0, 0, 0, 0, 0, 22, 5, 50
"/home/david/DVHS Robotics/bubonic-corona/venv/lib/python3.12/site-packages/_pyinstaller_hooks_contrib/stdhooks/hook-pydicom.py", "Python", 34, 0, 0, 0, 0, 0, 0, 0, 0, 0, 0, 0, 30, 6, 70
"/home/david/DVHS Robotics/bubonic-corona/venv/lib/python3.12/site-packages/_pyinstaller_hooks_contrib/stdhooks/hook-pydivert.py", "Python", 2, 0, 0, 0, 0, 0, 0, 0, 0, 0, 0, 0, 11, 3, 16
"/home/david/DVHS Robotics/bubonic-corona/venv/lib/python3.12/site-packages/_pyinstaller_hooks_contrib/stdhooks/hook-pyecharts.py", "Python", 2, 0, 0, 0, 0, 0, 0, 0, 0, 0, 0, 0, 11, 2, 15
"/home/david/DVHS Robotics/bubonic-corona/venv/lib/python3.12/site-packages/_pyinstaller_hooks_contrib/stdhooks/hook-pyexcel-io.py", "Python", 1, 0, 0, 0, 0, 0, 0, 0, 0, 0, 0, 0, 13, 3, 17
"/home/david/DVHS Robotics/bubonic-corona/venv/lib/python3.12/site-packages/_pyinstaller_hooks_contrib/stdhooks/hook-pyexcel-ods.py", "Python", 1, 0, 0, 0, 0, 0, 0, 0, 0, 0, 0, 0, 13, 3, 17
"/home/david/DVHS Robotics/bubonic-corona/venv/lib/python3.12/site-packages/_pyinstaller_hooks_contrib/stdhooks/hook-pyexcel-ods3.py", "Python", 1, 0, 0, 0, 0, 0, 0, 0, 0, 0, 0, 0, 13, 3, 17
"/home/david/DVHS Robotics/bubonic-corona/venv/lib/python3.12/site-packages/_pyinstaller_hooks_contrib/stdhooks/hook-pyexcel-odsr.py", "Python", 1, 0, 0, 0, 0, 0, 0, 0, 0, 0, 0, 0, 13, 3, 17
"/home/david/DVHS Robotics/bubonic-corona/venv/lib/python3.12/site-packages/_pyinstaller_hooks_contrib/stdhooks/hook-pyexcel-xls.py", "Python", 1, 0, 0, 0, 0, 0, 0, 0, 0, 0, 0, 0, 13, 3, 17
"/home/david/DVHS Robotics/bubonic-corona/venv/lib/python3.12/site-packages/_pyinstaller_hooks_contrib/stdhooks/hook-pyexcel-xlsx.py", "Python", 1, 0, 0, 0, 0, 0, 0, 0, 0, 0, 0, 0, 13, 3, 17
"/home/david/DVHS Robotics/bubonic-corona/venv/lib/python3.12/site-packages/_pyinstaller_hooks_contrib/stdhooks/hook-pyexcel-xlsxw.py", "Python", 1, 0, 0, 0, 0, 0, 0, 0, 0, 0, 0, 0, 13, 3, 17
"/home/david/DVHS Robotics/bubonic-corona/venv/lib/python3.12/site-packages/_pyinstaller_hooks_contrib/stdhooks/hook-pyexcel.py", "Python", 14, 0, 0, 0, 0, 0, 0, 0, 0, 0, 0, 0, 13, 3, 30
"/home/david/DVHS Robotics/bubonic-corona/venv/lib/python3.12/site-packages/_pyinstaller_hooks_contrib/stdhooks/hook-pyexcel_io.py", "Python", 11, 0, 0, 0, 0, 0, 0, 0, 0, 0, 0, 0, 13, 3, 27
"/home/david/DVHS Robotics/bubonic-corona/venv/lib/python3.12/site-packages/_pyinstaller_hooks_contrib/stdhooks/hook-pyexcel_ods.py", "Python", 1, 0, 0, 0, 0, 0, 0, 0, 0, 0, 0, 0, 13, 3, 17
"/home/david/DVHS Robotics/bubonic-corona/venv/lib/python3.12/site-packages/_pyinstaller_hooks_contrib/stdhooks/hook-pyexcel_ods3.py", "Python", 1, 0, 0, 0, 0, 0, 0, 0, 0, 0, 0, 0, 13, 3, 17
"/home/david/DVHS Robotics/bubonic-corona/venv/lib/python3.12/site-packages/_pyinstaller_hooks_contrib/stdhooks/hook-pyexcel_odsr.py", "Python", 1, 0, 0, 0, 0, 0, 0, 0, 0, 0, 0, 0, 13, 3, 17
"/home/david/DVHS Robotics/bubonic-corona/venv/lib/python3.12/site-packages/_pyinstaller_hooks_contrib/stdhooks/hook-pyexcel_xls.py", "Python", 1, 0, 0, 0, 0, 0, 0, 0, 0, 0, 0, 0, 13, 3, 17
"/home/david/DVHS Robotics/bubonic-corona/venv/lib/python3.12/site-packages/_pyinstaller_hooks_contrib/stdhooks/hook-pyexcel_xlsx.py", "Python", 1, 0, 0, 0, 0, 0, 0, 0, 0, 0, 0, 0, 13, 3, 17
"/home/david/DVHS Robotics/bubonic-corona/venv/lib/python3.12/site-packages/_pyinstaller_hooks_contrib/stdhooks/hook-pyexcel_xlsxw.py", "Python", 1, 0, 0, 0, 0, 0, 0, 0, 0, 0, 0, 0, 13, 3, 17
"/home/david/DVHS Robotics/bubonic-corona/venv/lib/python3.12/site-packages/_pyinstaller_hooks_contrib/stdhooks/hook-pyexcelerate.Writer.py", "Python", 2, 0, 0, 0, 0, 0, 0, 0, 0, 0, 0, 0, 11, 3, 16
"/home/david/DVHS Robotics/bubonic-corona/venv/lib/python3.12/site-packages/_pyinstaller_hooks_contrib/stdhooks/hook-pygraphviz.py", "Python", 84, 0, 0, 0, 0, 0, 0, 0, 0, 0, 0, 0, 40, 22, 146
"/home/david/DVHS Robotics/bubonic-corona/venv/lib/python3.12/site-packages/_pyinstaller_hooks_contrib/stdhooks/hook-pygwalker.py", "Python", 2, 0, 0, 0, 0, 0, 0, 0, 0, 0, 0, 0, 11, 3, 16
"/home/david/DVHS Robotics/bubonic-corona/venv/lib/python3.12/site-packages/_pyinstaller_hooks_contrib/stdhooks/hook-pylibmagic.py", "Python", 2, 0, 0, 0, 0, 0, 0, 0, 0, 0, 0, 0, 14, 3, 19
"/home/david/DVHS Robotics/bubonic-corona/venv/lib/python3.12/site-packages/_pyinstaller_hooks_contrib/stdhooks/hook-pylint.py", "Python", 14, 0, 0, 0, 0, 0, 0, 0, 0, 0, 0, 0, 55, 7, 76
"/home/david/DVHS Robotics/bubonic-corona/venv/lib/python3.12/site-packages/_pyinstaller_hooks_contrib/stdhooks/hook-pylsl.py", "Python", 18, 0, 0, 0, 0, 0, 0, 0, 0, 0, 0, 0, 16, 9, 43
"/home/david/DVHS Robotics/bubonic-corona/venv/lib/python3.12/site-packages/_pyinstaller_hooks_contrib/stdhooks/hook-pymediainfo.py", "Python", 22, 0, 0, 0, 0, 0, 0, 0, 0, 0, 0, 0, 14, 9, 45
"/home/david/DVHS Robotics/bubonic-corona/venv/lib/python3.12/site-packages/_pyinstaller_hooks_contrib/stdhooks/hook-pymeshlab.py", "Python", 13, 0, 0, 0, 0, 0, 0, 0, 0, 0, 0, 0, 25, 4, 42
"/home/david/DVHS Robotics/bubonic-corona/venv/lib/python3.12/site-packages/_pyinstaller_hooks_contrib/stdhooks/hook-pymorphy3.py", "Python", 8, 0, 0, 0, 0, 0, 0, 0, 0, 0, 0, 0, 12, 6, 26
"/home/david/DVHS Robotics/bubonic-corona/venv/lib/python3.12/site-packages/_pyinstaller_hooks_contrib/stdhooks/hook-pymssql.py", "Python", 6, 0, 0, 0, 0, 0, 0, 0, 0, 0, 0, 0, 12, 3, 21
"/home/david/DVHS Robotics/bubonic-corona/venv/lib/python3.12/site-packages/_pyinstaller_hooks_contrib/stdhooks/hook-pynng.py", "Python", 1, 0, 0, 0, 0, 0, 0, 0, 0, 0, 0, 0, 14, 2, 17
"/home/david/DVHS Robotics/bubonic-corona/venv/lib/python3.12/site-packages/_pyinstaller_hooks_contrib/stdhooks/hook-pynput.py", "Python", 2, 0, 0, 0, 0, 0, 0, 0, 0, 0, 0, 0, 11, 3, 16
"/home/david/DVHS Robotics/bubonic-corona/venv/lib/python3.12/site-packages/_pyinstaller_hooks_contrib/stdhooks/hook-pyodbc.py", "Python", 2, 0, 0, 0, 0, 0, 0, 0, 0, 0, 0, 0, 15, 3, 20
"/home/david/DVHS Robotics/bubonic-corona/venv/lib/python3.12/site-packages/_pyinstaller_hooks_contrib/stdhooks/hook-pyopencl.py", "Python", 3, 0, 0, 0, 0, 0, 0, 0, 0, 0, 0, 0, 12, 4, 19
"/home/david/DVHS Robotics/bubonic-corona/venv/lib/python3.12/site-packages/_pyinstaller_hooks_contrib/stdhooks/hook-pypdfium2.py", "Python", 2, 0, 0, 0, 0, 0, 0, 0, 0, 0, 0, 0, 12, 3, 17
"/home/david/DVHS Robotics/bubonic-corona/venv/lib/python3.12/site-packages/_pyinstaller_hooks_contrib/stdhooks/hook-pypdfium2_raw.py", "Python", 3, 0, 0, 0, 0, 0, 0, 0, 0, 0, 0, 0, 13, 4, 20
"/home/david/DVHS Robotics/bubonic-corona/venv/lib/python3.12/site-packages/_pyinstaller_hooks_contrib/stdhooks/hook-pypemicro.py", "Python", 26, 0, 0, 0, 0, 0, 0, 0, 0, 0, 0, 0, 12, 6, 44
"/home/david/DVHS Robotics/bubonic-corona/venv/lib/python3.12/site-packages/_pyinstaller_hooks_contrib/stdhooks/hook-pyphen.py", "Python", 2, 0, 0, 0, 0, 0, 0, 0, 0, 0, 0, 0, 11, 3, 16
"/home/david/DVHS Robotics/bubonic-corona/venv/lib/python3.12/site-packages/_pyinstaller_hooks_contrib/stdhooks/hook-pyppeteer.py", "Python", 2, 0, 0, 0, 0, 0, 0, 0, 0, 0, 0, 0, 12, 3, 17
"/home/david/DVHS Robotics/bubonic-corona/venv/lib/python3.12/site-packages/_pyinstaller_hooks_contrib/stdhooks/hook-pyproj.py", "Python", 37, 0, 0, 0, 0, 0, 0, 0, 0, 0, 0, 0, 23, 13, 73
"/home/david/DVHS Robotics/bubonic-corona/venv/lib/python3.12/site-packages/_pyinstaller_hooks_contrib/stdhooks/hook-pypsexec.py", "Python", 2, 0, 0, 0, 0, 0, 0, 0, 0, 0, 0, 0, 13, 4, 19
"/home/david/DVHS Robotics/bubonic-corona/venv/lib/python3.12/site-packages/_pyinstaller_hooks_contrib/stdhooks/hook-pypylon.py", "Python", 14, 0, 0, 0, 0, 0, 0, 0, 0, 0, 0, 0, 28, 7, 49
"/home/david/DVHS Robotics/bubonic-corona/venv/lib/python3.12/site-packages/_pyinstaller_hooks_contrib/stdhooks/hook-pyqtgraph.py", "Python", 14, 0, 0, 0, 0, 0, 0, 0, 0, 0, 0, 0, 37, 6, 57
"/home/david/DVHS Robotics/bubonic-corona/venv/lib/python3.12/site-packages/_pyinstaller_hooks_contrib/stdhooks/hook-pyshark.py", "Python", 7, 0, 0, 0, 0, 0, 0, 0, 0, 0, 0, 0, 13, 6, 26
"/home/david/DVHS Robotics/bubonic-corona/venv/lib/python3.12/site-packages/_pyinstaller_hooks_contrib/stdhooks/hook-pysnmp.py", "Python", 3, 0, 0, 0, 0, 0, 0, 0, 0, 0, 0, 0, 11, 3, 17
"/home/david/DVHS Robotics/bubonic-corona/venv/lib/python3.12/site-packages/_pyinstaller_hooks_contrib/stdhooks/hook-pystray.py", "Python", 2, 0, 0, 0, 0, 0, 0, 0, 0, 0, 0, 0, 13, 2, 17
"/home/david/DVHS Robotics/bubonic-corona/venv/lib/python3.12/site-packages/_pyinstaller_hooks_contrib/stdhooks/hook-pytest.py", "Python", 2, 0, 0, 0, 0, 0, 0, 0, 0, 0, 0, 0, 14, 3, 19
"/home/david/DVHS Robotics/bubonic-corona/venv/lib/python3.12/site-packages/_pyinstaller_hooks_contrib/stdhooks/hook-pythainlp.py", "Python", 2, 0, 0, 0, 0, 0, 0, 0, 0, 0, 0, 0, 11, 3, 16
"/home/david/DVHS Robotics/bubonic-corona/venv/lib/python3.12/site-packages/_pyinstaller_hooks_contrib/stdhooks/hook-pythoncom.py", "Python", 9, 0, 0, 0, 0, 0, 0, 0, 0, 0, 0, 0, 16, 7, 32
"/home/david/DVHS Robotics/bubonic-corona/venv/lib/python3.12/site-packages/_pyinstaller_hooks_contrib/stdhooks/hook-pytokens.py", "Python", 2, 0, 0, 0, 0, 0, 0, 0, 0, 0, 0, 0, 13, 2, 17
"/home/david/DVHS Robotics/bubonic-corona/venv/lib/python3.12/site-packages/_pyinstaller_hooks_contrib/stdhooks/hook-pyttsx.py", "Python", 7, 0, 0, 0, 0, 0, 0, 0, 0, 0, 0, 0, 15, 2, 24
"/home/david/DVHS Robotics/bubonic-corona/venv/lib/python3.12/site-packages/_pyinstaller_hooks_contrib/stdhooks/hook-pyttsx3.py", "Python", 10, 0, 0, 0, 0, 0, 0, 0, 0, 0, 0, 0, 15, 6, 31
"/home/david/DVHS Robotics/bubonic-corona/venv/lib/python3.12/site-packages/_pyinstaller_hooks_contrib/stdhooks/hook-pyviz_comms.py", "Python", 2, 0, 0, 0, 0, 0, 0, 0, 0, 0, 0, 0, 11, 3, 16
"/home/david/DVHS Robotics/bubonic-corona/venv/lib/python3.12/site-packages/_pyinstaller_hooks_contrib/stdhooks/hook-pyvjoy.py", "Python", 2, 0, 0, 0, 0, 0, 0, 0, 0, 0, 0, 0, 11, 2, 15
"/home/david/DVHS Robotics/bubonic-corona/venv/lib/python3.12/site-packages/_pyinstaller_hooks_contrib/stdhooks/hook-pywintypes.py", "Python", 9, 0, 0, 0, 0, 0, 0, 0, 0, 0, 0, 0, 16, 7, 32
"/home/david/DVHS Robotics/bubonic-corona/venv/lib/python3.12/site-packages/_pyinstaller_hooks_contrib/stdhooks/hook-pywt.py", "Python", 1, 0, 0, 0, 0, 0, 0, 0, 0, 0, 0, 0, 17, 4, 22
"/home/david/DVHS Robotics/bubonic-corona/venv/lib/python3.12/site-packages/_pyinstaller_hooks_contrib/stdhooks/hook-qtmodern.py", "Python", 2, 0, 0, 0, 0, 0, 0, 0, 0, 0, 0, 0, 11, 3, 16
"/home/david/DVHS Robotics/bubonic-corona/venv/lib/python3.12/site-packages/_pyinstaller_hooks_contrib/stdhooks/hook-radicale.py", "Python", 3, 0, 0, 0, 0, 0, 0, 0, 0, 0, 0, 0, 11, 3, 17
"/home/david/DVHS Robotics/bubonic-corona/venv/lib/python3.12/site-packages/_pyinstaller_hooks_contrib/stdhooks/hook-raven.py", "Python", 1, 0, 0, 0, 0, 0, 0, 0, 0, 0, 0, 0, 11, 2, 14
"/home/david/DVHS Robotics/bubonic-corona/venv/lib/python3.12/site-packages/_pyinstaller_hooks_contrib/stdhooks/hook-rawpy.py", "Python", 1, 0, 0, 0, 0, 0, 0, 0, 0, 0, 0, 0, 13, 3, 17
"/home/david/DVHS Robotics/bubonic-corona/venv/lib/python3.12/site-packages/_pyinstaller_hooks_contrib/stdhooks/hook-rdflib.py", "Python", 2, 0, 0, 0, 0, 0, 0, 0, 0, 0, 0, 0, 11, 3, 16
"/home/david/DVHS Robotics/bubonic-corona/venv/lib/python3.12/site-packages/_pyinstaller_hooks_contrib/stdhooks/hook-redmine.py", "Python", 1, 0, 0, 0, 0, 0, 0, 0, 0, 0, 0, 0, 11, 2, 14
"/home/david/DVHS Robotics/bubonic-corona/venv/lib/python3.12/site-packages/_pyinstaller_hooks_contrib/stdhooks/hook-regex.py", "Python", 1, 0, 0, 0, 0, 0, 0, 0, 0, 0, 0, 0, 11, 2, 14
"/home/david/DVHS Robotics/bubonic-corona/venv/lib/python3.12/site-packages/_pyinstaller_hooks_contrib/stdhooks/hook-reportlab.lib.utils.py", "Python", 3, 0, 0, 0, 0, 0, 0, 0, 0, 0, 0, 0, 12, 2, 17
"/home/david/DVHS Robotics/bubonic-corona/venv/lib/python3.12/site-packages/_pyinstaller_hooks_contrib/stdhooks/hook-reportlab.pdfbase._fontdata.py", "Python", 3, 0, 0, 0, 0, 0, 0, 0, 0, 0, 0, 0, 13, 3, 19
"/home/david/DVHS Robotics/bubonic-corona/venv/lib/python3.12/site-packages/_pyinstaller_hooks_contrib/stdhooks/hook-resampy.py", "Python", 2, 0, 0, 0, 0, 0, 0, 0, 0, 0, 0, 0, 13, 3, 18
"/home/david/DVHS Robotics/bubonic-corona/venv/lib/python3.12/site-packages/_pyinstaller_hooks_contrib/stdhooks/hook-rich.py", "Python", 3, 0, 0, 0, 0, 0, 0, 0, 0, 0, 0, 0, 12, 3, 18
"/home/david/DVHS Robotics/bubonic-corona/venv/lib/python3.12/site-packages/_pyinstaller_hooks_contrib/stdhooks/hook-rlp.py", "Python", 3, 0, 0, 0, 0, 0, 0, 0, 0, 0, 0, 0, 12, 3, 18
"/home/david/DVHS Robotics/bubonic-corona/venv/lib/python3.12/site-packages/_pyinstaller_hooks_contrib/stdhooks/hook-rpy2.py", "Python", 6, 0, 0, 0, 0, 0, 0, 0, 0, 0, 0, 0, 11, 2, 19
"/home/david/DVHS Robotics/bubonic-corona/venv/lib/python3.12/site-packages/_pyinstaller_hooks_contrib/stdhooks/hook-rtree.py", "Python", 21, 0, 0, 0, 0, 0, 0, 0, 0, 0, 0, 0, 18, 8, 47
"/home/david/DVHS Robotics/bubonic-corona/venv/lib/python3.12/site-packages/_pyinstaller_hooks_contrib/stdhooks/hook-ruamel.yaml.py", "Python", 12, 0, 0, 0, 0, 0, 0, 0, 0, 0, 0, 0, 19, 9, 40
"/home/david/DVHS Robotics/bubonic-corona/venv/lib/python3.12/site-packages/_pyinstaller_hooks_contrib/stdhooks/hook-rubicon.py", "Python", 1, 0, 0, 0, 0, 0, 0, 0, 0, 0, 0, 0, 12, 2, 15
"/home/david/DVHS Robotics/bubonic-corona/venv/lib/python3.12/site-packages/_pyinstaller_hooks_contrib/stdhooks/hook-sacremoses.py", "Python", 2, 0, 0, 0, 0, 0, 0, 0, 0, 0, 0, 0, 11, 3, 16
"/home/david/DVHS Robotics/bubonic-corona/venv/lib/python3.12/site-packages/_pyinstaller_hooks_contrib/stdhooks/hook-sam2.py", "Python", 7, 0, 0, 0, 0, 0, 0, 0, 0, 0, 0, 0, 18, 6, 31
"/home/david/DVHS Robotics/bubonic-corona/venv/lib/python3.12/site-packages/_pyinstaller_hooks_contrib/stdhooks/hook-saml2.py", "Python", 4, 0, 0, 0, 0, 0, 0, 0, 0, 0, 0, 0, 17, 5, 26
"/home/david/DVHS Robotics/bubonic-corona/venv/lib/python3.12/site-packages/_pyinstaller_hooks_contrib/stdhooks/hook-schwifty.py", "Python", 3, 0, 0, 0, 0, 0, 0, 0, 0, 0, 0, 0, 11, 3, 17
"/home/david/DVHS Robotics/bubonic-corona/venv/lib/python3.12/site-packages/_pyinstaller_hooks_contrib/stdhooks/hook-seedir.py", "Python", 2, 0, 0, 0, 0, 0, 0, 0, 0, 0, 0, 0, 11, 3, 16
"/home/david/DVHS Robotics/bubonic-corona/venv/lib/python3.12/site-packages/_pyinstaller_hooks_contrib/stdhooks/hook-selectolax.py", "Python", 2, 0, 0, 0, 0, 0, 0, 0, 0, 0, 0, 0, 11, 3, 16
"/home/david/DVHS Robotics/bubonic-corona/venv/lib/python3.12/site-packages/_pyinstaller_hooks_contrib/stdhooks/hook-selenium.py", "Python", 2, 0, 0, 0, 0, 0, 0, 0, 0, 0, 0, 0, 11, 3, 16
"/home/david/DVHS Robotics/bubonic-corona/venv/lib/python3.12/site-packages/_pyinstaller_hooks_contrib/stdhooks/hook-sentry_sdk.py", "Python", 17, 0, 0, 0, 0, 0, 0, 0, 0, 0, 0, 0, 14, 9, 40
"/home/david/DVHS Robotics/bubonic-corona/venv/lib/python3.12/site-packages/_pyinstaller_hooks_contrib/stdhooks/hook-setuptools_scm.py", "Python", 2, 0, 0, 0, 0, 0, 0, 0, 0, 0, 0, 0, 13, 3, 18
"/home/david/DVHS Robotics/bubonic-corona/venv/lib/python3.12/site-packages/_pyinstaller_hooks_contrib/stdhooks/hook-shapely.py", "Python", 52, 0, 0, 0, 0, 0, 0, 0, 0, 0, 0, 0, 41, 13, 106
"/home/david/DVHS Robotics/bubonic-corona/venv/lib/python3.12/site-packages/_pyinstaller_hooks_contrib/stdhooks/hook-shotgun_api3.py", "Python", 3, 0, 0, 0, 0, 0, 0, 0, 0, 0, 0, 0, 17, 4, 24
"/home/david/DVHS Robotics/bubonic-corona/venv/lib/python3.12/site-packages/_pyinstaller_hooks_contrib/stdhooks/hook-simplemma.py", "Python", 2, 0, 0, 0, 0, 0, 0, 0, 0, 0, 0, 0, 11, 3, 16
"/home/david/DVHS Robotics/bubonic-corona/venv/lib/python3.12/site-packages/_pyinstaller_hooks_contrib/stdhooks/hook-skimage.color.py", "Python", 4, 0, 0, 0, 0, 0, 0, 0, 0, 0, 0, 0, 13, 3, 20
"/home/david/DVHS Robotics/bubonic-corona/venv/lib/python3.12/site-packages/_pyinstaller_hooks_contrib/stdhooks/hook-skimage.data.py", "Python", 4, 0, 0, 0, 0, 0, 0, 0, 0, 0, 0, 0, 13, 3, 20
"/home/david/DVHS Robotics/bubonic-corona/venv/lib/python3.12/site-packages/_pyinstaller_hooks_contrib/stdhooks/hook-skimage.draw.py", "Python", 4, 0, 0, 0, 0, 0, 0, 0, 0, 0, 0, 0, 13, 3, 20
"/home/david/DVHS Robotics/bubonic-corona/venv/lib/python3.12/site-packages/_pyinstaller_hooks_contrib/stdhooks/hook-skimage.exposure.py", "Python", 4, 0, 0, 0, 0, 0, 0, 0, 0, 0, 0, 0, 13, 3, 20
"/home/david/DVHS Robotics/bubonic-corona/venv/lib/python3.12/site-packages/_pyinstaller_hooks_contrib/stdhooks/hook-skimage.feature.py", "Python", 6, 0, 0, 0, 0, 0, 0, 0, 0, 0, 0, 0, 16, 5, 27
"/home/david/DVHS Robotics/bubonic-corona/venv/lib/python3.12/site-packages/_pyinstaller_hooks_contrib/stdhooks/hook-skimage.filters.py", "Python", 7, 0, 0, 0, 0, 0, 0, 0, 0, 0, 0, 0, 14, 4, 25
"/home/david/DVHS Robotics/bubonic-corona/venv/lib/python3.12/site-packages/_pyinstaller_hooks_contrib/stdhooks/hook-skimage.future.py", "Python", 4, 0, 0, 0, 0, 0, 0, 0, 0, 0, 0, 0, 13, 3, 20
"/home/david/DVHS Robotics/bubonic-corona/venv/lib/python3.12/site-packages/_pyinstaller_hooks_contrib/stdhooks/hook-skimage.graph.py", "Python", 5, 0, 0, 0, 0, 0, 0, 0, 0, 0, 0, 0, 14, 4, 23
"/home/david/DVHS Robotics/bubonic-corona/venv/lib/python3.12/site-packages/_pyinstaller_hooks_contrib/stdhooks/hook-skimage.io.py", "Python", 3, 0, 0, 0, 0, 0, 0, 0, 0, 0, 0, 0, 13, 4, 20
"/home/david/DVHS Robotics/bubonic-corona/venv/lib/python3.12/site-packages/_pyinstaller_hooks_contrib/stdhooks/hook-skimage.measure.py", "Python", 4, 0, 0, 0, 0, 0, 0, 0, 0, 0, 0, 0, 13, 3, 20
"/home/david/DVHS Robotics/bubonic-corona/venv/lib/python3.12/site-packages/_pyinstaller_hooks_contrib/stdhooks/hook-skimage.metrics.py", "Python", 4, 0, 0, 0, 0, 0, 0, 0, 0, 0, 0, 0, 13, 3, 20
"/home/david/DVHS Robotics/bubonic-corona/venv/lib/python3.12/site-packages/_pyinstaller_hooks_contrib/stdhooks/hook-skimage.morphology.py", "Python", 3, 0, 0, 0, 0, 0, 0, 0, 0, 0, 0, 0, 12, 3, 18
"/home/david/DVHS Robotics/bubonic-corona/venv/lib/python3.12/site-packages/_pyinstaller_hooks_contrib/stdhooks/hook-skimage.py", "Python", 3, 0, 0, 0, 0, 0, 0, 0, 0, 0, 0, 0, 12, 3, 18
"/home/david/DVHS Robotics/bubonic-corona/venv/lib/python3.12/site-packages/_pyinstaller_hooks_contrib/stdhooks/hook-skimage.registration.py", "Python", 4, 0, 0, 0, 0, 0, 0, 0, 0, 0, 0, 0, 13, 3, 20
"/home/david/DVHS Robotics/bubonic-corona/venv/lib/python3.12/site-packages/_pyinstaller_hooks_contrib/stdhooks/hook-skimage.restoration.py", "Python", 4, 0, 0, 0, 0, 0, 0, 0, 0, 0, 0, 0, 13, 3, 20
"/home/david/DVHS Robotics/bubonic-corona/venv/lib/python3.12/site-packages/_pyinstaller_hooks_contrib/stdhooks/hook-skimage.segmentation.py", "Python", 4, 0, 0, 0, 0, 0, 0, 0, 0, 0, 0, 0, 13, 3, 20
"/home/david/DVHS Robotics/bubonic-corona/venv/lib/python3.12/site-packages/_pyinstaller_hooks_contrib/stdhooks/hook-skimage.transform.py", "Python", 8, 0, 0, 0, 0, 0, 0, 0, 0, 0, 0, 0, 14, 3, 25
"/home/david/DVHS Robotics/bubonic-corona/venv/lib/python3.12/site-packages/_pyinstaller_hooks_contrib/stdhooks/hook-sklearn.cluster.py", "Python", 3, 0, 0, 0, 0, 0, 0, 0, 0, 0, 0, 0, 13, 3, 19
"/home/david/DVHS Robotics/bubonic-corona/venv/lib/python3.12/site-packages/_pyinstaller_hooks_contrib/stdhooks/hook-sklearn.externals.array_api_compat.cupy.py", "Python", 4, 0, 0, 0, 0, 0, 0, 0, 0, 0, 0, 0, 16, 2, 22
"/home/david/DVHS Robotics/bubonic-corona/venv/lib/python3.12/site-packages/_pyinstaller_hooks_contrib/stdhooks/hook-sklearn.externals.array_api_compat.dask.array.py", "Python", 4, 0, 0, 0, 0, 0, 0, 0, 0, 0, 0, 0, 16, 2, 22
"/home/david/DVHS Robotics/bubonic-corona/venv/lib/python3.12/site-packages/_pyinstaller_hooks_contrib/stdhooks/hook-sklearn.externals.array_api_compat.numpy.py", "Python", 4, 0, 0, 0, 0, 0, 0, 0, 0, 0, 0, 0, 16, 2, 22
"/home/david/DVHS Robotics/bubonic-corona/venv/lib/python3.12/site-packages/_pyinstaller_hooks_contrib/stdhooks/hook-sklearn.externals.array_api_compat.torch.py", "Python", 4, 0, 0, 0, 0, 0, 0, 0, 0, 0, 0, 0, 16, 2, 22
"/home/david/DVHS Robotics/bubonic-corona/venv/lib/python3.12/site-packages/_pyinstaller_hooks_contrib/stdhooks/hook-sklearn.linear_model.py", "Python", 3, 0, 0, 0, 0, 0, 0, 0, 0, 0, 0, 0, 13, 3, 19
"/home/david/DVHS Robotics/bubonic-corona/venv/lib/python3.12/site-packages/_pyinstaller_hooks_contrib/stdhooks/hook-sklearn.metrics.cluster.py", "Python", 10, 0, 0, 0, 0, 0, 0, 0, 0, 0, 0, 0, 15, 3, 28
"/home/david/DVHS Robotics/bubonic-corona/venv/lib/python3.12/site-packages/_pyinstaller_hooks_contrib/stdhooks/hook-sklearn.metrics.pairwise.py", "Python", 7, 0, 0, 0, 0, 0, 0, 0, 0, 0, 0, 0, 12, 3, 22
"/home/david/DVHS Robotics/bubonic-corona/venv/lib/python3.12/site-packages/_pyinstaller_hooks_contrib/stdhooks/hook-sklearn.metrics.py", "Python", 8, 0, 0, 0, 0, 0, 0, 0, 0, 0, 0, 0, 13, 5, 26
"/home/david/DVHS Robotics/bubonic-corona/venv/lib/python3.12/site-packages/_pyinstaller_hooks_contrib/stdhooks/hook-sklearn.neighbors.py", "Python", 19, 0, 0, 0, 0, 0, 0, 0, 0, 0, 0, 0, 17, 6, 42
"/home/david/DVHS Robotics/bubonic-corona/venv/lib/python3.12/site-packages/_pyinstaller_hooks_contrib/stdhooks/hook-sklearn.py", "Python", 2, 0, 0, 0, 0, 0, 0, 0, 0, 0, 0, 0, 12, 4, 18
"/home/david/DVHS Robotics/bubonic-corona/venv/lib/python3.12/site-packages/_pyinstaller_hooks_contrib/stdhooks/hook-sklearn.tree.py", "Python", 4, 0, 0, 0, 0, 0, 0, 0, 0, 0, 0, 0, 11, 4, 19
"/home/david/DVHS Robotics/bubonic-corona/venv/lib/python3.12/site-packages/_pyinstaller_hooks_contrib/stdhooks/hook-sklearn.utils.py", "Python", 4, 0, 0, 0, 0, 0, 0, 0, 0, 0, 0, 0, 13, 4, 21
"/home/david/DVHS Robotics/bubonic-corona/venv/lib/python3.12/site-packages/_pyinstaller_hooks_contrib/stdhooks/hook-skyfield.py", "Python", 2, 0, 0, 0, 0, 0, 0, 0, 0, 0, 0, 0, 11, 2, 15
"/home/david/DVHS Robotics/bubonic-corona/venv/lib/python3.12/site-packages/_pyinstaller_hooks_contrib/stdhooks/hook-slixmpp.py", "Python", 2, 0, 0, 0, 0, 0, 0, 0, 0, 0, 0, 0, 11, 3, 16
"/home/david/DVHS Robotics/bubonic-corona/venv/lib/python3.12/site-packages/_pyinstaller_hooks_contrib/stdhooks/hook-sound_lib.py", "Python", 2, 0, 0, 0, 0, 0, 0, 0, 0, 0, 0, 0, 14, 3, 19
"/home/david/DVHS Robotics/bubonic-corona/venv/lib/python3.12/site-packages/_pyinstaller_hooks_contrib/stdhooks/hook-sounddevice.py", "Python", 32, 0, 0, 0, 0, 0, 0, 0, 0, 0, 0, 0, 20, 11, 63
"/home/david/DVHS Robotics/bubonic-corona/venv/lib/python3.12/site-packages/_pyinstaller_hooks_contrib/stdhooks/hook-soundfile.py", "Python", 32, 0, 0, 0, 0, 0, 0, 0, 0, 0, 0, 0, 20, 11, 63
"/home/david/DVHS Robotics/bubonic-corona/venv/lib/python3.12/site-packages/_pyinstaller_hooks_contrib/stdhooks/hook-spacy.py", "Python", 3, 0, 0, 0, 0, 0, 0, 0, 0, 0, 0, 0, 14, 3, 20
"/home/david/DVHS Robotics/bubonic-corona/venv/lib/python3.12/site-packages/_pyinstaller_hooks_contrib/stdhooks/hook-speech_recognition.py", "Python", 2, 0, 0, 0, 0, 0, 0, 0, 0, 0, 0, 0, 13, 4, 19
"/home/david/DVHS Robotics/bubonic-corona/venv/lib/python3.12/site-packages/_pyinstaller_hooks_contrib/stdhooks/hook-spiceypy.py", "Python", 2, 0, 0, 0, 0, 0, 0, 0, 0, 0, 0, 0, 13, 4, 19
"/home/david/DVHS Robotics/bubonic-corona/venv/lib/python3.12/site-packages/_pyinstaller_hooks_contrib/stdhooks/hook-spnego.py", "Python", 2, 0, 0, 0, 0, 0, 0, 0, 0, 0, 0, 0, 11, 3, 16
"/home/david/DVHS Robotics/bubonic-corona/venv/lib/python3.12/site-packages/_pyinstaller_hooks_contrib/stdhooks/hook-srsly.msgpack._packer.py", "Python", 1, 0, 0, 0, 0, 0, 0, 0, 0, 0, 0, 0, 15, 2, 18
"/home/david/DVHS Robotics/bubonic-corona/venv/lib/python3.12/site-packages/_pyinstaller_hooks_contrib/stdhooks/hook-sspilib.raw.py", "Python", 3, 0, 0, 0, 0, 0, 0, 0, 0, 0, 0, 0, 14, 4, 21
"/home/david/DVHS Robotics/bubonic-corona/venv/lib/python3.12/site-packages/_pyinstaller_hooks_contrib/stdhooks/hook-statsmodels.tsa.statespace.py", "Python", 3, 0, 0, 0, 0, 0, 0, 0, 0, 0, 0, 0, 11, 3, 17
"/home/david/DVHS Robotics/bubonic-corona/venv/lib/python3.12/site-packages/_pyinstaller_hooks_contrib/stdhooks/hook-stdnum.py", "Python", 2, 0, 0, 0, 0, 0, 0, 0, 0, 0, 0, 0, 12, 3, 17
"/home/david/DVHS Robotics/bubonic-corona/venv/lib/python3.12/site-packages/_pyinstaller_hooks_contrib/stdhooks/hook-storm.database.py", "Python", 5, 0, 0, 0, 0, 0, 0, 0, 0, 0, 0, 0, 14, 2, 21
"/home/david/DVHS Robotics/bubonic-corona/venv/lib/python3.12/site-packages/_pyinstaller_hooks_contrib/stdhooks/hook-sudachipy.py", "Python", 12, 0, 0, 0, 0, 0, 0, 0, 0, 0, 0, 0, 13, 6, 31
"/home/david/DVHS Robotics/bubonic-corona/venv/lib/python3.12/site-packages/_pyinstaller_hooks_contrib/stdhooks/hook-sunpy.py", "Python", 5, 0, 0, 0, 0, 0, 0, 0, 0, 0, 0, 0, 12, 4, 21
"/home/david/DVHS Robotics/bubonic-corona/venv/lib/python3.12/site-packages/_pyinstaller_hooks_contrib/stdhooks/hook-sv_ttk.py", "Python", 2, 0, 0, 0, 0, 0, 0, 0, 0, 0, 0, 0, 12, 3, 17
"/home/david/DVHS Robotics/bubonic-corona/venv/lib/python3.12/site-packages/_pyinstaller_hooks_contrib/stdhooks/hook-swagger_spec_validator.py", "Python", 2, 0, 0, 0, 0, 0, 0, 0, 0, 0, 0, 0, 11, 3, 16
"/home/david/DVHS Robotics/bubonic-corona/venv/lib/python3.12/site-packages/_pyinstaller_hooks_contrib/stdhooks/hook-tableauhyperapi.py", "Python", 2, 0, 0, 0, 0, 0, 0, 0, 0, 0, 0, 0, 11, 3, 16
"/home/david/DVHS Robotics/bubonic-corona/venv/lib/python3.12/site-packages/_pyinstaller_hooks_contrib/stdhooks/hook-tables.py", "Python", 9, 0, 0, 0, 0, 0, 0, 0, 0, 0, 0, 0, 17, 5, 31
"/home/david/DVHS Robotics/bubonic-corona/venv/lib/python3.12/site-packages/_pyinstaller_hooks_contrib/stdhooks/hook-tcod.py", "Python", 3, 0, 0, 0, 0, 0, 0, 0, 0, 0, 0, 0, 15, 3, 21
"/home/david/DVHS Robotics/bubonic-corona/venv/lib/python3.12/site-packages/_pyinstaller_hooks_contrib/stdhooks/hook-tensorflow.py", "Python", 108, 0, 0, 0, 0, 0, 0, 0, 0, 0, 0, 0, 56, 25, 189
"/home/david/DVHS Robotics/bubonic-corona/venv/lib/python3.12/site-packages/_pyinstaller_hooks_contrib/stdhooks/hook-text_unidecode.py", "Python", 6, 0, 0, 0, 0, 0, 0, 0, 0, 0, 0, 0, 16, 4, 26
"/home/david/DVHS Robotics/bubonic-corona/venv/lib/python3.12/site-packages/_pyinstaller_hooks_contrib/stdhooks/hook-textdistance.py", "Python", 2, 0, 0, 0, 0, 0, 0, 0, 0, 0, 0, 0, 12, 4, 18
"/home/david/DVHS Robotics/bubonic-corona/venv/lib/python3.12/site-packages/_pyinstaller_hooks_contrib/stdhooks/hook-thinc.backends.numpy_ops.py", "Python", 1, 0, 0, 0, 0, 0, 0, 0, 0, 0, 0, 0, 15, 2, 18
"/home/david/DVHS Robotics/bubonic-corona/venv/lib/python3.12/site-packages/_pyinstaller_hooks_contrib/stdhooks/hook-thinc.py", "Python", 3, 0, 0, 0, 0, 0, 0, 0, 0, 0, 0, 0, 14, 2, 19
"/home/david/DVHS Robotics/bubonic-corona/venv/lib/python3.12/site-packages/_pyinstaller_hooks_contrib/stdhooks/hook-timezonefinder.py", "Python", 2, 0, 0, 0, 0, 0, 0, 0, 0, 0, 0, 0, 11, 3, 16
"/home/david/DVHS Robotics/bubonic-corona/venv/lib/python3.12/site-packages/_pyinstaller_hooks_contrib/stdhooks/hook-timm.py", "Python", 1, 0, 0, 0, 0, 0, 0, 0, 0, 0, 0, 0, 12, 2, 15
"/home/david/DVHS Robotics/bubonic-corona/venv/lib/python3.12/site-packages/_pyinstaller_hooks_contrib/stdhooks/hook-tinycss2.py", "Python", 3, 0, 0, 0, 0, 0, 0, 0, 0, 0, 0, 0, 16, 3, 22
"/home/david/DVHS Robotics/bubonic-corona/venv/lib/python3.12/site-packages/_pyinstaller_hooks_contrib/stdhooks/hook-tkinterdnd2.py", "Python", 49, 0, 0, 0, 0, 0, 0, 0, 0, 0, 0, 0, 25, 17, 91
"/home/david/DVHS Robotics/bubonic-corona/venv/lib/python3.12/site-packages/_pyinstaller_hooks_contrib/stdhooks/hook-tkinterweb.py", "Python", 2, 0, 0, 0, 0, 0, 0, 0, 0, 0, 0, 0, 12, 3, 17
"/home/david/DVHS Robotics/bubonic-corona/venv/lib/python3.12/site-packages/_pyinstaller_hooks_contrib/stdhooks/hook-tkinterweb_tkhtml.py", "Python", 3, 0, 0, 0, 0, 0, 0, 0, 0, 0, 0, 0, 13, 4, 20
"/home/david/DVHS Robotics/bubonic-corona/venv/lib/python3.12/site-packages/_pyinstaller_hooks_contrib/stdhooks/hook-tkinterweb_tkhtml_extras.py", "Python", 3, 0, 0, 0, 0, 0, 0, 0, 0, 0, 0, 0, 13, 4, 20
"/home/david/DVHS Robotics/bubonic-corona/venv/lib/python3.12/site-packages/_pyinstaller_hooks_contrib/stdhooks/hook-toga.py", "Python", 19, 0, 0, 0, 0, 0, 0, 0, 0, 0, 0, 0, 17, 9, 45
"/home/david/DVHS Robotics/bubonic-corona/venv/lib/python3.12/site-packages/_pyinstaller_hooks_contrib/stdhooks/hook-toga_cocoa.py", "Python", 3, 0, 0, 0, 0, 0, 0, 0, 0, 0, 0, 0, 13, 4, 20
"/home/david/DVHS Robotics/bubonic-corona/venv/lib/python3.12/site-packages/_pyinstaller_hooks_contrib/stdhooks/hook-toga_gtk.py", "Python", 3, 0, 0, 0, 0, 0, 0, 0, 0, 0, 0, 0, 13, 4, 20
"/home/david/DVHS Robotics/bubonic-corona/venv/lib/python3.12/site-packages/_pyinstaller_hooks_contrib/stdhooks/hook-toga_winforms.py", "Python", 16, 0, 0, 0, 0, 0, 0, 0, 0, 0, 0, 0, 18, 7, 41
"/home/david/DVHS Robotics/bubonic-corona/venv/lib/python3.12/site-packages/_pyinstaller_hooks_contrib/stdhooks/hook-torch.py", "Python", 107, 0, 0, 0, 0, 0, 0, 0, 0, 0, 0, 0, 51, 22, 180
"/home/david/DVHS Robotics/bubonic-corona/venv/lib/python3.12/site-packages/_pyinstaller_hooks_contrib/stdhooks/hook-torchao.py", "Python", 1, 0, 0, 0, 0, 0, 0, 0, 0, 0, 0, 0, 12, 2, 15
"/home/david/DVHS Robotics/bubonic-corona/venv/lib/python3.12/site-packages/_pyinstaller_hooks_contrib/stdhooks/hook-torchaudio.py", "Python", 4, 0, 0, 0, 0, 0, 0, 0, 0, 0, 0, 0, 14, 4, 22
"/home/david/DVHS Robotics/bubonic-corona/venv/lib/python3.12/site-packages/_pyinstaller_hooks_contrib/stdhooks/hook-torchtext.py", "Python", 4, 0, 0, 0, 0, 0, 0, 0, 0, 0, 0, 0, 14, 4, 22
"/home/david/DVHS Robotics/bubonic-corona/venv/lib/python3.12/site-packages/_pyinstaller_hooks_contrib/stdhooks/hook-torchvision.io.image.py", "Python", 1, 0, 0, 0, 0, 0, 0, 0, 0, 0, 0, 0, 12, 2, 15
"/home/david/DVHS Robotics/bubonic-corona/venv/lib/python3.12/site-packages/_pyinstaller_hooks_contrib/stdhooks/hook-torchvision.py", "Python", 2, 0, 0, 0, 0, 0, 0, 0, 0, 0, 0, 0, 14, 3, 19
"/home/david/DVHS Robotics/bubonic-corona/venv/lib/python3.12/site-packages/_pyinstaller_hooks_contrib/stdhooks/hook-trame.py", "Python", 1, 0, 0, 0, 0, 0, 0, 0, 0, 0, 0, 0, 11, 2, 14
"/home/david/DVHS Robotics/bubonic-corona/venv/lib/python3.12/site-packages/_pyinstaller_hooks_contrib/stdhooks/hook-trame_client.py", "Python", 2, 0, 0, 0, 0, 0, 0, 0, 0, 0, 0, 0, 11, 3, 16
"/home/david/DVHS Robotics/bubonic-corona/venv/lib/python3.12/site-packages/_pyinstaller_hooks_contrib/stdhooks/hook-trame_code.py", "Python", 2, 0, 0, 0, 0, 0, 0, 0, 0, 0, 0, 0, 11, 3, 16
"/home/david/DVHS Robotics/bubonic-corona/venv/lib/python3.12/site-packages/_pyinstaller_hooks_contrib/stdhooks/hook-trame_components.py", "Python", 2, 0, 0, 0, 0, 0, 0, 0, 0, 0, 0, 0, 11, 3, 16
"/home/david/DVHS Robotics/bubonic-corona/venv/lib/python3.12/site-packages/_pyinstaller_hooks_contrib/stdhooks/hook-trame_datagrid.py", "Python", 2, 0, 0, 0, 0, 0, 0, 0, 0, 0, 0, 0, 11, 3, 16
"/home/david/DVHS Robotics/bubonic-corona/venv/lib/python3.12/site-packages/_pyinstaller_hooks_contrib/stdhooks/hook-trame_deckgl.py", "Python", 2, 0, 0, 0, 0, 0, 0, 0, 0, 0, 0, 0, 11, 3, 16
"/home/david/DVHS Robotics/bubonic-corona/venv/lib/python3.12/site-packages/_pyinstaller_hooks_contrib/stdhooks/hook-trame_formkit.py", "Python", 2, 0, 0, 0, 0, 0, 0, 0, 0, 0, 0, 0, 11, 3, 16
"/home/david/DVHS Robotics/bubonic-corona/venv/lib/python3.12/site-packages/_pyinstaller_hooks_contrib/stdhooks/hook-trame_grid.py", "Python", 2, 0, 0, 0, 0, 0, 0, 0, 0, 0, 0, 0, 11, 3, 16
"/home/david/DVHS Robotics/bubonic-corona/venv/lib/python3.12/site-packages/_pyinstaller_hooks_contrib/stdhooks/hook-trame_iframe.py", "Python", 2, 0, 0, 0, 0, 0, 0, 0, 0, 0, 0, 0, 11, 3, 16
"/home/david/DVHS Robotics/bubonic-corona/venv/lib/python3.12/site-packages/_pyinstaller_hooks_contrib/stdhooks/hook-trame_keycloak.py", "Python", 2, 0, 0, 0, 0, 0, 0, 0, 0, 0, 0, 0, 11, 3, 16
"/home/david/DVHS Robotics/bubonic-corona/venv/lib/python3.12/site-packages/_pyinstaller_hooks_contrib/stdhooks/hook-trame_leaflet.py", "Python", 2, 0, 0, 0, 0, 0, 0, 0, 0, 0, 0, 0, 11, 3, 16
"/home/david/DVHS Robotics/bubonic-corona/venv/lib/python3.12/site-packages/_pyinstaller_hooks_contrib/stdhooks/hook-trame_markdown.py", "Python", 2, 0, 0, 0, 0, 0, 0, 0, 0, 0, 0, 0, 11, 3, 16
"/home/david/DVHS Robotics/bubonic-corona/venv/lib/python3.12/site-packages/_pyinstaller_hooks_contrib/stdhooks/hook-trame_matplotlib.py", "Python", 2, 0, 0, 0, 0, 0, 0, 0, 0, 0, 0, 0, 11, 3, 16
"/home/david/DVHS Robotics/bubonic-corona/venv/lib/python3.12/site-packages/_pyinstaller_hooks_contrib/stdhooks/hook-trame_mesh_streamer.py", "Python", 3, 0, 0, 0, 0, 0, 0, 0, 0, 0, 0, 0, 11, 3, 17
"/home/david/DVHS Robotics/bubonic-corona/venv/lib/python3.12/site-packages/_pyinstaller_hooks_contrib/stdhooks/hook-trame_plotly.py", "Python", 2, 0, 0, 0, 0, 0, 0, 0, 0, 0, 0, 0, 11, 3, 16
"/home/david/DVHS Robotics/bubonic-corona/venv/lib/python3.12/site-packages/_pyinstaller_hooks_contrib/stdhooks/hook-trame_pvui.py", "Python", 2, 0, 0, 0, 0, 0, 0, 0, 0, 0, 0, 0, 11, 3, 16
"/home/david/DVHS Robotics/bubonic-corona/venv/lib/python3.12/site-packages/_pyinstaller_hooks_contrib/stdhooks/hook-trame_quasar.py", "Python", 2, 0, 0, 0, 0, 0, 0, 0, 0, 0, 0, 0, 11, 3, 16
"/home/david/DVHS Robotics/bubonic-corona/venv/lib/python3.12/site-packages/_pyinstaller_hooks_contrib/stdhooks/hook-trame_rca.py", "Python", 2, 0, 0, 0, 0, 0, 0, 0, 0, 0, 0, 0, 11, 3, 16
"/home/david/DVHS Robotics/bubonic-corona/venv/lib/python3.12/site-packages/_pyinstaller_hooks_contrib/stdhooks/hook-trame_router.py", "Python", 2, 0, 0, 0, 0, 0, 0, 0, 0, 0, 0, 0, 11, 3, 16
"/home/david/DVHS Robotics/bubonic-corona/venv/lib/python3.12/site-packages/_pyinstaller_hooks_contrib/stdhooks/hook-trame_simput.py", "Python", 2, 0, 0, 0, 0, 0, 0, 0, 0, 0, 0, 0, 11, 3, 16
"/home/david/DVHS Robotics/bubonic-corona/venv/lib/python3.12/site-packages/_pyinstaller_hooks_contrib/stdhooks/hook-trame_tauri.py", "Python", 2, 0, 0, 0, 0, 0, 0, 0, 0, 0, 0, 0, 11, 3, 16
"/home/david/DVHS Robotics/bubonic-corona/venv/lib/python3.12/site-packages/_pyinstaller_hooks_contrib/stdhooks/hook-trame_tweakpane.py", "Python", 2, 0, 0, 0, 0, 0, 0, 0, 0, 0, 0, 0, 11, 3, 16
"/home/david/DVHS Robotics/bubonic-corona/venv/lib/python3.12/site-packages/_pyinstaller_hooks_contrib/stdhooks/hook-trame_vega.py", "Python", 2, 0, 0, 0, 0, 0, 0, 0, 0, 0, 0, 0, 11, 3, 16
"/home/david/DVHS Robotics/bubonic-corona/venv/lib/python3.12/site-packages/_pyinstaller_hooks_contrib/stdhooks/hook-trame_vtk.py", "Python", 5, 0, 0, 0, 0, 0, 0, 0, 0, 0, 0, 0, 11, 3, 19
"/home/david/DVHS Robotics/bubonic-corona/venv/lib/python3.12/site-packages/_pyinstaller_hooks_contrib/stdhooks/hook-trame_vtk3d.py", "Python", 2, 0, 0, 0, 0, 0, 0, 0, 0, 0, 0, 0, 11, 3, 16
"/home/david/DVHS Robotics/bubonic-corona/venv/lib/python3.12/site-packages/_pyinstaller_hooks_contrib/stdhooks/hook-trame_vtklocal.py", "Python", 3, 0, 0, 0, 0, 0, 0, 0, 0, 0, 0, 0, 11, 3, 17
"/home/david/DVHS Robotics/bubonic-corona/venv/lib/python3.12/site-packages/_pyinstaller_hooks_contrib/stdhooks/hook-trame_vuetify.py", "Python", 2, 0, 0, 0, 0, 0, 0, 0, 0, 0, 0, 0, 11, 3, 16
"/home/david/DVHS Robotics/bubonic-corona/venv/lib/python3.12/site-packages/_pyinstaller_hooks_contrib/stdhooks/hook-trame_xterm.py", "Python", 2, 0, 0, 0, 0, 0, 0, 0, 0, 0, 0, 0, 11, 3, 16
"/home/david/DVHS Robotics/bubonic-corona/venv/lib/python3.12/site-packages/_pyinstaller_hooks_contrib/stdhooks/hook-transformers.py", "Python", 26, 0, 0, 0, 0, 0, 0, 0, 0, 0, 0, 0, 7, 5, 38
"/home/david/DVHS Robotics/bubonic-corona/venv/lib/python3.12/site-packages/_pyinstaller_hooks_contrib/stdhooks/hook-travertino.py", "Python", 3, 0, 0, 0, 0, 0, 0, 0, 0, 0, 0, 0, 13, 4, 20
"/home/david/DVHS Robotics/bubonic-corona/venv/lib/python3.12/site-packages/_pyinstaller_hooks_contrib/stdhooks/hook-trimesh.py", "Python", 2, 0, 0, 0, 0, 0, 0, 0, 0, 0, 0, 0, 13, 3, 18
"/home/david/DVHS Robotics/bubonic-corona/venv/lib/python3.12/site-packages/_pyinstaller_hooks_contrib/stdhooks/hook-triton.py", "Python", 16, 0, 0, 0, 0, 0, 0, 0, 0, 0, 0, 0, 24, 8, 48
"/home/david/DVHS Robotics/bubonic-corona/venv/lib/python3.12/site-packages/_pyinstaller_hooks_contrib/stdhooks/hook-ttkthemes.py", "Python", 2, 0, 0, 0, 0, 0, 0, 0, 0, 0, 0, 0, 53, 2, 57
"/home/david/DVHS Robotics/bubonic-corona/venv/lib/python3.12/site-packages/_pyinstaller_hooks_contrib/stdhooks/hook-ttkwidgets.py", "Python", 2, 0, 0, 0, 0, 0, 0, 0, 0, 0, 0, 0, 34, 3, 39
"/home/david/DVHS Robotics/bubonic-corona/venv/lib/python3.12/site-packages/_pyinstaller_hooks_contrib/stdhooks/hook-tzdata.py", "Python", 3, 0, 0, 0, 0, 0, 0, 0, 0, 0, 0, 0, 16, 4, 23
"/home/david/DVHS Robotics/bubonic-corona/venv/lib/python3.12/site-packages/_pyinstaller_hooks_contrib/stdhooks/hook-tzwhere.py", "Python", 2, 0, 0, 0, 0, 0, 0, 0, 0, 0, 0, 0, 11, 3, 16
"/home/david/DVHS Robotics/bubonic-corona/venv/lib/python3.12/site-packages/_pyinstaller_hooks_contrib/stdhooks/hook-u1db.py", "Python", 2, 0, 0, 0, 0, 0, 0, 0, 0, 0, 0, 0, 27, 3, 32
"/home/david/DVHS Robotics/bubonic-corona/venv/lib/python3.12/site-packages/_pyinstaller_hooks_contrib/stdhooks/hook-ultralytics.py", "Python", 3, 0, 0, 0, 0, 0, 0, 0, 0, 0, 0, 0, 13, 4, 20
"/home/david/DVHS Robotics/bubonic-corona/venv/lib/python3.12/site-packages/_pyinstaller_hooks_contrib/stdhooks/hook-umap.py", "Python", 2, 0, 0, 0, 0, 0, 0, 0, 0, 0, 0, 0, 11, 3, 16
"/home/david/DVHS Robotics/bubonic-corona/venv/lib/python3.12/site-packages/_pyinstaller_hooks_contrib/stdhooks/hook-unidecode.py", "Python", 2, 0, 0, 0, 0, 0, 0, 0, 0, 0, 0, 0, 15, 4, 21
"/home/david/DVHS Robotics/bubonic-corona/venv/lib/python3.12/site-packages/_pyinstaller_hooks_contrib/stdhooks/hook-uniseg.py", "Python", 2, 0, 0, 0, 0, 0, 0, 0, 0, 0, 0, 0, 12, 4, 18
"/home/david/DVHS Robotics/bubonic-corona/venv/lib/python3.12/site-packages/_pyinstaller_hooks_contrib/stdhooks/hook-urllib3.py", "Python", 3, 0, 0, 0, 0, 0, 0, 0, 0, 0, 0, 0, 13, 3, 19
"/home/david/DVHS Robotics/bubonic-corona/venv/lib/python3.12/site-packages/_pyinstaller_hooks_contrib/stdhooks/hook-urllib3_future.py", "Python", 2, 0, 0, 0, 0, 0, 0, 0, 0, 0, 0, 0, 12, 3, 17
"/home/david/DVHS Robotics/bubonic-corona/venv/lib/python3.12/site-packages/_pyinstaller_hooks_contrib/stdhooks/hook-usb.py", "Python", 51, 0, 0, 0, 0, 0, 0, 0, 0, 0, 0, 0, 30, 11, 92
"/home/david/DVHS Robotics/bubonic-corona/venv/lib/python3.12/site-packages/_pyinstaller_hooks_contrib/stdhooks/hook-uuid6.py", "Python", 3, 0, 0, 0, 0, 0, 0, 0, 0, 0, 0, 0, 12, 3, 18
"/home/david/DVHS Robotics/bubonic-corona/venv/lib/python3.12/site-packages/_pyinstaller_hooks_contrib/stdhooks/hook-uvicorn.py", "Python", 2, 0, 0, 0, 0, 0, 0, 0, 0, 0, 0, 0, 11, 3, 16
"/home/david/DVHS Robotics/bubonic-corona/venv/lib/python3.12/site-packages/_pyinstaller_hooks_contrib/stdhooks/hook-uvloop.py", "Python", 2, 0, 0, 0, 0, 0, 0, 0, 0, 0, 0, 0, 15, 3, 20
"/home/david/DVHS Robotics/bubonic-corona/venv/lib/python3.12/site-packages/_pyinstaller_hooks_contrib/stdhooks/hook-vaderSentiment.py", "Python", 2, 0, 0, 0, 0, 0, 0, 0, 0, 0, 0, 0, 11, 3, 16
"/home/david/DVHS Robotics/bubonic-corona/venv/lib/python3.12/site-packages/_pyinstaller_hooks_contrib/stdhooks/hook-vtkmodules.vtkAcceleratorsVTKmCore.py", "Python", 2, 0, 0, 0, 0, 0, 0, 0, 0, 0, 0, 0, 11, 3, 16
"/home/david/DVHS Robotics/bubonic-corona/venv/lib/python3.12/site-packages/_pyinstaller_hooks_contrib/stdhooks/hook-vtkmodules.vtkAcceleratorsVTKmDataModel.py", "Python", 2, 0, 0, 0, 0, 0, 0, 0, 0, 0, 0, 0, 11, 3, 16
"/home/david/DVHS Robotics/bubonic-corona/venv/lib/python3.12/site-packages/_pyinstaller_hooks_contrib/stdhooks/hook-vtkmodules.vtkAcceleratorsVTKmFilters.py", "Python", 2, 0, 0, 0, 0, 0, 0, 0, 0, 0, 0, 0, 11, 3, 16
"/home/david/DVHS Robotics/bubonic-corona/venv/lib/python3.12/site-packages/_pyinstaller_hooks_contrib/stdhooks/hook-vtkmodules.vtkChartsCore.py", "Python", 2, 0, 0, 0, 0, 0, 0, 0, 0, 0, 0, 0, 11, 3, 16
"/home/david/DVHS Robotics/bubonic-corona/venv/lib/python3.12/site-packages/_pyinstaller_hooks_contrib/stdhooks/hook-vtkmodules.vtkCommonColor.py", "Python", 2, 0, 0, 0, 0, 0, 0, 0, 0, 0, 0, 0, 11, 3, 16
"/home/david/DVHS Robotics/bubonic-corona/venv/lib/python3.12/site-packages/_pyinstaller_hooks_contrib/stdhooks/hook-vtkmodules.vtkCommonComputationalGeometry.py", "Python", 2, 0, 0, 0, 0, 0, 0, 0, 0, 0, 0, 0, 11, 3, 16
"/home/david/DVHS Robotics/bubonic-corona/venv/lib/python3.12/site-packages/_pyinstaller_hooks_contrib/stdhooks/hook-vtkmodules.vtkCommonDataModel.py", "Python", 2, 0, 0, 0, 0, 0, 0, 0, 0, 0, 0, 0, 11, 3, 16
"/home/david/DVHS Robotics/bubonic-corona/venv/lib/python3.12/site-packages/_pyinstaller_hooks_contrib/stdhooks/hook-vtkmodules.vtkCommonExecutionModel.py", "Python", 2, 0, 0, 0, 0, 0, 0, 0, 0, 0, 0, 0, 11, 3, 16
"/home/david/DVHS Robotics/bubonic-corona/venv/lib/python3.12/site-packages/_pyinstaller_hooks_contrib/stdhooks/hook-vtkmodules.vtkCommonMath.py", "Python", 2, 0, 0, 0, 0, 0, 0, 0, 0, 0, 0, 0, 11, 3, 16
"/home/david/DVHS Robotics/bubonic-corona/venv/lib/python3.12/site-packages/_pyinstaller_hooks_contrib/stdhooks/hook-vtkmodules.vtkCommonMisc.py", "Python", 2, 0, 0, 0, 0, 0, 0, 0, 0, 0, 0, 0, 11, 3, 16
"/home/david/DVHS Robotics/bubonic-corona/venv/lib/python3.12/site-packages/_pyinstaller_hooks_contrib/stdhooks/hook-vtkmodules.vtkCommonPython.py", "Python", 2, 0, 0, 0, 0, 0, 0, 0, 0, 0, 0, 0, 11, 3, 16
"/home/david/DVHS Robotics/bubonic-corona/venv/lib/python3.12/site-packages/_pyinstaller_hooks_contrib/stdhooks/hook-vtkmodules.vtkCommonSystem.py", "Python", 2, 0, 0, 0, 0, 0, 0, 0, 0, 0, 0, 0, 11, 3, 16
"/home/david/DVHS Robotics/bubonic-corona/venv/lib/python3.12/site-packages/_pyinstaller_hooks_contrib/stdhooks/hook-vtkmodules.vtkCommonTransforms.py", "Python", 2, 0, 0, 0, 0, 0, 0, 0, 0, 0, 0, 0, 11, 3, 16
"/home/david/DVHS Robotics/bubonic-corona/venv/lib/python3.12/site-packages/_pyinstaller_hooks_contrib/stdhooks/hook-vtkmodules.vtkDomainsChemistry.py", "Python", 2, 0, 0, 0, 0, 0, 0, 0, 0, 0, 0, 0, 11, 3, 16
"/home/david/DVHS Robotics/bubonic-corona/venv/lib/python3.12/site-packages/_pyinstaller_hooks_contrib/stdhooks/hook-vtkmodules.vtkDomainsChemistryOpenGL2.py", "Python", 2, 0, 0, 0, 0, 0, 0, 0, 0, 0, 0, 0, 11, 3, 16
"/home/david/DVHS Robotics/bubonic-corona/venv/lib/python3.12/site-packages/_pyinstaller_hooks_contrib/stdhooks/hook-vtkmodules.vtkFiltersAMR.py", "Python", 2, 0, 0, 0, 0, 0, 0, 0, 0, 0, 0, 0, 11, 3, 16
"/home/david/DVHS Robotics/bubonic-corona/venv/lib/python3.12/site-packages/_pyinstaller_hooks_contrib/stdhooks/hook-vtkmodules.vtkFiltersCellGrid.py", "Python", 2, 0, 0, 0, 0, 0, 0, 0, 0, 0, 0, 0, 11, 3, 16
"/home/david/DVHS Robotics/bubonic-corona/venv/lib/python3.12/site-packages/_pyinstaller_hooks_contrib/stdhooks/hook-vtkmodules.vtkFiltersCore.py", "Python", 2, 0, 0, 0, 0, 0, 0, 0, 0, 0, 0, 0, 11, 3, 16
"/home/david/DVHS Robotics/bubonic-corona/venv/lib/python3.12/site-packages/_pyinstaller_hooks_contrib/stdhooks/hook-vtkmodules.vtkFiltersExtraction.py", "Python", 2, 0, 0, 0, 0, 0, 0, 0, 0, 0, 0, 0, 11, 3, 16
"/home/david/DVHS Robotics/bubonic-corona/venv/lib/python3.12/site-packages/_pyinstaller_hooks_contrib/stdhooks/hook-vtkmodules.vtkFiltersFlowPaths.py", "Python", 2, 0, 0, 0, 0, 0, 0, 0, 0, 0, 0, 0, 11, 3, 16
"/home/david/DVHS Robotics/bubonic-corona/venv/lib/python3.12/site-packages/_pyinstaller_hooks_contrib/stdhooks/hook-vtkmodules.vtkFiltersGeneral.py", "Python", 2, 0, 0, 0, 0, 0, 0, 0, 0, 0, 0, 0, 11, 3, 16
"/home/david/DVHS Robotics/bubonic-corona/venv/lib/python3.12/site-packages/_pyinstaller_hooks_contrib/stdhooks/hook-vtkmodules.vtkFiltersGeneric.py", "Python", 2, 0, 0, 0, 0, 0, 0, 0, 0, 0, 0, 0, 11, 3, 16
"/home/david/DVHS Robotics/bubonic-corona/venv/lib/python3.12/site-packages/_pyinstaller_hooks_contrib/stdhooks/hook-vtkmodules.vtkFiltersGeometry.py", "Python", 2, 0, 0, 0, 0, 0, 0, 0, 0, 0, 0, 0, 11, 3, 16
"/home/david/DVHS Robotics/bubonic-corona/venv/lib/python3.12/site-packages/_pyinstaller_hooks_contrib/stdhooks/hook-vtkmodules.vtkFiltersGeometryPreview.py", "Python", 2, 0, 0, 0, 0, 0, 0, 0, 0, 0, 0, 0, 11, 3, 16
"/home/david/DVHS Robotics/bubonic-corona/venv/lib/python3.12/site-packages/_pyinstaller_hooks_contrib/stdhooks/hook-vtkmodules.vtkFiltersHybrid.py", "Python", 2, 0, 0, 0, 0, 0, 0, 0, 0, 0, 0, 0, 11, 3, 16
"/home/david/DVHS Robotics/bubonic-corona/venv/lib/python3.12/site-packages/_pyinstaller_hooks_contrib/stdhooks/hook-vtkmodules.vtkFiltersHyperTree.py", "Python", 2, 0, 0, 0, 0, 0, 0, 0, 0, 0, 0, 0, 11, 3, 16
"/home/david/DVHS Robotics/bubonic-corona/venv/lib/python3.12/site-packages/_pyinstaller_hooks_contrib/stdhooks/hook-vtkmodules.vtkFiltersImaging.py", "Python", 2, 0, 0, 0, 0, 0, 0, 0, 0, 0, 0, 0, 11, 3, 16
"/home/david/DVHS Robotics/bubonic-corona/venv/lib/python3.12/site-packages/_pyinstaller_hooks_contrib/stdhooks/hook-vtkmodules.vtkFiltersModeling.py", "Python", 2, 0, 0, 0, 0, 0, 0, 0, 0, 0, 0, 0, 11, 3, 16
"/home/david/DVHS Robotics/bubonic-corona/venv/lib/python3.12/site-packages/_pyinstaller_hooks_contrib/stdhooks/hook-vtkmodules.vtkFiltersParallel.py", "Python", 2, 0, 0, 0, 0, 0, 0, 0, 0, 0, 0, 0, 11, 3, 16
"/home/david/DVHS Robotics/bubonic-corona/venv/lib/python3.12/site-packages/_pyinstaller_hooks_contrib/stdhooks/hook-vtkmodules.vtkFiltersParallelDIY2.py", "Python", 2, 0, 0, 0, 0, 0, 0, 0, 0, 0, 0, 0, 11, 3, 16
"/home/david/DVHS Robotics/bubonic-corona/venv/lib/python3.12/site-packages/_pyinstaller_hooks_contrib/stdhooks/hook-vtkmodules.vtkFiltersParallelImaging.py", "Python", 2, 0, 0, 0, 0, 0, 0, 0, 0, 0, 0, 0, 11, 3, 16
"/home/david/DVHS Robotics/bubonic-corona/venv/lib/python3.12/site-packages/_pyinstaller_hooks_contrib/stdhooks/hook-vtkmodules.vtkFiltersParallelStatistics.py", "Python", 2, 0, 0, 0, 0, 0, 0, 0, 0, 0, 0, 0, 11, 3, 16
"/home/david/DVHS Robotics/bubonic-corona/venv/lib/python3.12/site-packages/_pyinstaller_hooks_contrib/stdhooks/hook-vtkmodules.vtkFiltersPoints.py", "Python", 2, 0, 0, 0, 0, 0, 0, 0, 0, 0, 0, 0, 11, 3, 16
"/home/david/DVHS Robotics/bubonic-corona/venv/lib/python3.12/site-packages/_pyinstaller_hooks_contrib/stdhooks/hook-vtkmodules.vtkFiltersProgrammable.py", "Python", 2, 0, 0, 0, 0, 0, 0, 0, 0, 0, 0, 0, 11, 3, 16
"/home/david/DVHS Robotics/bubonic-corona/venv/lib/python3.12/site-packages/_pyinstaller_hooks_contrib/stdhooks/hook-vtkmodules.vtkFiltersPython.py", "Python", 2, 0, 0, 0, 0, 0, 0, 0, 0, 0, 0, 0, 11, 3, 16
"/home/david/DVHS Robotics/bubonic-corona/venv/lib/python3.12/site-packages/_pyinstaller_hooks_contrib/stdhooks/hook-vtkmodules.vtkFiltersReduction.py", "Python", 2, 0, 0, 0, 0, 0, 0, 0, 0, 0, 0, 0, 11, 3, 16
"/home/david/DVHS Robotics/bubonic-corona/venv/lib/python3.12/site-packages/_pyinstaller_hooks_contrib/stdhooks/hook-vtkmodules.vtkFiltersSMP.py", "Python", 2, 0, 0, 0, 0, 0, 0, 0, 0, 0, 0, 0, 11, 3, 16
"/home/david/DVHS Robotics/bubonic-corona/venv/lib/python3.12/site-packages/_pyinstaller_hooks_contrib/stdhooks/hook-vtkmodules.vtkFiltersSelection.py", "Python", 2, 0, 0, 0, 0, 0, 0, 0, 0, 0, 0, 0, 11, 3, 16
"/home/david/DVHS Robotics/bubonic-corona/venv/lib/python3.12/site-packages/_pyinstaller_hooks_contrib/stdhooks/hook-vtkmodules.vtkFiltersSources.py", "Python", 2, 0, 0, 0, 0, 0, 0, 0, 0, 0, 0, 0, 11, 3, 16
"/home/david/DVHS Robotics/bubonic-corona/venv/lib/python3.12/site-packages/_pyinstaller_hooks_contrib/stdhooks/hook-vtkmodules.vtkFiltersStatistics.py", "Python", 2, 0, 0, 0, 0, 0, 0, 0, 0, 0, 0, 0, 11, 3, 16
"/home/david/DVHS Robotics/bubonic-corona/venv/lib/python3.12/site-packages/_pyinstaller_hooks_contrib/stdhooks/hook-vtkmodules.vtkFiltersTemporal.py", "Python", 2, 0, 0, 0, 0, 0, 0, 0, 0, 0, 0, 0, 11, 3, 16
"/home/david/DVHS Robotics/bubonic-corona/venv/lib/python3.12/site-packages/_pyinstaller_hooks_contrib/stdhooks/hook-vtkmodules.vtkFiltersTensor.py", "Python", 2, 0, 0, 0, 0, 0, 0, 0, 0, 0, 0, 0, 11, 3, 16
"/home/david/DVHS Robotics/bubonic-corona/venv/lib/python3.12/site-packages/_pyinstaller_hooks_contrib/stdhooks/hook-vtkmodules.vtkFiltersTexture.py", "Python", 2, 0, 0, 0, 0, 0, 0, 0, 0, 0, 0, 0, 11, 3, 16
"/home/david/DVHS Robotics/bubonic-corona/venv/lib/python3.12/site-packages/_pyinstaller_hooks_contrib/stdhooks/hook-vtkmodules.vtkFiltersTopology.py", "Python", 2, 0, 0, 0, 0, 0, 0, 0, 0, 0, 0, 0, 11, 3, 16
"/home/david/DVHS Robotics/bubonic-corona/venv/lib/python3.12/site-packages/_pyinstaller_hooks_contrib/stdhooks/hook-vtkmodules.vtkFiltersVerdict.py", "Python", 2, 0, 0, 0, 0, 0, 0, 0, 0, 0, 0, 0, 11, 3, 16
"/home/david/DVHS Robotics/bubonic-corona/venv/lib/python3.12/site-packages/_pyinstaller_hooks_contrib/stdhooks/hook-vtkmodules.vtkGeovisCore.py", "Python", 2, 0, 0, 0, 0, 0, 0, 0, 0, 0, 0, 0, 11, 3, 16
"/home/david/DVHS Robotics/bubonic-corona/venv/lib/python3.12/site-packages/_pyinstaller_hooks_contrib/stdhooks/hook-vtkmodules.vtkIOAMR.py", "Python", 2, 0, 0, 0, 0, 0, 0, 0, 0, 0, 0, 0, 11, 3, 16
"/home/david/DVHS Robotics/bubonic-corona/venv/lib/python3.12/site-packages/_pyinstaller_hooks_contrib/stdhooks/hook-vtkmodules.vtkIOAsynchronous.py", "Python", 2, 0, 0, 0, 0, 0, 0, 0, 0, 0, 0, 0, 11, 3, 16
"/home/david/DVHS Robotics/bubonic-corona/venv/lib/python3.12/site-packages/_pyinstaller_hooks_contrib/stdhooks/hook-vtkmodules.vtkIOAvmesh.py", "Python", 2, 0, 0, 0, 0, 0, 0, 0, 0, 0, 0, 0, 11, 3, 16
"/home/david/DVHS Robotics/bubonic-corona/venv/lib/python3.12/site-packages/_pyinstaller_hooks_contrib/stdhooks/hook-vtkmodules.vtkIOCGNSReader.py", "Python", 2, 0, 0, 0, 0, 0, 0, 0, 0, 0, 0, 0, 11, 3, 16
"/home/david/DVHS Robotics/bubonic-corona/venv/lib/python3.12/site-packages/_pyinstaller_hooks_contrib/stdhooks/hook-vtkmodules.vtkIOCONVERGECFD.py", "Python", 2, 0, 0, 0, 0, 0, 0, 0, 0, 0, 0, 0, 11, 3, 16
"/home/david/DVHS Robotics/bubonic-corona/venv/lib/python3.12/site-packages/_pyinstaller_hooks_contrib/stdhooks/hook-vtkmodules.vtkIOCellGrid.py", "Python", 2, 0, 0, 0, 0, 0, 0, 0, 0, 0, 0, 0, 11, 3, 16
"/home/david/DVHS Robotics/bubonic-corona/venv/lib/python3.12/site-packages/_pyinstaller_hooks_contrib/stdhooks/hook-vtkmodules.vtkIOCesium3DTiles.py", "Python", 2, 0, 0, 0, 0, 0, 0, 0, 0, 0, 0, 0, 11, 3, 16
"/home/david/DVHS Robotics/bubonic-corona/venv/lib/python3.12/site-packages/_pyinstaller_hooks_contrib/stdhooks/hook-vtkmodules.vtkIOChemistry.py", "Python", 2, 0, 0, 0, 0, 0, 0, 0, 0, 0, 0, 0, 11, 3, 16
"/home/david/DVHS Robotics/bubonic-corona/venv/lib/python3.12/site-packages/_pyinstaller_hooks_contrib/stdhooks/hook-vtkmodules.vtkIOCityGML.py", "Python", 2, 0, 0, 0, 0, 0, 0, 0, 0, 0, 0, 0, 11, 3, 16
"/home/david/DVHS Robotics/bubonic-corona/venv/lib/python3.12/site-packages/_pyinstaller_hooks_contrib/stdhooks/hook-vtkmodules.vtkIOCore.py", "Python", 2, 0, 0, 0, 0, 0, 0, 0, 0, 0, 0, 0, 11, 3, 16
"/home/david/DVHS Robotics/bubonic-corona/venv/lib/python3.12/site-packages/_pyinstaller_hooks_contrib/stdhooks/hook-vtkmodules.vtkIOERF.py", "Python", 2, 0, 0, 0, 0, 0, 0, 0, 0, 0, 0, 0, 11, 3, 16
"/home/david/DVHS Robotics/bubonic-corona/venv/lib/python3.12/site-packages/_pyinstaller_hooks_contrib/stdhooks/hook-vtkmodules.vtkIOEnSight.py", "Python", 2, 0, 0, 0, 0, 0, 0, 0, 0, 0, 0, 0, 11, 3, 16
"/home/david/DVHS Robotics/bubonic-corona/venv/lib/python3.12/site-packages/_pyinstaller_hooks_contrib/stdhooks/hook-vtkmodules.vtkIOEngys.py", "Python", 2, 0, 0, 0, 0, 0, 0, 0, 0, 0, 0, 0, 11, 3, 16
"/home/david/DVHS Robotics/bubonic-corona/venv/lib/python3.12/site-packages/_pyinstaller_hooks_contrib/stdhooks/hook-vtkmodules.vtkIOExodus.py", "Python", 2, 0, 0, 0, 0, 0, 0, 0, 0, 0, 0, 0, 11, 3, 16
"/home/david/DVHS Robotics/bubonic-corona/venv/lib/python3.12/site-packages/_pyinstaller_hooks_contrib/stdhooks/hook-vtkmodules.vtkIOExport.py", "Python", 2, 0, 0, 0, 0, 0, 0, 0, 0, 0, 0, 0, 11, 3, 16
"/home/david/DVHS Robotics/bubonic-corona/venv/lib/python3.12/site-packages/_pyinstaller_hooks_contrib/stdhooks/hook-vtkmodules.vtkIOExportGL2PS.py", "Python", 2, 0, 0, 0, 0, 0, 0, 0, 0, 0, 0, 0, 11, 3, 16
"/home/david/DVHS Robotics/bubonic-corona/venv/lib/python3.12/site-packages/_pyinstaller_hooks_contrib/stdhooks/hook-vtkmodules.vtkIOExportPDF.py", "Python", 2, 0, 0, 0, 0, 0, 0, 0, 0, 0, 0, 0, 11, 3, 16
"/home/david/DVHS Robotics/bubonic-corona/venv/lib/python3.12/site-packages/_pyinstaller_hooks_contrib/stdhooks/hook-vtkmodules.vtkIOFDS.py", "Python", 2, 0, 0, 0, 0, 0, 0, 0, 0, 0, 0, 0, 11, 3, 16
"/home/david/DVHS Robotics/bubonic-corona/venv/lib/python3.12/site-packages/_pyinstaller_hooks_contrib/stdhooks/hook-vtkmodules.vtkIOFLUENTCFF.py", "Python", 2, 0, 0, 0, 0, 0, 0, 0, 0, 0, 0, 0, 11, 3, 16
"/home/david/DVHS Robotics/bubonic-corona/venv/lib/python3.12/site-packages/_pyinstaller_hooks_contrib/stdhooks/hook-vtkmodules.vtkIOGeoJSON.py", "Python", 2, 0, 0, 0, 0, 0, 0, 0, 0, 0, 0, 0, 11, 3, 16
"/home/david/DVHS Robotics/bubonic-corona/venv/lib/python3.12/site-packages/_pyinstaller_hooks_contrib/stdhooks/hook-vtkmodules.vtkIOGeometry.py", "Python", 2, 0, 0, 0, 0, 0, 0, 0, 0, 0, 0, 0, 11, 3, 16
"/home/david/DVHS Robotics/bubonic-corona/venv/lib/python3.12/site-packages/_pyinstaller_hooks_contrib/stdhooks/hook-vtkmodules.vtkIOH5Rage.py", "Python", 2, 0, 0, 0, 0, 0, 0, 0, 0, 0, 0, 0, 11, 3, 16
"/home/david/DVHS Robotics/bubonic-corona/venv/lib/python3.12/site-packages/_pyinstaller_hooks_contrib/stdhooks/hook-vtkmodules.vtkIOH5part.py", "Python", 2, 0, 0, 0, 0, 0, 0, 0, 0, 0, 0, 0, 11, 3, 16
"/home/david/DVHS Robotics/bubonic-corona/venv/lib/python3.12/site-packages/_pyinstaller_hooks_contrib/stdhooks/hook-vtkmodules.vtkIOHDF.py", "Python", 2, 0, 0, 0, 0, 0, 0, 0, 0, 0, 0, 0, 11, 3, 16
"/home/david/DVHS Robotics/bubonic-corona/venv/lib/python3.12/site-packages/_pyinstaller_hooks_contrib/stdhooks/hook-vtkmodules.vtkIOIOSS.py", "Python", 2, 0, 0, 0, 0, 0, 0, 0, 0, 0, 0, 0, 11, 3, 16
"/home/david/DVHS Robotics/bubonic-corona/venv/lib/python3.12/site-packages/_pyinstaller_hooks_contrib/stdhooks/hook-vtkmodules.vtkIOImage.py", "Python", 2, 0, 0, 0, 0, 0, 0, 0, 0, 0, 0, 0, 11, 3, 16
"/home/david/DVHS Robotics/bubonic-corona/venv/lib/python3.12/site-packages/_pyinstaller_hooks_contrib/stdhooks/hook-vtkmodules.vtkIOImport.py", "Python", 2, 0, 0, 0, 0, 0, 0, 0, 0, 0, 0, 0, 11, 3, 16
"/home/david/DVHS Robotics/bubonic-corona/venv/lib/python3.12/site-packages/_pyinstaller_hooks_contrib/stdhooks/hook-vtkmodules.vtkIOInfovis.py", "Python", 2, 0, 0, 0, 0, 0, 0, 0, 0, 0, 0, 0, 11, 3, 16
"/home/david/DVHS Robotics/bubonic-corona/venv/lib/python3.12/site-packages/_pyinstaller_hooks_contrib/stdhooks/hook-vtkmodules.vtkIOLANLX3D.py", "Python", 2, 0, 0, 0, 0, 0, 0, 0, 0, 0, 0, 0, 11, 3, 16
"/home/david/DVHS Robotics/bubonic-corona/venv/lib/python3.12/site-packages/_pyinstaller_hooks_contrib/stdhooks/hook-vtkmodules.vtkIOLSDyna.py", "Python", 2, 0, 0, 0, 0, 0, 0, 0, 0, 0, 0, 0, 11, 3, 16
"/home/david/DVHS Robotics/bubonic-corona/venv/lib/python3.12/site-packages/_pyinstaller_hooks_contrib/stdhooks/hook-vtkmodules.vtkIOLegacy.py", "Python", 2, 0, 0, 0, 0, 0, 0, 0, 0, 0, 0, 0, 11, 3, 16
"/home/david/DVHS Robotics/bubonic-corona/venv/lib/python3.12/site-packages/_pyinstaller_hooks_contrib/stdhooks/hook-vtkmodules.vtkIOMINC.py", "Python", 2, 0, 0, 0, 0, 0, 0, 0, 0, 0, 0, 0, 11, 3, 16
"/home/david/DVHS Robotics/bubonic-corona/venv/lib/python3.12/site-packages/_pyinstaller_hooks_contrib/stdhooks/hook-vtkmodules.vtkIOMotionFX.py", "Python", 2, 0, 0, 0, 0, 0, 0, 0, 0, 0, 0, 0, 11, 3, 16
"/home/david/DVHS Robotics/bubonic-corona/venv/lib/python3.12/site-packages/_pyinstaller_hooks_contrib/stdhooks/hook-vtkmodules.vtkIOMovie.py", "Python", 2, 0, 0, 0, 0, 0, 0, 0, 0, 0, 0, 0, 11, 3, 16
"/home/david/DVHS Robotics/bubonic-corona/venv/lib/python3.12/site-packages/_pyinstaller_hooks_contrib/stdhooks/hook-vtkmodules.vtkIONetCDF.py", "Python", 2, 0, 0, 0, 0, 0, 0, 0, 0, 0, 0, 0, 11, 3, 16
"/home/david/DVHS Robotics/bubonic-corona/venv/lib/python3.12/site-packages/_pyinstaller_hooks_contrib/stdhooks/hook-vtkmodules.vtkIOOMF.py", "Python", 2, 0, 0, 0, 0, 0, 0, 0, 0, 0, 0, 0, 11, 3, 16
"/home/david/DVHS Robotics/bubonic-corona/venv/lib/python3.12/site-packages/_pyinstaller_hooks_contrib/stdhooks/hook-vtkmodules.vtkIOOggTheora.py", "Python", 2, 0, 0, 0, 0, 0, 0, 0, 0, 0, 0, 0, 11, 3, 16
"/home/david/DVHS Robotics/bubonic-corona/venv/lib/python3.12/site-packages/_pyinstaller_hooks_contrib/stdhooks/hook-vtkmodules.vtkIOPIO.py", "Python", 2, 0, 0, 0, 0, 0, 0, 0, 0, 0, 0, 0, 11, 3, 16
"/home/david/DVHS Robotics/bubonic-corona/venv/lib/python3.12/site-packages/_pyinstaller_hooks_contrib/stdhooks/hook-vtkmodules.vtkIOPLY.py", "Python", 2, 0, 0, 0, 0, 0, 0, 0, 0, 0, 0, 0, 11, 3, 16
"/home/david/DVHS Robotics/bubonic-corona/venv/lib/python3.12/site-packages/_pyinstaller_hooks_contrib/stdhooks/hook-vtkmodules.vtkIOParallel.py", "Python", 2, 0, 0, 0, 0, 0, 0, 0, 0, 0, 0, 0, 11, 3, 16
"/home/david/DVHS Robotics/bubonic-corona/venv/lib/python3.12/site-packages/_pyinstaller_hooks_contrib/stdhooks/hook-vtkmodules.vtkIOParallelExodus.py", "Python", 2, 0, 0, 0, 0, 0, 0, 0, 0, 0, 0, 0, 11, 3, 16
"/home/david/DVHS Robotics/bubonic-corona/venv/lib/python3.12/site-packages/_pyinstaller_hooks_contrib/stdhooks/hook-vtkmodules.vtkIOParallelLSDyna.py", "Python", 2, 0, 0, 0, 0, 0, 0, 0, 0, 0, 0, 0, 11, 3, 16
"/home/david/DVHS Robotics/bubonic-corona/venv/lib/python3.12/site-packages/_pyinstaller_hooks_contrib/stdhooks/hook-vtkmodules.vtkIOParallelXML.py", "Python", 2, 0, 0, 0, 0, 0, 0, 0, 0, 0, 0, 0, 11, 3, 16
"/home/david/DVHS Robotics/bubonic-corona/venv/lib/python3.12/site-packages/_pyinstaller_hooks_contrib/stdhooks/hook-vtkmodules.vtkIOSQL.py", "Python", 2, 0, 0, 0, 0, 0, 0, 0, 0, 0, 0, 0, 11, 3, 16
"/home/david/DVHS Robotics/bubonic-corona/venv/lib/python3.12/site-packages/_pyinstaller_hooks_contrib/stdhooks/hook-vtkmodules.vtkIOSegY.py", "Python", 2, 0, 0, 0, 0, 0, 0, 0, 0, 0, 0, 0, 11, 3, 16
"/home/david/DVHS Robotics/bubonic-corona/venv/lib/python3.12/site-packages/_pyinstaller_hooks_contrib/stdhooks/hook-vtkmodules.vtkIOTRUCHAS.py", "Python", 2, 0, 0, 0, 0, 0, 0, 0, 0, 0, 0, 0, 11, 3, 16
"/home/david/DVHS Robotics/bubonic-corona/venv/lib/python3.12/site-packages/_pyinstaller_hooks_contrib/stdhooks/hook-vtkmodules.vtkIOTecplotTable.py", "Python", 2, 0, 0, 0, 0, 0, 0, 0, 0, 0, 0, 0, 11, 3, 16
"/home/david/DVHS Robotics/bubonic-corona/venv/lib/python3.12/site-packages/_pyinstaller_hooks_contrib/stdhooks/hook-vtkmodules.vtkIOVPIC.py", "Python", 2, 0, 0, 0, 0, 0, 0, 0, 0, 0, 0, 0, 11, 3, 16
"/home/david/DVHS Robotics/bubonic-corona/venv/lib/python3.12/site-packages/_pyinstaller_hooks_contrib/stdhooks/hook-vtkmodules.vtkIOVeraOut.py", "Python", 2, 0, 0, 0, 0, 0, 0, 0, 0, 0, 0, 0, 11, 3, 16
"/home/david/DVHS Robotics/bubonic-corona/venv/lib/python3.12/site-packages/_pyinstaller_hooks_contrib/stdhooks/hook-vtkmodules.vtkIOVideo.py", "Python", 2, 0, 0, 0, 0, 0, 0, 0, 0, 0, 0, 0, 11, 3, 16
"/home/david/DVHS Robotics/bubonic-corona/venv/lib/python3.12/site-packages/_pyinstaller_hooks_contrib/stdhooks/hook-vtkmodules.vtkIOXML.py", "Python", 2, 0, 0, 0, 0, 0, 0, 0, 0, 0, 0, 0, 11, 3, 16
"/home/david/DVHS Robotics/bubonic-corona/venv/lib/python3.12/site-packages/_pyinstaller_hooks_contrib/stdhooks/hook-vtkmodules.vtkIOXMLParser.py", "Python", 2, 0, 0, 0, 0, 0, 0, 0, 0, 0, 0, 0, 11, 3, 16
"/home/david/DVHS Robotics/bubonic-corona/venv/lib/python3.12/site-packages/_pyinstaller_hooks_contrib/stdhooks/hook-vtkmodules.vtkIOXdmf2.py", "Python", 2, 0, 0, 0, 0, 0, 0, 0, 0, 0, 0, 0, 11, 3, 16
"/home/david/DVHS Robotics/bubonic-corona/venv/lib/python3.12/site-packages/_pyinstaller_hooks_contrib/stdhooks/hook-vtkmodules.vtkImagingColor.py", "Python", 2, 0, 0, 0, 0, 0, 0, 0, 0, 0, 0, 0, 11, 3, 16
"/home/david/DVHS Robotics/bubonic-corona/venv/lib/python3.12/site-packages/_pyinstaller_hooks_contrib/stdhooks/hook-vtkmodules.vtkImagingCore.py", "Python", 2, 0, 0, 0, 0, 0, 0, 0, 0, 0, 0, 0, 11, 3, 16
"/home/david/DVHS Robotics/bubonic-corona/venv/lib/python3.12/site-packages/_pyinstaller_hooks_contrib/stdhooks/hook-vtkmodules.vtkImagingFourier.py", "Python", 2, 0, 0, 0, 0, 0, 0, 0, 0, 0, 0, 0, 11, 3, 16
"/home/david/DVHS Robotics/bubonic-corona/venv/lib/python3.12/site-packages/_pyinstaller_hooks_contrib/stdhooks/hook-vtkmodules.vtkImagingGeneral.py", "Python", 2, 0, 0, 0, 0, 0, 0, 0, 0, 0, 0, 0, 11, 3, 16
"/home/david/DVHS Robotics/bubonic-corona/venv/lib/python3.12/site-packages/_pyinstaller_hooks_contrib/stdhooks/hook-vtkmodules.vtkImagingHybrid.py", "Python", 2, 0, 0, 0, 0, 0, 0, 0, 0, 0, 0, 0, 11, 3, 16
"/home/david/DVHS Robotics/bubonic-corona/venv/lib/python3.12/site-packages/_pyinstaller_hooks_contrib/stdhooks/hook-vtkmodules.vtkImagingMath.py", "Python", 2, 0, 0, 0, 0, 0, 0, 0, 0, 0, 0, 0, 11, 3, 16
"/home/david/DVHS Robotics/bubonic-corona/venv/lib/python3.12/site-packages/_pyinstaller_hooks_contrib/stdhooks/hook-vtkmodules.vtkImagingMorphological.py", "Python", 2, 0, 0, 0, 0, 0, 0, 0, 0, 0, 0, 0, 11, 3, 16
"/home/david/DVHS Robotics/bubonic-corona/venv/lib/python3.12/site-packages/_pyinstaller_hooks_contrib/stdhooks/hook-vtkmodules.vtkImagingOpenGL2.py", "Python", 2, 0, 0, 0, 0, 0, 0, 0, 0, 0, 0, 0, 11, 3, 16
"/home/david/DVHS Robotics/bubonic-corona/venv/lib/python3.12/site-packages/_pyinstaller_hooks_contrib/stdhooks/hook-vtkmodules.vtkImagingSources.py", "Python", 2, 0, 0, 0, 0, 0, 0, 0, 0, 0, 0, 0, 11, 3, 16
"/home/david/DVHS Robotics/bubonic-corona/venv/lib/python3.12/site-packages/_pyinstaller_hooks_contrib/stdhooks/hook-vtkmodules.vtkImagingStatistics.py", "Python", 2, 0, 0, 0, 0, 0, 0, 0, 0, 0, 0, 0, 11, 3, 16
"/home/david/DVHS Robotics/bubonic-corona/venv/lib/python3.12/site-packages/_pyinstaller_hooks_contrib/stdhooks/hook-vtkmodules.vtkImagingStencil.py", "Python", 2, 0, 0, 0, 0, 0, 0, 0, 0, 0, 0, 0, 11, 3, 16
"/home/david/DVHS Robotics/bubonic-corona/venv/lib/python3.12/site-packages/_pyinstaller_hooks_contrib/stdhooks/hook-vtkmodules.vtkInfovisCore.py", "Python", 2, 0, 0, 0, 0, 0, 0, 0, 0, 0, 0, 0, 11, 3, 16
"/home/david/DVHS Robotics/bubonic-corona/venv/lib/python3.12/site-packages/_pyinstaller_hooks_contrib/stdhooks/hook-vtkmodules.vtkInfovisLayout.py", "Python", 2, 0, 0, 0, 0, 0, 0, 0, 0, 0, 0, 0, 11, 3, 16
"/home/david/DVHS Robotics/bubonic-corona/venv/lib/python3.12/site-packages/_pyinstaller_hooks_contrib/stdhooks/hook-vtkmodules.vtkInteractionImage.py", "Python", 2, 0, 0, 0, 0, 0, 0, 0, 0, 0, 0, 0, 11, 3, 16
"/home/david/DVHS Robotics/bubonic-corona/venv/lib/python3.12/site-packages/_pyinstaller_hooks_contrib/stdhooks/hook-vtkmodules.vtkInteractionStyle.py", "Python", 2, 0, 0, 0, 0, 0, 0, 0, 0, 0, 0, 0, 11, 3, 16
"/home/david/DVHS Robotics/bubonic-corona/venv/lib/python3.12/site-packages/_pyinstaller_hooks_contrib/stdhooks/hook-vtkmodules.vtkInteractionWidgets.py", "Python", 2, 0, 0, 0, 0, 0, 0, 0, 0, 0, 0, 0, 11, 3, 16
"/home/david/DVHS Robotics/bubonic-corona/venv/lib/python3.12/site-packages/_pyinstaller_hooks_contrib/stdhooks/hook-vtkmodules.vtkParallelCore.py", "Python", 2, 0, 0, 0, 0, 0, 0, 0, 0, 0, 0, 0, 11, 3, 16
"/home/david/DVHS Robotics/bubonic-corona/venv/lib/python3.12/site-packages/_pyinstaller_hooks_contrib/stdhooks/hook-vtkmodules.vtkPythonContext2D.py", "Python", 2, 0, 0, 0, 0, 0, 0, 0, 0, 0, 0, 0, 11, 3, 16
"/home/david/DVHS Robotics/bubonic-corona/venv/lib/python3.12/site-packages/_pyinstaller_hooks_contrib/stdhooks/hook-vtkmodules.vtkRenderingAnnotation.py", "Python", 2, 0, 0, 0, 0, 0, 0, 0, 0, 0, 0, 0, 11, 3, 16
"/home/david/DVHS Robotics/bubonic-corona/venv/lib/python3.12/site-packages/_pyinstaller_hooks_contrib/stdhooks/hook-vtkmodules.vtkRenderingCellGrid.py", "Python", 2, 0, 0, 0, 0, 0, 0, 0, 0, 0, 0, 0, 11, 3, 16
"/home/david/DVHS Robotics/bubonic-corona/venv/lib/python3.12/site-packages/_pyinstaller_hooks_contrib/stdhooks/hook-vtkmodules.vtkRenderingContext2D.py", "Python", 2, 0, 0, 0, 0, 0, 0, 0, 0, 0, 0, 0, 11, 3, 16
"/home/david/DVHS Robotics/bubonic-corona/venv/lib/python3.12/site-packages/_pyinstaller_hooks_contrib/stdhooks/hook-vtkmodules.vtkRenderingContextOpenGL2.py", "Python", 2, 0, 0, 0, 0, 0, 0, 0, 0, 0, 0, 0, 11, 3, 16
"/home/david/DVHS Robotics/bubonic-corona/venv/lib/python3.12/site-packages/_pyinstaller_hooks_contrib/stdhooks/hook-vtkmodules.vtkRenderingCore.py", "Python", 2, 0, 0, 0, 0, 0, 0, 0, 0, 0, 0, 0, 11, 3, 16
"/home/david/DVHS Robotics/bubonic-corona/venv/lib/python3.12/site-packages/_pyinstaller_hooks_contrib/stdhooks/hook-vtkmodules.vtkRenderingExternal.py", "Python", 2, 0, 0, 0, 0, 0, 0, 0, 0, 0, 0, 0, 11, 3, 16
"/home/david/DVHS Robotics/bubonic-corona/venv/lib/python3.12/site-packages/_pyinstaller_hooks_contrib/stdhooks/hook-vtkmodules.vtkRenderingFreeType.py", "Python", 2, 0, 0, 0, 0, 0, 0, 0, 0, 0, 0, 0, 11, 3, 16
"/home/david/DVHS Robotics/bubonic-corona/venv/lib/python3.12/site-packages/_pyinstaller_hooks_contrib/stdhooks/hook-vtkmodules.vtkRenderingGL2PSOpenGL2.py", "Python", 2, 0, 0, 0, 0, 0, 0, 0, 0, 0, 0, 0, 11, 3, 16
"/home/david/DVHS Robotics/bubonic-corona/venv/lib/python3.12/site-packages/_pyinstaller_hooks_contrib/stdhooks/hook-vtkmodules.vtkRenderingGridAxes.py", "Python", 2, 0, 0, 0, 0, 0, 0, 0, 0, 0, 0, 0, 11, 3, 16
"/home/david/DVHS Robotics/bubonic-corona/venv/lib/python3.12/site-packages/_pyinstaller_hooks_contrib/stdhooks/hook-vtkmodules.vtkRenderingHyperTreeGrid.py", "Python", 2, 0, 0, 0, 0, 0, 0, 0, 0, 0, 0, 0, 11, 3, 16
"/home/david/DVHS Robotics/bubonic-corona/venv/lib/python3.12/site-packages/_pyinstaller_hooks_contrib/stdhooks/hook-vtkmodules.vtkRenderingImage.py", "Python", 2, 0, 0, 0, 0, 0, 0, 0, 0, 0, 0, 0, 11, 3, 16
"/home/david/DVHS Robotics/bubonic-corona/venv/lib/python3.12/site-packages/_pyinstaller_hooks_contrib/stdhooks/hook-vtkmodules.vtkRenderingLICOpenGL2.py", "Python", 2, 0, 0, 0, 0, 0, 0, 0, 0, 0, 0, 0, 11, 3, 16
"/home/david/DVHS Robotics/bubonic-corona/venv/lib/python3.12/site-packages/_pyinstaller_hooks_contrib/stdhooks/hook-vtkmodules.vtkRenderingLOD.py", "Python", 2, 0, 0, 0, 0, 0, 0, 0, 0, 0, 0, 0, 11, 3, 16
"/home/david/DVHS Robotics/bubonic-corona/venv/lib/python3.12/site-packages/_pyinstaller_hooks_contrib/stdhooks/hook-vtkmodules.vtkRenderingLabel.py", "Python", 2, 0, 0, 0, 0, 0, 0, 0, 0, 0, 0, 0, 11, 3, 16
"/home/david/DVHS Robotics/bubonic-corona/venv/lib/python3.12/site-packages/_pyinstaller_hooks_contrib/stdhooks/hook-vtkmodules.vtkRenderingMatplotlib.py", "Python", 2, 0, 0, 0, 0, 0, 0, 0, 0, 0, 0, 0, 11, 3, 16
"/home/david/DVHS Robotics/bubonic-corona/venv/lib/python3.12/site-packages/_pyinstaller_hooks_contrib/stdhooks/hook-vtkmodules.vtkRenderingOpenGL2.py", "Python", 2, 0, 0, 0, 0, 0, 0, 0, 0, 0, 0, 0, 11, 3, 16
"/home/david/DVHS Robotics/bubonic-corona/venv/lib/python3.12/site-packages/_pyinstaller_hooks_contrib/stdhooks/hook-vtkmodules.vtkRenderingParallel.py", "Python", 2, 0, 0, 0, 0, 0, 0, 0, 0, 0, 0, 0, 11, 3, 16
"/home/david/DVHS Robotics/bubonic-corona/venv/lib/python3.12/site-packages/_pyinstaller_hooks_contrib/stdhooks/hook-vtkmodules.vtkRenderingSceneGraph.py", "Python", 2, 0, 0, 0, 0, 0, 0, 0, 0, 0, 0, 0, 11, 3, 16
"/home/david/DVHS Robotics/bubonic-corona/venv/lib/python3.12/site-packages/_pyinstaller_hooks_contrib/stdhooks/hook-vtkmodules.vtkRenderingUI.py", "Python", 2, 0, 0, 0, 0, 0, 0, 0, 0, 0, 0, 0, 11, 3, 16
"/home/david/DVHS Robotics/bubonic-corona/venv/lib/python3.12/site-packages/_pyinstaller_hooks_contrib/stdhooks/hook-vtkmodules.vtkRenderingVR.py", "Python", 2, 0, 0, 0, 0, 0, 0, 0, 0, 0, 0, 0, 11, 3, 16
"/home/david/DVHS Robotics/bubonic-corona/venv/lib/python3.12/site-packages/_pyinstaller_hooks_contrib/stdhooks/hook-vtkmodules.vtkRenderingVRModels.py", "Python", 2, 0, 0, 0, 0, 0, 0, 0, 0, 0, 0, 0, 11, 3, 16
"/home/david/DVHS Robotics/bubonic-corona/venv/lib/python3.12/site-packages/_pyinstaller_hooks_contrib/stdhooks/hook-vtkmodules.vtkRenderingVolume.py", "Python", 2, 0, 0, 0, 0, 0, 0, 0, 0, 0, 0, 0, 11, 3, 16
"/home/david/DVHS Robotics/bubonic-corona/venv/lib/python3.12/site-packages/_pyinstaller_hooks_contrib/stdhooks/hook-vtkmodules.vtkRenderingVolumeAMR.py", "Python", 2, 0, 0, 0, 0, 0, 0, 0, 0, 0, 0, 0, 11, 3, 16
"/home/david/DVHS Robotics/bubonic-corona/venv/lib/python3.12/site-packages/_pyinstaller_hooks_contrib/stdhooks/hook-vtkmodules.vtkRenderingVolumeOpenGL2.py", "Python", 2, 0, 0, 0, 0, 0, 0, 0, 0, 0, 0, 0, 11, 3, 16
"/home/david/DVHS Robotics/bubonic-corona/venv/lib/python3.12/site-packages/_pyinstaller_hooks_contrib/stdhooks/hook-vtkmodules.vtkRenderingVtkJS.py", "Python", 2, 0, 0, 0, 0, 0, 0, 0, 0, 0, 0, 0, 11, 3, 16
"/home/david/DVHS Robotics/bubonic-corona/venv/lib/python3.12/site-packages/_pyinstaller_hooks_contrib/stdhooks/hook-vtkmodules.vtkSerializationManager.py", "Python", 2, 0, 0, 0, 0, 0, 0, 0, 0, 0, 0, 0, 11, 3, 16
"/home/david/DVHS Robotics/bubonic-corona/venv/lib/python3.12/site-packages/_pyinstaller_hooks_contrib/stdhooks/hook-vtkmodules.vtkTestingRendering.py", "Python", 2, 0, 0, 0, 0, 0, 0, 0, 0, 0, 0, 0, 11, 3, 16
"/home/david/DVHS Robotics/bubonic-corona/venv/lib/python3.12/site-packages/_pyinstaller_hooks_contrib/stdhooks/hook-vtkmodules.vtkTestingSerialization.py", "Python", 2, 0, 0, 0, 0, 0, 0, 0, 0, 0, 0, 0, 11, 3, 16
"/home/david/DVHS Robotics/bubonic-corona/venv/lib/python3.12/site-packages/_pyinstaller_hooks_contrib/stdhooks/hook-vtkmodules.vtkViewsContext2D.py", "Python", 2, 0, 0, 0, 0, 0, 0, 0, 0, 0, 0, 0, 11, 3, 16
"/home/david/DVHS Robotics/bubonic-corona/venv/lib/python3.12/site-packages/_pyinstaller_hooks_contrib/stdhooks/hook-vtkmodules.vtkViewsCore.py", "Python", 2, 0, 0, 0, 0, 0, 0, 0, 0, 0, 0, 0, 11, 3, 16
"/home/david/DVHS Robotics/bubonic-corona/venv/lib/python3.12/site-packages/_pyinstaller_hooks_contrib/stdhooks/hook-vtkmodules.vtkViewsInfovis.py", "Python", 2, 0, 0, 0, 0, 0, 0, 0, 0, 0, 0, 0, 11, 3, 16
"/home/david/DVHS Robotics/bubonic-corona/venv/lib/python3.12/site-packages/_pyinstaller_hooks_contrib/stdhooks/hook-vtkmodules.vtkWebCore.py", "Python", 2, 0, 0, 0, 0, 0, 0, 0, 0, 0, 0, 0, 11, 3, 16
"/home/david/DVHS Robotics/bubonic-corona/venv/lib/python3.12/site-packages/_pyinstaller_hooks_contrib/stdhooks/hook-vtkmodules.vtkWebGLExporter.py", "Python", 2, 0, 0, 0, 0, 0, 0, 0, 0, 0, 0, 0, 11, 3, 16
"/home/david/DVHS Robotics/bubonic-corona/venv/lib/python3.12/site-packages/_pyinstaller_hooks_contrib/stdhooks/hook-vtkpython.py", "Python", 13, 0, 0, 0, 0, 0, 0, 0, 0, 0, 0, 0, 11, 2, 26
"/home/david/DVHS Robotics/bubonic-corona/venv/lib/python3.12/site-packages/_pyinstaller_hooks_contrib/stdhooks/hook-wavefile.py", "Python", 2, 0, 0, 0, 0, 0, 0, 0, 0, 0, 0, 0, 14, 3, 19
"/home/david/DVHS Robotics/bubonic-corona/venv/lib/python3.12/site-packages/_pyinstaller_hooks_contrib/stdhooks/hook-weasyprint.py", "Python", 54, 0, 0, 0, 0, 0, 0, 0, 0, 0, 0, 0, 29, 11, 94
"/home/david/DVHS Robotics/bubonic-corona/venv/lib/python3.12/site-packages/_pyinstaller_hooks_contrib/stdhooks/hook-web3.py", "Python", 2, 0, 0, 0, 0, 0, 0, 0, 0, 0, 0, 0, 11, 3, 16
"/home/david/DVHS Robotics/bubonic-corona/venv/lib/python3.12/site-packages/_pyinstaller_hooks_contrib/stdhooks/hook-webassets.py", "Python", 2, 0, 0, 0, 0, 0, 0, 0, 0, 0, 0, 0, 11, 2, 15
"/home/david/DVHS Robotics/bubonic-corona/venv/lib/python3.12/site-packages/_pyinstaller_hooks_contrib/stdhooks/hook-webrtcvad.py", "Python", 2, 0, 0, 0, 0, 0, 0, 0, 0, 0, 0, 0, 11, 3, 16
"/home/david/DVHS Robotics/bubonic-corona/venv/lib/python3.12/site-packages/_pyinstaller_hooks_contrib/stdhooks/hook-websockets.py", "Python", 2, 0, 0, 0, 0, 0, 0, 0, 0, 0, 0, 0, 12, 3, 17
"/home/david/DVHS Robotics/bubonic-corona/venv/lib/python3.12/site-packages/_pyinstaller_hooks_contrib/stdhooks/hook-webview.py", "Python", 5, 0, 0, 0, 0, 0, 0, 0, 0, 0, 0, 0, 12, 4, 21
"/home/david/DVHS Robotics/bubonic-corona/venv/lib/python3.12/site-packages/_pyinstaller_hooks_contrib/stdhooks/hook-win32com.py", "Python", 4, 0, 0, 0, 0, 0, 0, 0, 0, 0, 0, 0, 15, 2, 21
"/home/david/DVHS Robotics/bubonic-corona/venv/lib/python3.12/site-packages/_pyinstaller_hooks_contrib/stdhooks/hook-wordcloud.py", "Python", 2, 0, 0, 0, 0, 0, 0, 0, 0, 0, 0, 0, 11, 3, 16
"/home/david/DVHS Robotics/bubonic-corona/venv/lib/python3.12/site-packages/_pyinstaller_hooks_contrib/stdhooks/hook-workflow.py", "Python", 2, 0, 0, 0, 0, 0, 0, 0, 0, 0, 0, 0, 11, 3, 16
"/home/david/DVHS Robotics/bubonic-corona/venv/lib/python3.12/site-packages/_pyinstaller_hooks_contrib/stdhooks/hook-wx.lib.activex.py", "Python", 8, 0, 0, 0, 0, 0, 0, 0, 0, 0, 0, 0, 14, 6, 28
"/home/david/DVHS Robotics/bubonic-corona/venv/lib/python3.12/site-packages/_pyinstaller_hooks_contrib/stdhooks/hook-wx.lib.pubsub.py", "Python", 2, 0, 0, 0, 0, 0, 0, 0, 0, 0, 0, 0, 11, 3, 16
"/home/david/DVHS Robotics/bubonic-corona/venv/lib/python3.12/site-packages/_pyinstaller_hooks_contrib/stdhooks/hook-wx.xrc.py", "Python", 1, 0, 0, 0, 0, 0, 0, 0, 0, 0, 0, 0, 11, 2, 14
"/home/david/DVHS Robotics/bubonic-corona/venv/lib/python3.12/site-packages/_pyinstaller_hooks_contrib/stdhooks/hook-xarray.py", "Python", 10, 0, 0, 0, 0, 0, 0, 0, 0, 0, 0, 0, 15, 6, 31
"/home/david/DVHS Robotics/bubonic-corona/venv/lib/python3.12/site-packages/_pyinstaller_hooks_contrib/stdhooks/hook-xml.dom.html.HTMLDocument.py", "Python", 54, 0, 0, 0, 0, 0, 0, 0, 0, 0, 0, 0, 12, 2, 68
"/home/david/DVHS Robotics/bubonic-corona/venv/lib/python3.12/site-packages/_pyinstaller_hooks_contrib/stdhooks/hook-xml.sax.saxexts.py", "Python", 12, 0, 0, 0, 0, 0, 0, 0, 0, 0, 0, 0, 12, 2, 26
"/home/david/DVHS Robotics/bubonic-corona/venv/lib/python3.12/site-packages/_pyinstaller_hooks_contrib/stdhooks/hook-xmldiff.py", "Python", 2, 0, 0, 0, 0, 0, 0, 0, 0, 0, 0, 0, 12, 3, 17
"/home/david/DVHS Robotics/bubonic-corona/venv/lib/python3.12/site-packages/_pyinstaller_hooks_contrib/stdhooks/hook-xmlschema.py", "Python", 2, 0, 0, 0, 0, 0, 0, 0, 0, 0, 0, 0, 13, 3, 18
"/home/david/DVHS Robotics/bubonic-corona/venv/lib/python3.12/site-packages/_pyinstaller_hooks_contrib/stdhooks/hook-xsge_gui.py", "Python", 2, 0, 0, 0, 0, 0, 0, 0, 0, 0, 0, 0, 12, 4, 18
"/home/david/DVHS Robotics/bubonic-corona/venv/lib/python3.12/site-packages/_pyinstaller_hooks_contrib/stdhooks/hook-xyzservices.py", "Python", 2, 0, 0, 0, 0, 0, 0, 0, 0, 0, 0, 0, 11, 3, 16
"/home/david/DVHS Robotics/bubonic-corona/venv/lib/python3.12/site-packages/_pyinstaller_hooks_contrib/stdhooks/hook-yapf_third_party.py", "Python", 2, 0, 0, 0, 0, 0, 0, 0, 0, 0, 0, 0, 11, 3, 16
"/home/david/DVHS Robotics/bubonic-corona/venv/lib/python3.12/site-packages/_pyinstaller_hooks_contrib/stdhooks/hook-z3c.rml.py", "Python", 9, 0, 0, 0, 0, 0, 0, 0, 0, 0, 0, 0, 14, 3, 26
"/home/david/DVHS Robotics/bubonic-corona/venv/lib/python3.12/site-packages/_pyinstaller_hooks_contrib/stdhooks/hook-zarr.py", "Python", 2, 0, 0, 0, 0, 0, 0, 0, 0, 0, 0, 0, 11, 3, 16
"/home/david/DVHS Robotics/bubonic-corona/venv/lib/python3.12/site-packages/_pyinstaller_hooks_contrib/stdhooks/hook-zeep.py", "Python", 2, 0, 0, 0, 0, 0, 0, 0, 0, 0, 0, 0, 13, 4, 19
"/home/david/DVHS Robotics/bubonic-corona/venv/lib/python3.12/site-packages/_pyinstaller_hooks_contrib/stdhooks/hook-zmq.py", "Python", 21, 0, 0, 0, 0, 0, 0, 0, 0, 0, 0, 0, 36, 7, 64
"/home/david/DVHS Robotics/bubonic-corona/venv/lib/python3.12/site-packages/_pyinstaller_hooks_contrib/stdhooks/hook-zoneinfo.py", "Python", 3, 0, 0, 0, 0, 0, 0, 0, 0, 0, 0, 0, 13, 3, 19
"/home/david/DVHS Robotics/bubonic-corona/venv/lib/python3.12/site-packages/_pyinstaller_hooks_contrib/utils/__init__.py", "Python", 0, 0, 0, 0, 0, 0, 0, 0, 0, 0, 0, 0, 1, 1, 2
"/home/david/DVHS Robotics/bubonic-corona/venv/lib/python3.12/site-packages/_pyinstaller_hooks_contrib/utils/mypy.py", "Python", 7, 0, 0, 0, 0, 0, 0, 0, 0, 0, 0, 0, 15, 4, 26
"/home/david/DVHS Robotics/bubonic-corona/venv/lib/python3.12/site-packages/_pyinstaller_hooks_contrib/utils/nvidia_cuda.py", "Python", 39, 0, 0, 0, 0, 0, 0, 0, 0, 0, 0, 0, 24, 15, 78
"/home/david/DVHS Robotics/bubonic-corona/venv/lib/python3.12/site-packages/_pyinstaller_hooks_contrib/utils/vtkmodules.py", "Python", 601, 0, 0, 0, 0, 0, 0, 0, 0, 0, 0, 0, 12, 10, 623
"/home/david/DVHS Robotics/bubonic-corona/venv/lib/python3.12/site-packages/altgraph/Dot.py", "Python", 136, 0, 0, 0, 0, 0, 0, 0, 0, 0, 0, 0, 150, 36, 322
"/home/david/DVHS Robotics/bubonic-corona/venv/lib/python3.12/site-packages/altgraph/Graph.py", "Python", 307, 0, 0, 0, 0, 0, 0, 0, 0, 0, 0, 0, 288, 88, 683
"/home/david/DVHS Robotics/bubonic-corona/venv/lib/python3.12/site-packages/altgraph/GraphAlgo.py", "Python", 81, 0, 0, 0, 0, 0, 0, 0, 0, 0, 0, 0, 73, 18, 172
"/home/david/DVHS Robotics/bubonic-corona/venv/lib/python3.12/site-packages/altgraph/GraphStat.py", "Python", 33, 0, 0, 0, 0, 0, 0, 0, 0, 0, 0, 0, 25, 16, 74
"/home/david/DVHS Robotics/bubonic-corona/venv/lib/python3.12/site-packages/altgraph/GraphUtil.py", "Python", 72, 0, 0, 0, 0, 0, 0, 0, 0, 0, 0, 0, 39, 29, 140
"/home/david/DVHS Robotics/bubonic-corona/venv/lib/python3.12/site-packages/altgraph/ObjectGraph.py", "Python", 127, 0, 0, 0, 0, 0, 0, 0, 0, 0, 0, 0, 56, 30, 213
"/home/david/DVHS Robotics/bubonic-corona/venv/lib/python3.12/site-packages/altgraph/__init__.py", "Python", 3, 0, 0, 0, 0, 0, 0, 0, 0, 0, 0, 0, 141, 3, 147
"/home/david/DVHS Robotics/bubonic-corona/venv/lib/python3.12/site-packages/packaging/__init__.py", "Python", 8, 0, 0, 0, 0, 0, 0, 0, 0, 0, 0, 0, 3, 5, 16
"/home/david/DVHS Robotics/bubonic-corona/venv/lib/python3.12/site-packages/packaging/_elffile.py", "Python", 72, 0, 0, 0, 0, 0, 0, 0, 0, 0, 0, 0, 17, 20, 109
"/home/david/DVHS Robotics/bubonic-corona/venv/lib/python3.12/site-packages/packaging/_manylinux.py", "Python", 153, 0, 0, 0, 0, 0, 0, 0, 0, 0, 0, 0, 72, 38, 263
"/home/david/DVHS Robotics/bubonic-corona/venv/lib/python3.12/site-packages/packaging/_musllinux.py", "Python", 45, 0, 0, 0, 0, 0, 0, 0, 0, 0, 0, 0, 25, 16, 86
"/home/david/DVHS Robotics/bubonic-corona/venv/lib/python3.12/site-packages/packaging/_parser.py", "Python", 252, 0, 0, 0, 0, 0, 0, 0, 0, 0, 0, 0, 55, 87, 394
"/home/david/DVHS Robotics/bubonic-corona/venv/lib/python3.12/site-packages/packaging/_structures.py", "Python", 9, 0, 0, 0, 0, 0, 0, 0, 0, 0, 0, 0, 14, 11, 34
"/home/david/DVHS Robotics/bubonic-corona/venv/lib/python3.12/site-packages/packaging/_tokenizer.py", "Python", 116, 0, 0, 0, 0, 0, 0, 0, 0, 0, 0, 0, 64, 14, 194
"/home/david/DVHS Robotics/bubonic-corona/venv/lib/python3.12/site-packages/packaging/dependency_groups.py", "Python", 161, 0, 0, 0, 0, 0, 0, 0, 0, 0, 0, 0, 82, 60, 303
"/home/david/DVHS Robotics/bubonic-corona/venv/lib/python3.12/site-packages/packaging/direct_url.py", "Python", 242, 0, 0, 0, 0, 0, 0, 0, 0, 0, 0, 0, 30, 54, 326
"/home/david/DVHS Robotics/bubonic-corona/venv/lib/python3.12/site-packages/packaging/errors.py", "Python", 43, 0, 0, 0, 0, 0, 0, 0, 0, 0, 0, 0, 34, 18, 95
"/home/david/DVHS Robotics/bubonic-corona/venv/lib/python3.12/site-packages/packaging/licenses/__init__.py", "Python", 82, 0, 0, 0, 0, 0, 0, 0, 0, 0, 0, 0, 81, 24, 187
"/home/david/DVHS Robotics/bubonic-corona/venv/lib/python3.12/site-packages/packaging/licenses/_spdx.py", "Python", 791, 0, 0, 0, 0, 0, 0, 0, 0, 0, 0, 0, 0, 9, 800
"/home/david/DVHS Robotics/bubonic-corona/venv/lib/python3.12/site-packages/packaging/markers.py", "Python", 247, 0, 0, 0, 0, 0, 0, 0, 0, 0, 0, 0, 167, 79, 493
"/home/david/DVHS Robotics/bubonic-corona/venv/lib/python3.12/site-packages/packaging/metadata.py", "Python", 565, 0, 0, 0, 0, 0, 0, 0, 0, 0, 0, 0, 293, 107, 965
"/home/david/DVHS Robotics/bubonic-corona/venv/lib/python3.12/site-packages/packaging/pylock.py", "Python", 694, 0, 0, 0, 0, 0, 0, 0, 0, 0, 0, 0, 96, 116, 906
"/home/david/DVHS Robotics/bubonic-corona/venv/lib/python3.12/site-packages/packaging/requirements.py", "Python", 75, 0, 0, 0, 0, 0, 0, 0, 0, 0, 0, 0, 30, 25, 130
"/home/david/DVHS Robotics/bubonic-corona/venv/lib/python3.12/site-packages/packaging/specifiers.py", "Python", 782, 0, 0, 0, 0, 0, 0, 0, 0, 0, 0, 0, 1016, 146, 1944
"/home/david/DVHS Robotics/bubonic-corona/venv/lib/python3.12/site-packages/packaging/tags.py", "Python", 474, 0, 0, 0, 0, 0, 0, 0, 0, 0, 0, 0, 340, 119, 933
"/home/david/DVHS Robotics/bubonic-corona/venv/lib/python3.12/site-packages/packaging/utils.py", "Python", 113, 0, 0, 0, 0, 0, 0, 0, 0, 0, 0, 0, 148, 36, 297
"/home/david/DVHS Robotics/bubonic-corona/venv/lib/python3.12/site-packages/packaging/version.py", "Python", 344, 0, 0, 0, 0, 0, 0, 0, 0, 0, 0, 0, 795, 93, 1232
"/home/david/DVHS Robotics/bubonic-corona/venv/lib/python3.12/site-packages/pip/__init__.py", "Python", 5, 0, 0, 0, 0, 0, 0, 0, 0, 0, 0, 0, 4, 5, 14
"/home/david/DVHS Robotics/bubonic-corona/venv/lib/python3.12/site-packages/pip/__main__.py", "Python", 10, 0, 0, 0, 0, 0, 0, 0, 0, 0, 0, 0, 10, 5, 25
"/home/david/DVHS Robotics/bubonic-corona/venv/lib/python3.12/site-packages/pip/__pip-runner__.py", "Python", 25, 0, 0, 0, 0, 0, 0, 0, 0, 0, 0, 0, 9, 17, 51
"/home/david/DVHS Robotics/bubonic-corona/venv/lib/python3.12/site-packages/pip/_internal/__init__.py", "Python", 6, 0, 0, 0, 0, 0, 0, 0, 0, 0, 0, 0, 7, 6, 19
"/home/david/DVHS Robotics/bubonic-corona/venv/lib/python3.12/site-packages/pip/_internal/build_env.py", "Python", 219, 0, 0, 0, 0, 0, 0, 0, 0, 0, 0, 0, 57, 40, 316
"/home/david/DVHS Robotics/bubonic-corona/venv/lib/python3.12/site-packages/pip/_internal/cache.py", "Python", 189, 0, 0, 0, 0, 0, 0, 0, 0, 0, 0, 0, 56, 46, 291
"/home/david/DVHS Robotics/bubonic-corona/venv/lib/python3.12/site-packages/pip/_internal/cli/__init__.py", "Python", 0, 0, 0, 0, 0, 0, 0, 0, 0, 0, 0, 0, 3, 2, 5
"/home/david/DVHS Robotics/bubonic-corona/venv/lib/python3.12/site-packages/pip/_internal/cli/autocompletion.py", "Python", 121, 0, 0, 0, 0, 0, 0, 0, 0, 0, 0, 0, 39, 17, 177
"/home/david/DVHS Robotics/bubonic-corona/venv/lib/python3.12/site-packages/pip/_internal/cli/base_command.py", "Python", 164, 0, 0, 0, 0, 0, 0, 0, 0, 0, 0, 0, 27, 41, 232
"/home/david/DVHS Robotics/bubonic-corona/venv/lib/python3.12/site-packages/pip/_internal/cli/cmdoptions.py", "Python", 835, 0, 0, 0, 0, 0, 0, 0, 0, 0, 0, 0, 93, 148, 1076
"/home/david/DVHS Robotics/bubonic-corona/venv/lib/python3.12/site-packages/pip/_internal/cli/command_context.py", "Python", 20, 0, 0, 0, 0, 0, 0, 0, 0, 0, 0, 0, 0, 8, 28
"/home/david/DVHS Robotics/bubonic-corona/venv/lib/python3.12/site-packages/pip/_internal/cli/index_command.py", "Python", 103, 0, 0, 0, 0, 0, 0, 0, 0, 0, 0, 0, 33, 35, 171
"/home/david/DVHS Robotics/bubonic-corona/venv/lib/python3.12/site-packages/pip/_internal/cli/main.py", "Python", 32, 0, 0, 0, 0, 0, 0, 0, 0, 0, 0, 0, 32, 17, 81
"/home/david/DVHS Robotics/bubonic-corona/venv/lib/python3.12/site-packages/pip/_internal/cli/main_parser.py", "Python", 79, 0, 0, 0, 0, 0, 0, 0, 0, 0, 0, 0, 27, 29, 135
"/home/david/DVHS Robotics/bubonic-corona/venv/lib/python3.12/site-packages/pip/_internal/cli/parser.py", "Python", 196, 0, 0, 0, 0, 0, 0, 0, 0, 0, 0, 0, 49, 50, 295
"/home/david/DVHS Robotics/bubonic-corona/venv/lib/python3.12/site-packages/pip/_internal/cli/progress_bars.py", "Python", 77, 0, 0, 0, 0, 0, 0, 0, 0, 0, 0, 0, 4, 14, 95
"/home/david/DVHS Robotics/bubonic-corona/venv/lib/python3.12/site-packages/pip/_internal/cli/req_command.py", "Python", 260, 0, 0, 0, 0, 0, 0, 0, 0, 0, 0, 0, 37, 33, 330
"/home/david/DVHS Robotics/bubonic-corona/venv/lib/python3.12/site-packages/pip/_internal/cli/spinners.py", "Python", 114, 0, 0, 0, 0, 0, 0, 0, 0, 0, 0, 0, 18, 28, 160
"/home/david/DVHS Robotics/bubonic-corona/venv/lib/python3.12/site-packages/pip/_internal/cli/status_codes.py", "Python", 6, 0, 0, 0, 0, 0, 0, 0, 0, 0, 0, 0, 0, 1, 7
"/home/david/DVHS Robotics/bubonic-corona/venv/lib/python3.12/site-packages/pip/_internal/commands/__init__.py", "Python", 106, 0, 0, 0, 0, 0, 0, 0, 0, 0, 0, 0, 14, 13, 133
"/home/david/DVHS Robotics/bubonic-corona/venv/lib/python3.12/site-packages/pip/_internal/commands/cache.py", "Python", 145, 0, 0, 0, 0, 0, 0, 0, 0, 0, 0, 0, 41, 40, 226
"/home/david/DVHS Robotics/bubonic-corona/venv/lib/python3.12/site-packages/pip/_internal/commands/check.py", "Python", 58, 0, 0, 0, 0, 0, 0, 0, 0, 0, 0, 0, 1, 9, 68
"/home/david/DVHS Robotics/bubonic-corona/venv/lib/python3.12/site-packages/pip/_internal/commands/completion.py", "Python", 113, 0, 0, 0, 0, 0, 0, 0, 0, 0, 0, 0, 15, 3, 131
"/home/david/DVHS Robotics/bubonic-corona/venv/lib/python3.12/site-packages/pip/_internal/commands/configuration.py", "Python", 202, 0, 0, 0, 0, 0, 0, 0, 0, 0, 0, 0, 39, 40, 281
"/home/david/DVHS Robotics/bubonic-corona/venv/lib/python3.12/site-packages/pip/_internal/commands/debug.py", "Python", 143, 0, 0, 0, 0, 0, 0, 0, 0, 0, 0, 0, 15, 44, 202
"/home/david/DVHS Robotics/bubonic-corona/venv/lib/python3.12/site-packages/pip/_internal/commands/download.py", "Python", 107, 0, 0, 0, 0, 0, 0, 0, 0, 0, 0, 0, 13, 27, 147
"/home/david/DVHS Robotics/bubonic-corona/venv/lib/python3.12/site-packages/pip/_internal/commands/freeze.py", "Python", 89, 0, 0, 0, 0, 0, 0, 0, 0, 0, 0, 0, 5, 17, 111
"/home/david/DVHS Robotics/bubonic-corona/venv/lib/python3.12/site-packages/pip/_internal/commands/hash.py", "Python", 42, 0, 0, 0, 0, 0, 0, 0, 0, 0, 0, 0, 7, 11, 60
"/home/david/DVHS Robotics/bubonic-corona/venv/lib/python3.12/site-packages/pip/_internal/commands/help.py", "Python", 28, 0, 0, 0, 0, 0, 0, 0, 0, 0, 0, 0, 2, 12, 42
"/home/david/DVHS Robotics/bubonic-corona/venv/lib/python3.12/site-packages/pip/_internal/commands/index.py", "Python", 102, 0, 0, 0, 0, 0, 0, 0, 0, 0, 0, 0, 10, 28, 140
"/home/david/DVHS Robotics/bubonic-corona/venv/lib/python3.12/site-packages/pip/_internal/commands/inspect.py", "Python", 74, 0, 0, 0, 0, 0, 0, 0, 0, 0, 0, 0, 9, 10, 93
"/home/david/DVHS Robotics/bubonic-corona/venv/lib/python3.12/site-packages/pip/_internal/commands/install.py", "Python", 632, 0, 0, 0, 0, 0, 0, 0, 0, 0, 0, 0, 63, 89, 784
"/home/david/DVHS Robotics/bubonic-corona/venv/lib/python3.12/site-packages/pip/_internal/commands/list.py", "Python", 289, 0, 0, 0, 0, 0, 0, 0, 0, 0, 0, 0, 31, 58, 378
"/home/david/DVHS Robotics/bubonic-corona/venv/lib/python3.12/site-packages/pip/_internal/commands/search.py", "Python", 134, 0, 0, 0, 0, 0, 0, 0, 0, 0, 0, 0, 8, 31, 173
"/home/david/DVHS Robotics/bubonic-corona/venv/lib/python3.12/site-packages/pip/_internal/commands/show.py", "Python", 170, 0, 0, 0, 0, 0, 0, 0, 0, 0, 0, 0, 19, 29, 218
"/home/david/DVHS Robotics/bubonic-corona/venv/lib/python3.12/site-packages/pip/_internal/commands/uninstall.py", "Python", 93, 0, 0, 0, 0, 0, 0, 0, 0, 0, 0, 0, 9, 13, 115
"/home/david/DVHS Robotics/bubonic-corona/venv/lib/python3.12/site-packages/pip/_internal/commands/wheel.py", "Python", 142, 0, 0, 0, 0, 0, 0, 0, 0, 0, 0, 0, 13, 28, 183
"/home/david/DVHS Robotics/bubonic-corona/venv/lib/python3.12/site-packages/pip/_internal/configuration.py", "Python", 233, 0, 0, 0, 0, 0, 0, 0, 0, 0, 0, 0, 85, 66, 384
"/home/david/DVHS Robotics/bubonic-corona/venv/lib/python3.12/site-packages/pip/_internal/distributions/__init__.py", "Python", 12, 0, 0, 0, 0, 0, 0, 0, 0, 0, 0, 0, 5, 5, 22
"/home/david/DVHS Robotics/bubonic-corona/venv/lib/python3.12/site-packages/pip/_internal/distributions/base.py", "Python", 24, 0, 0, 0, 0, 0, 0, 0, 0, 0, 0, 0, 21, 9, 54
"/home/david/DVHS Robotics/bubonic-corona/venv/lib/python3.12/site-packages/pip/_internal/distributions/installed.py", "Python", 18, 0, 0, 0, 0, 0, 0, 0, 0, 0, 0, 0, 5, 7, 30
"/home/david/DVHS Robotics/bubonic-corona/venv/lib/python3.12/site-packages/pip/_internal/distributions/sdist.py", "Python", 118, 0, 0, 0, 0, 0, 0, 0, 0, 0, 0, 0, 24, 17, 159
"/home/david/DVHS Robotics/bubonic-corona/venv/lib/python3.12/site-packages/pip/_internal/distributions/wheel.py", "Python", 26, 0, 0, 0, 0, 0, 0, 0, 0, 0, 0, 0, 8, 9, 43
"/home/david/DVHS Robotics/bubonic-corona/venv/lib/python3.12/site-packages/pip/_internal/exceptions.py", "Python", 387, 0, 0, 0, 0, 0, 0, 0, 0, 0, 0, 0, 253, 138, 778
"/home/david/DVHS Robotics/bubonic-corona/venv/lib/python3.12/site-packages/pip/_internal/index/__init__.py", "Python", 0, 0, 0, 0, 0, 0, 0, 0, 0, 0, 0, 0, 2, 1, 3
"/home/david/DVHS Robotics/bubonic-corona/venv/lib/python3.12/site-packages/pip/_internal/index/collector.py", "Python", 321, 0, 0, 0, 0, 0, 0, 0, 0, 0, 0, 0, 96, 78, 495
"/home/david/DVHS Robotics/bubonic-corona/venv/lib/python3.12/site-packages/pip/_internal/index/package_finder.py", "Python", 657, 0, 0, 0, 0, 0, 0, 0, 0, 0, 0, 0, 244, 120, 1021
"/home/david/DVHS Robotics/bubonic-corona/venv/lib/python3.12/site-packages/pip/_internal/index/sources.py", "Python", 197, 0, 0, 0, 0, 0, 0, 0, 0, 0, 0, 0, 37, 52, 286
"/home/david/DVHS Robotics/bubonic-corona/venv/lib/python3.12/site-packages/pip/_internal/locations/__init__.py", "Python", 295, 0, 0, 0, 0, 0, 0, 0, 0, 0, 0, 0, 86, 76, 457
"/home/david/DVHS Robotics/bubonic-corona/venv/lib/python3.12/site-packages/pip/_internal/locations/_distutils.py", "Python", 107, 0, 0, 0, 0, 0, 0, 0, 0, 0, 0, 0, 42, 24, 173
"/home/david/DVHS Robotics/bubonic-corona/venv/lib/python3.12/site-packages/pip/_internal/locations/_sysconfig.py", "Python", 120, 0, 0, 0, 0, 0, 0, 0, 0, 0, 0, 0, 63, 32, 215
"/home/david/DVHS Robotics/bubonic-corona/venv/lib/python3.12/site-packages/pip/_internal/locations/base.py", "Python", 45, 0, 0, 0, 0, 0, 0, 0, 0, 0, 0, 0, 20, 17, 82
"/home/david/DVHS Robotics/bubonic-corona/venv/lib/python3.12/site-packages/pip/_internal/main.py", "Python", 4, 0, 0, 0, 0, 0, 0, 0, 0, 0, 0, 0, 5, 4, 13
"/home/david/DVHS Robotics/bubonic-corona/venv/lib/python3.12/site-packages/pip/_internal/metadata/__init__.py", "Python", 58, 0, 0, 0, 0, 0, 0, 0, 0, 0, 0, 0, 47, 24, 129
"/home/david/DVHS Robotics/bubonic-corona/venv/lib/python3.12/site-packages/pip/_internal/metadata/_json.py", "Python", 67, 0, 0, 0, 0, 0, 0, 0, 0, 0, 0, 0, 7, 11, 85
"/home/david/DVHS Robotics/bubonic-corona/venv/lib/python3.12/site-packages/pip/_internal/metadata/base.py", "Python", 373, 0, 0, 0, 0, 0, 0, 0, 0, 0, 0, 0, 240, 76, 689
"/home/david/DVHS Robotics/bubonic-corona/venv/lib/python3.12/site-packages/pip/_internal/metadata/importlib/__init__.py", "Python", 4, 0, 0, 0, 0, 0, 0, 0, 0, 0, 0, 0, 0, 3, 7
"/home/david/DVHS Robotics/bubonic-corona/venv/lib/python3.12/site-packages/pip/_internal/metadata/importlib/_compat.py", "Python", 41, 0, 0, 0, 0, 0, 0, 0, 0, 0, 0, 0, 26, 19, 86
"/home/david/DVHS Robotics/bubonic-corona/venv/lib/python3.12/site-packages/pip/_internal/metadata/importlib/_dists.py", "Python", 171, 0, 0, 0, 0, 0, 0, 0, 0, 0, 0, 0, 23, 28, 222
"/home/david/DVHS Robotics/bubonic-corona/venv/lib/python3.12/site-packages/pip/_internal/metadata/importlib/_envs.py", "Python", 123, 0, 0, 0, 0, 0, 0, 0, 0, 0, 0, 0, 38, 29, 190
"/home/david/DVHS Robotics/bubonic-corona/venv/lib/python3.12/site-packages/pip/_internal/metadata/pkg_resources.py", "Python", 220, 0, 0, 0, 0, 0, 0, 0, 0, 0, 0, 0, 32, 50, 302
"/home/david/DVHS Robotics/bubonic-corona/venv/lib/python3.12/site-packages/pip/_internal/models/__init__.py", "Python", 0, 0, 0, 0, 0, 0, 0, 0, 0, 0, 0, 0, 2, 1, 3
"/home/david/DVHS Robotics/bubonic-corona/venv/lib/python3.12/site-packages/pip/_internal/models/candidate.py", "Python", 16, 0, 0, 0, 0, 0, 0, 0, 0, 0, 0, 0, 1, 9, 26
"/home/david/DVHS Robotics/bubonic-corona/venv/lib/python3.12/site-packages/pip/_internal/models/direct_url.py", "Python", 171, 0, 0, 0, 0, 0, 0, 0, 0, 0, 0, 0, 10, 44, 225
"/home/david/DVHS Robotics/bubonic-corona/venv/lib/python3.12/site-packages/pip/_internal/models/format_control.py", "Python", 62, 0, 0, 0, 0, 0, 0, 0, 0, 0, 0, 0, 2, 15, 79
"/home/david/DVHS Robotics/bubonic-corona/venv/lib/python3.12/site-packages/pip/_internal/models/index.py", "Python", 16, 0, 0, 0, 0, 0, 0, 0, 0, 0, 0, 0, 4, 9, 29
"/home/david/DVHS Robotics/bubonic-corona/venv/lib/python3.12/site-packages/pip/_internal/models/installation_report.py", "Python", 29, 0, 0, 0, 0, 0, 0, 0, 0, 0, 0, 0, 21, 7, 57
"/home/david/DVHS Robotics/bubonic-corona/venv/lib/python3.12/site-packages/pip/_internal/models/link.py", "Python", 350, 0, 0, 0, 0, 0, 0, 0, 0, 0, 0, 0, 145, 96, 591
"/home/david/DVHS Robotics/bubonic-corona/venv/lib/python3.12/site-packages/pip/_internal/models/scheme.py", "Python", 10, 0, 0, 0, 0, 0, 0, 0, 0, 0, 0, 0, 9, 7, 26
"/home/david/DVHS Robotics/bubonic-corona/venv/lib/python3.12/site-packages/pip/_internal/models/search_scope.py", "Python", 79, 0, 0, 0, 0, 0, 0, 0, 0, 0, 0, 0, 29, 20, 128
"/home/david/DVHS Robotics/bubonic-corona/venv/lib/python3.12/site-packages/pip/_internal/models/selection_prefs.py", "Python", 25, 0, 0, 0, 0, 0, 0, 0, 0, 0, 0, 0, 22, 7, 54
"/home/david/DVHS Robotics/bubonic-corona/venv/lib/python3.12/site-packages/pip/_internal/models/target_python.py", "Python", 70, 0, 0, 0, 0, 0, 0, 0, 0, 0, 0, 0, 34, 18, 122
"/home/david/DVHS Robotics/bubonic-corona/venv/lib/python3.12/site-packages/pip/_internal/models/wheel.py", "Python", 39, 0, 0, 0, 0, 0, 0, 0, 0, 0, 0, 0, 42, 13, 94
"/home/david/DVHS Robotics/bubonic-corona/venv/lib/python3.12/site-packages/pip/_internal/network/__init__.py", "Python", 0, 0, 0, 0, 0, 0, 0, 0, 0, 0, 0, 0, 2, 1, 3
"/home/david/DVHS Robotics/bubonic-corona/venv/lib/python3.12/site-packages/pip/_internal/network/auth.py", "Python", 353, 0, 0, 0, 0, 0, 0, 0, 0, 0, 0, 0, 116, 98, 567
"/home/david/DVHS Robotics/bubonic-corona/venv/lib/python3.12/site-packages/pip/_internal/network/cache.py", "Python", 61, 0, 0, 0, 0, 0, 0, 0, 0, 0, 0, 0, 26, 20, 107
"/home/david/DVHS Robotics/bubonic-corona/venv/lib/python3.12/site-packages/pip/_internal/network/download.py", "Python", 136, 0, 0, 0, 0, 0, 0, 0, 0, 0, 0, 0, 17, 35, 188
"/home/david/DVHS Robotics/bubonic-corona/venv/lib/python3.12/site-packages/pip/_internal/network/lazy_wheel.py", "Python", 116, 0, 0, 0, 0, 0, 0, 0, 0, 0, 0, 0, 65, 30, 211
"/home/david/DVHS Robotics/bubonic-corona/venv/lib/python3.12/site-packages/pip/_internal/network/session.py", "Python", 333, 0, 0, 0, 0, 0, 0, 0, 0, 0, 0, 0, 110, 80, 523
"/home/david/DVHS Robotics/bubonic-corona/venv/lib/python3.12/site-packages/pip/_internal/network/utils.py", "Python", 39, 0, 0, 0, 0, 0, 0, 0, 0, 0, 0, 0, 48, 12, 99
"/home/david/DVHS Robotics/bubonic-corona/venv/lib/python3.12/site-packages/pip/_internal/network/xmlrpc.py", "Python", 48, 0, 0, 0, 0, 0, 0, 0, 0, 0, 0, 0, 5, 10, 63
"/home/david/DVHS Robotics/bubonic-corona/venv/lib/python3.12/site-packages/pip/_internal/operations/__init__.py", "Python", 0, 0, 0, 0, 0, 0, 0, 0, 0, 0, 0, 0, 0, 1, 1
"/home/david/DVHS Robotics/bubonic-corona/venv/lib/python3.12/site-packages/pip/_internal/operations/build/__init__.py", "Python", 0, 0, 0, 0, 0, 0, 0, 0, 0, 0, 0, 0, 0, 1, 1
"/home/david/DVHS Robotics/bubonic-corona/venv/lib/python3.12/site-packages/pip/_internal/operations/build/build_tracker.py", "Python", 87, 0, 0, 0, 0, 0, 0, 0, 0, 0, 0, 0, 22, 30, 139
"/home/david/DVHS Robotics/bubonic-corona/venv/lib/python3.12/site-packages/pip/_internal/operations/build/metadata.py", "Python", 22, 0, 0, 0, 0, 0, 0, 0, 0, 0, 0, 0, 9, 9, 40
"/home/david/DVHS Robotics/bubonic-corona/venv/lib/python3.12/site-packages/pip/_internal/operations/build/metadata_editable.py", "Python", 24, 0, 0, 0, 0, 0, 0, 0, 0, 0, 0, 0, 9, 9, 42
"/home/david/DVHS Robotics/bubonic-corona/venv/lib/python3.12/site-packages/pip/_internal/operations/build/metadata_legacy.py", "Python", 52, 0, 0, 0, 0, 0, 0, 0, 0, 0, 0, 0, 8, 15, 75
"/home/david/DVHS Robotics/bubonic-corona/venv/lib/python3.12/site-packages/pip/_internal/operations/build/wheel.py", "Python", 27, 0, 0, 0, 0, 0, 0, 0, 0, 0, 0, 0, 4, 7, 38
"/home/david/DVHS Robotics/bubonic-corona/venv/lib/python3.12/site-packages/pip/_internal/operations/build/wheel_editable.py", "Python", 36, 0, 0, 0, 0, 0, 0, 0, 0, 0, 0, 0, 4, 7, 47
"/home/david/DVHS Robotics/bubonic-corona/venv/lib/python3.12/site-packages/pip/_internal/operations/build/wheel_legacy.py", "Python", 80, 0, 0, 0, 0, 0, 0, 0, 0, 0, 0, 0, 7, 16, 103
"/home/david/DVHS Robotics/bubonic-corona/venv/lib/python3.12/site-packages/pip/_internal/operations/check.py", "Python", 122, 0, 0, 0, 0, 0, 0, 0, 0, 0, 0, 0, 22, 38, 182
"/home/david/DVHS Robotics/bubonic-corona/venv/lib/python3.12/site-packages/pip/_internal/operations/freeze.py", "Python", 212, 0, 0, 0, 0, 0, 0, 0, 0, 0, 0, 0, 17, 30, 259
"/home/david/DVHS Robotics/bubonic-corona/venv/lib/python3.12/site-packages/pip/_internal/operations/install/__init__.py", "Python", 0, 0, 0, 0, 0, 0, 0, 0, 0, 0, 0, 0, 2, 1, 3
"/home/david/DVHS Robotics/bubonic-corona/venv/lib/python3.12/site-packages/pip/_internal/operations/install/editable_legacy.py", "Python", 35, 0, 0, 0, 0, 0, 0, 0, 0, 0, 0, 0, 5, 8, 48
"/home/david/DVHS Robotics/bubonic-corona/venv/lib/python3.12/site-packages/pip/_internal/operations/install/wheel.py", "Python", 486, 0, 0, 0, 0, 0, 0, 0, 0, 0, 0, 0, 142, 114, 742
"/home/david/DVHS Robotics/bubonic-corona/venv/lib/python3.12/site-packages/pip/_internal/operations/prepare.py", "Python", 507, 0, 0, 0, 0, 0, 0, 0, 0, 0, 0, 0, 137, 89, 733
"/home/david/DVHS Robotics/bubonic-corona/venv/lib/python3.12/site-packages/pip/_internal/pyproject.py", "Python", 92, 0, 0, 0, 0, 0, 0, 0, 0, 0, 0, 0, 66, 28, 186
"/home/david/DVHS Robotics/bubonic-corona/venv/lib/python3.12/site-packages/pip/_internal/req/__init__.py", "Python", 68, 0, 0, 0, 0, 0, 0, 0, 0, 0, 0, 0, 6, 17, 91
"/home/david/DVHS Robotics/bubonic-corona/venv/lib/python3.12/site-packages/pip/_internal/req/constructors.py", "Python", 403, 0, 0, 0, 0, 0, 0, 0, 0, 0, 0, 0, 88, 70, 561
"/home/david/DVHS Robotics/bubonic-corona/venv/lib/python3.12/site-packages/pip/_internal/req/req_file.py", "Python", 362, 0, 0, 0, 0, 0, 0, 0, 0, 0, 0, 0, 107, 83, 552
"/home/david/DVHS Robotics/bubonic-corona/venv/lib/python3.12/site-packages/pip/_internal/req/req_install.py", "Python", 686, 0, 0, 0, 0, 0, 0, 0, 0, 0, 0, 0, 155, 94, 935
"/home/david/DVHS Robotics/bubonic-corona/venv/lib/python3.12/site-packages/pip/_internal/req/req_set.py", "Python", 56, 0, 0, 0, 0, 0, 0, 0, 0, 0, 0, 0, 6, 21, 83
"/home/david/DVHS Robotics/bubonic-corona/venv/lib/python3.12/site-packages/pip/_internal/req/req_uninstall.py", "Python", 421, 0, 0, 0, 0, 0, 0, 0, 0, 0, 0, 0, 119, 94, 634
"/home/david/DVHS Robotics/bubonic-corona/venv/lib/python3.12/site-packages/pip/_internal/resolution/__init__.py", "Python", 0, 0, 0, 0, 0, 0, 0, 0, 0, 0, 0, 0, 0, 1, 1
"/home/david/DVHS Robotics/bubonic-corona/venv/lib/python3.12/site-packages/pip/_internal/resolution/base.py", "Python", 15, 0, 0, 0, 0, 0, 0, 0, 0, 0, 0, 0, 0, 6, 21
"/home/david/DVHS Robotics/bubonic-corona/venv/lib/python3.12/site-packages/pip/_internal/resolution/legacy/__init__.py", "Python", 0, 0, 0, 0, 0, 0, 0, 0, 0, 0, 0, 0, 0, 1, 1
"/home/david/DVHS Robotics/bubonic-corona/venv/lib/python3.12/site-packages/pip/_internal/resolution/legacy/resolver.py", "Python", 369, 0, 0, 0, 0, 0, 0, 0, 0, 0, 0, 0, 163, 66, 598
"/home/david/DVHS Robotics/bubonic-corona/venv/lib/python3.12/site-packages/pip/_internal/resolution/resolvelib/__init__.py", "Python", 0, 0, 0, 0, 0, 0, 0, 0, 0, 0, 0, 0, 0, 1, 1
"/home/david/DVHS Robotics/bubonic-corona/venv/lib/python3.12/site-packages/pip/_internal/resolution/resolvelib/base.py", "Python", 83, 0, 0, 0, 0, 0, 0, 0, 0, 0, 0, 0, 26, 31, 140
"/home/david/DVHS Robotics/bubonic-corona/venv/lib/python3.12/site-packages/pip/_internal/resolution/resolvelib/candidates.py", "Python", 405, 0, 0, 0, 0, 0, 0, 0, 0, 0, 0, 0, 74, 91, 570
"/home/david/DVHS Robotics/bubonic-corona/venv/lib/python3.12/site-packages/pip/_internal/resolution/resolvelib/factory.py", "Python", 625, 0, 0, 0, 0, 0, 0, 0, 0, 0, 0, 0, 116, 77, 818
"/home/david/DVHS Robotics/bubonic-corona/venv/lib/python3.12/site-packages/pip/_internal/resolution/resolvelib/found_candidates.py", "Python", 95, 0, 0, 0, 0, 0, 0, 0, 0, 0, 0, 0, 58, 22, 175
"/home/david/DVHS Robotics/bubonic-corona/venv/lib/python3.12/site-packages/pip/_internal/resolution/resolvelib/provider.py", "Python", 155, 0, 0, 0, 0, 0, 0, 0, 0, 0, 0, 0, 75, 29, 259
"/home/david/DVHS Robotics/bubonic-corona/venv/lib/python3.12/site-packages/pip/_internal/resolution/resolvelib/reporter.py", "Python", 60, 0, 0, 0, 0, 0, 0, 0, 0, 0, 0, 0, 2, 20, 82
"/home/david/DVHS Robotics/bubonic-corona/venv/lib/python3.12/site-packages/pip/_internal/resolution/resolvelib/requirements.py", "Python", 165, 0, 0, 0, 0, 0, 0, 0, 0, 0, 0, 0, 18, 63, 246
"/home/david/DVHS Robotics/bubonic-corona/venv/lib/python3.12/site-packages/pip/_internal/resolution/resolvelib/resolver.py", "Python", 204, 0, 0, 0, 0, 0, 0, 0, 0, 0, 0, 0, 77, 37, 318
"/home/david/DVHS Robotics/bubonic-corona/venv/lib/python3.12/site-packages/pip/_internal/self_outdated_check.py", "Python", 167, 0, 0, 0, 0, 0, 0, 0, 0, 0, 0, 0, 33, 45, 245
"/home/david/DVHS Robotics/bubonic-corona/venv/lib/python3.12/site-packages/pip/_internal/utils/__init__.py", "Python", 0, 0, 0, 0, 0, 0, 0, 0, 0, 0, 0, 0, 0, 1, 1
"/home/david/DVHS Robotics/bubonic-corona/venv/lib/python3.12/site-packages/pip/_internal/utils/_jaraco_text.py", "Python", 39, 0, 0, 0, 0, 0, 0, 0, 0, 0, 0, 0, 57, 14, 110
"/home/david/DVHS Robotics/bubonic-corona/venv/lib/python3.12/site-packages/pip/_internal/utils/_log.py", "Python", 11, 0, 0, 0, 0, 0, 0, 0, 0, 0, 0, 0, 18, 10, 39
"/home/david/DVHS Robotics/bubonic-corona/venv/lib/python3.12/site-packages/pip/_internal/utils/appdirs.py", "Python", 25, 0, 0, 0, 0, 0, 0, 0, 0, 0, 0, 0, 12, 16, 53
"/home/david/DVHS Robotics/bubonic-corona/venv/lib/python3.12/site-packages/pip/_internal/utils/compat.py", "Python", 37, 0, 0, 0, 0, 0, 0, 0, 0, 0, 0, 0, 24, 19, 80
"/home/david/DVHS Robotics/bubonic-corona/venv/lib/python3.12/site-packages/pip/_internal/utils/compatibility_tags.py", "Python", 108, 0, 0, 0, 0, 0, 0, 0, 0, 0, 0, 0, 30, 28, 166
"/home/david/DVHS Robotics/bubonic-corona/venv/lib/python3.12/site-packages/pip/_internal/utils/datetime.py", "Python", 5, 0, 0, 0, 0, 0, 0, 0, 0, 0, 0, 0, 2, 5, 12
"/home/david/DVHS Robotics/bubonic-corona/venv/lib/python3.12/site-packages/pip/_internal/utils/deprecation.py", "Python", 75, 0, 0, 0, 0, 0, 0, 0, 0, 0, 0, 0, 28, 22, 125
"/home/david/DVHS Robotics/bubonic-corona/venv/lib/python3.12/site-packages/pip/_internal/utils/direct_url_helpers.py", "Python", 70, 0, 0, 0, 0, 0, 0, 0, 0, 0, 0, 0, 10, 8, 88
"/home/david/DVHS Robotics/bubonic-corona/venv/lib/python3.12/site-packages/pip/_internal/utils/egg_link.py", "Python", 43, 0, 0, 0, 0, 0, 0, 0, 0, 0, 0, 0, 28, 10, 81
"/home/david/DVHS Robotics/bubonic-corona/venv/lib/python3.12/site-packages/pip/_internal/utils/encoding.py", "Python", 28, 0, 0, 0, 0, 0, 0, 0, 0, 0, 0, 0, 4, 5, 37
"/home/david/DVHS Robotics/bubonic-corona/venv/lib/python3.12/site-packages/pip/_internal/utils/entrypoints.py", "Python", 54, 0, 0, 0, 0, 0, 0, 0, 0, 0, 0, 0, 18, 13, 85
"/home/david/DVHS Robotics/bubonic-corona/venv/lib/python3.12/site-packages/pip/_internal/utils/filesystem.py", "Python", 92, 0, 0, 0, 0, 0, 0, 0, 0, 0, 0, 0, 31, 27, 150
"/home/david/DVHS Robotics/bubonic-corona/venv/lib/python3.12/site-packages/pip/_internal/utils/filetypes.py", "Python", 19, 0, 0, 0, 0, 0, 0, 0, 0, 0, 0, 0, 3, 6, 28
"/home/david/DVHS Robotics/bubonic-corona/venv/lib/python3.12/site-packages/pip/_internal/utils/glibc.py", "Python", 43, 0, 0, 0, 0, 0, 0, 0, 0, 0, 0, 0, 45, 14, 102
"/home/david/DVHS Robotics/bubonic-corona/venv/lib/python3.12/site-packages/pip/_internal/utils/hashes.py", "Python", 80, 0, 0, 0, 0, 0, 0, 0, 0, 0, 0, 0, 39, 29, 148
"/home/david/DVHS Robotics/bubonic-corona/venv/lib/python3.12/site-packages/pip/_internal/utils/logging.py", "Python", 246, 0, 0, 0, 0, 0, 0, 0, 0, 0, 0, 0, 51, 51, 348
"/home/david/DVHS Robotics/bubonic-corona/venv/lib/python3.12/site-packages/pip/_internal/utils/misc.py", "Python", 479, 0, 0, 0, 0, 0, 0, 0, 0, 0, 0, 0, 164, 135, 778
"/home/david/DVHS Robotics/bubonic-corona/venv/lib/python3.12/site-packages/pip/_internal/utils/packaging.py", "Python", 21, 0, 0, 0, 0, 0, 0, 0, 0, 0, 0, 0, 26, 11, 58
"/home/david/DVHS Robotics/bubonic-corona/venv/lib/python3.12/site-packages/pip/_internal/utils/retry.py", "Python", 22, 0, 0, 0, 0, 0, 0, 0, 0, 0, 0, 0, 12, 9, 43
"/home/david/DVHS Robotics/bubonic-corona/venv/lib/python3.12/site-packages/pip/_internal/utils/setuptools_build.py", "Python", 74, 0, 0, 0, 0, 0, 0, 0, 0, 0, 0, 0, 53, 20, 147
"/home/david/DVHS Robotics/bubonic-corona/venv/lib/python3.12/site-packages/pip/_internal/utils/subprocess.py", "Python", 160, 0, 0, 0, 0, 0, 0, 0, 0, 0, 0, 0, 63, 23, 246
"/home/david/DVHS Robotics/bubonic-corona/venv/lib/python3.12/site-packages/pip/_internal/utils/temp_dir.py", "Python", 175, 0, 0, 0, 0, 0, 0, 0, 0, 0, 0, 0, 74, 48, 297
"/home/david/DVHS Robotics/bubonic-corona/venv/lib/python3.12/site-packages/pip/_internal/utils/unpacking.py", "Python", 239, 0, 0, 0, 0, 0, 0, 0, 0, 0, 0, 0, 60, 39, 338
"/home/david/DVHS Robotics/bubonic-corona/venv/lib/python3.12/site-packages/pip/_internal/utils/urls.py", "Python", 33, 0, 0, 0, 0, 0, 0, 0, 0, 0, 0, 0, 12, 11, 56
"/home/david/DVHS Robotics/bubonic-corona/venv/lib/python3.12/site-packages/pip/_internal/utils/virtualenv.py", "Python", 50, 0, 0, 0, 0, 0, 0, 0, 0, 0, 0, 0, 36, 19, 105
"/home/david/DVHS Robotics/bubonic-corona/venv/lib/python3.12/site-packages/pip/_internal/utils/wheel.py", "Python", 68, 0, 0, 0, 0, 0, 0, 0, 0, 0, 0, 0, 36, 31, 135
"/home/david/DVHS Robotics/bubonic-corona/venv/lib/python3.12/site-packages/pip/_internal/vcs/__init__.py", "Python", 11, 0, 0, 0, 0, 0, 0, 0, 0, 0, 0, 0, 4, 1, 16
"/home/david/DVHS Robotics/bubonic-corona/venv/lib/python3.12/site-packages/pip/_internal/vcs/bazaar.py", "Python", 93, 0, 0, 0, 0, 0, 0, 0, 0, 0, 0, 0, 4, 16, 113
"/home/david/DVHS Robotics/bubonic-corona/venv/lib/python3.12/site-packages/pip/_internal/vcs/git.py", "Python", 139, 0, 0, 0, 0, 0, 0, 0, 0, 0, 0, 0, 372, 17, 528
"/home/david/DVHS Robotics/bubonic-corona/venv/lib/python3.12/site-packages/pip/_internal/vcs/mercurial.py", "Python", 134, 0, 0, 0, 0, 0, 0, 0, 0, 0, 0, 0, 13, 17, 164
"/home/david/DVHS Robotics/bubonic-corona/venv/lib/python3.12/site-packages/pip/_internal/vcs/subversion.py", "Python", 209, 0, 0, 0, 0, 0, 0, 0, 0, 0, 0, 0, 74, 42, 325
"/home/david/DVHS Robotics/bubonic-corona/venv/lib/python3.12/site-packages/pip/_internal/vcs/versioncontrol.py", "Python", 385, 0, 0, 0, 0, 0, 0, 0, 0, 0, 0, 0, 218, 86, 689
"/home/david/DVHS Robotics/bubonic-corona/venv/lib/python3.12/site-packages/pip/_internal/wheel_builder.py", "Python", 269, 0, 0, 0, 0, 0, 0, 0, 0, 0, 0, 0, 43, 43, 355
"/home/david/DVHS Robotics/bubonic-corona/venv/lib/python3.12/site-packages/pip/_vendor/__init__.py", "Python", 74, 0, 0, 0, 0, 0, 0, 0, 0, 0, 0, 0, 33, 10, 117
"/home/david/DVHS Robotics/bubonic-corona/venv/lib/python3.12/site-packages/pip/_vendor/cachecontrol/__init__.py", "Python", 16, 0, 0, 0, 0, 0, 0, 0, 0, 0, 0, 0, 7, 6, 29
"/home/david/DVHS Robotics/bubonic-corona/venv/lib/python3.12/site-packages/pip/_vendor/cachecontrol/_cmd.py", "Python", 43, 0, 0, 0, 0, 0, 0, 0, 0, 0, 0, 0, 7, 21, 71
"/home/david/DVHS Robotics/bubonic-corona/venv/lib/python3.12/site-packages/pip/_vendor/cachecontrol/adapter.py", "Python", 105, 0, 0, 0, 0, 0, 0, 0, 0, 0, 0, 0, 30, 27, 162
"/home/david/DVHS Robotics/bubonic-corona/venv/lib/python3.12/site-packages/pip/_vendor/cachecontrol/cache.py", "Python", 36, 0, 0, 0, 0, 0, 0, 0, 0, 0, 0, 0, 21, 18, 75
"/home/david/DVHS Robotics/bubonic-corona/venv/lib/python3.12/site-packages/pip/_vendor/cachecontrol/caches/__init__.py", "Python", 3, 0, 0, 0, 0, 0, 0, 0, 0, 0, 0, 0, 3, 3, 9
"/home/david/DVHS Robotics/bubonic-corona/venv/lib/python3.12/site-packages/pip/_vendor/cachecontrol/caches/file_cache.py", "Python", 103, 0, 0, 0, 0, 0, 0, 0, 0, 0, 0, 0, 44, 36, 183
"/home/david/DVHS Robotics/bubonic-corona/venv/lib/python3.12/site-packages/pip/_vendor/cachecontrol/caches/redis_cache.py", "Python", 31, 0, 0, 0, 0, 0, 0, 0, 0, 0, 0, 0, 6, 12, 49
"/home/david/DVHS Robotics/bubonic-corona/venv/lib/python3.12/site-packages/pip/_vendor/cachecontrol/controller.py", "Python", 323, 0, 0, 0, 0, 0, 0, 0, 0, 0, 0, 0, 99, 78, 500
"/home/david/DVHS Robotics/bubonic-corona/venv/lib/python3.12/site-packages/pip/_vendor/cachecontrol/filewrapper.py", "Python", 54, 0, 0, 0, 0, 0, 0, 0, 0, 0, 0, 0, 46, 20, 120
"/home/david/DVHS Robotics/bubonic-corona/venv/lib/python3.12/site-packages/pip/_vendor/cachecontrol/heuristics.py", "Python", 85, 0, 0, 0, 0, 0, 0, 0, 0, 0, 0, 0, 35, 35, 155
"/home/david/DVHS Robotics/bubonic-corona/venv/lib/python3.12/site-packages/pip/_vendor/cachecontrol/serialize.py", "Python", 96, 0, 0, 0, 0, 0, 0, 0, 0, 0, 0, 0, 26, 25, 147
"/home/david/DVHS Robotics/bubonic-corona/venv/lib/python3.12/site-packages/pip/_vendor/cachecontrol/wrapper.py", "Python", 33, 0, 0, 0, 0, 0, 0, 0, 0, 0, 0, 0, 3, 8, 44
"/home/david/DVHS Robotics/bubonic-corona/venv/lib/python3.12/site-packages/pip/_vendor/certifi/__init__.py", "Python", 3, 0, 0, 0, 0, 0, 0, 0, 0, 0, 0, 0, 0, 2, 5
"/home/david/DVHS Robotics/bubonic-corona/venv/lib/python3.12/site-packages/pip/_vendor/certifi/__main__.py", "Python", 9, 0, 0, 0, 0, 0, 0, 0, 0, 0, 0, 0, 0, 4, 13
"/home/david/DVHS Robotics/bubonic-corona/venv/lib/python3.12/site-packages/pip/_vendor/certifi/core.py", "Python", 57, 0, 0, 0, 0, 0, 0, 0, 0, 0, 0, 0, 44, 25, 126
"/home/david/DVHS Robotics/bubonic-corona/venv/lib/python3.12/site-packages/pip/_vendor/distlib/__init__.py", "Python", 16, 0, 0, 0, 0, 0, 0, 0, 0, 0, 0, 0, 6, 12, 34
"/home/david/DVHS Robotics/bubonic-corona/venv/lib/python3.12/site-packages/pip/_vendor/distlib/compat.py", "Python", 808, 0, 0, 0, 0, 0, 0, 0, 0, 0, 0, 0, 161, 170, 1139
"/home/david/DVHS Robotics/bubonic-corona/venv/lib/python3.12/site-packages/pip/_vendor/distlib/database.py", "Python", 784, 0, 0, 0, 0, 0, 0, 0, 0, 0, 0, 0, 426, 150, 1360
"/home/david/DVHS Robotics/bubonic-corona/venv/lib/python3.12/site-packages/pip/_vendor/distlib/index.py", "Python", 285, 0, 0, 0, 0, 0, 0, 0, 0, 0, 0, 0, 193, 31, 509
"/home/david/DVHS Robotics/bubonic-corona/venv/lib/python3.12/site-packages/pip/_vendor/distlib/locators.py", "Python", 824, 0, 0, 0, 0, 0, 0, 0, 0, 0, 0, 0, 381, 99, 1304
"/home/david/DVHS Robotics/bubonic-corona/venv/lib/python3.12/site-packages/pip/_vendor/distlib/manifest.py", "Python", 199, 0, 0, 0, 0, 0, 0, 0, 0, 0, 0, 0, 133, 53, 385
"/home/david/DVHS Robotics/bubonic-corona/venv/lib/python3.12/site-packages/pip/_vendor/distlib/markers.py", "Python", 112, 0, 0, 0, 0, 0, 0, 0, 0, 0, 0, 0, 27, 29, 168
"/home/david/DVHS Robotics/bubonic-corona/venv/lib/python3.12/site-packages/pip/_vendor/distlib/metadata.py", "Python", 786, 0, 0, 0, 0, 0, 0, 0, 0, 0, 0, 0, 135, 148, 1069
"/home/david/DVHS Robotics/bubonic-corona/venv/lib/python3.12/site-packages/pip/_vendor/distlib/resources.py", "Python", 243, 0, 0, 0, 0, 0, 0, 0, 0, 0, 0, 0, 56, 60, 359
"/home/david/DVHS Robotics/bubonic-corona/venv/lib/python3.12/site-packages/pip/_vendor/distlib/scripts.py", "Python", 332, 0, 0, 0, 0, 0, 0, 0, 0, 0, 0, 0, 88, 47, 467
"/home/david/DVHS Robotics/bubonic-corona/venv/lib/python3.12/site-packages/pip/_vendor/distlib/util.py", "Python", 1417, 0, 0, 0, 0, 0, 0, 0, 0, 0, 0, 0, 334, 275, 2026
"/home/david/DVHS Robotics/bubonic-corona/venv/lib/python3.12/site-packages/pip/_vendor/distlib/version.py", "Python", 488, 0, 0, 0, 0, 0, 0, 0, 0, 0, 0, 0, 137, 127, 752
"/home/david/DVHS Robotics/bubonic-corona/venv/lib/python3.12/site-packages/pip/_vendor/distlib/wheel.py", "Python", 848, 0, 0, 0, 0, 0, 0, 0, 0, 0, 0, 0, 137, 115, 1100
"/home/david/DVHS Robotics/bubonic-corona/venv/lib/python3.12/site-packages/pip/_vendor/distro/__init__.py", "Python", 52, 0, 0, 0, 0, 0, 0, 0, 0, 0, 0, 0, 0, 3, 55
"/home/david/DVHS Robotics/bubonic-corona/venv/lib/python3.12/site-packages/pip/_vendor/distro/__main__.py", "Python", 3, 0, 0, 0, 0, 0, 0, 0, 0, 0, 0, 0, 0, 2, 5
"/home/david/DVHS Robotics/bubonic-corona/venv/lib/python3.12/site-packages/pip/_vendor/distro/distro.py", "Python", 512, 0, 0, 0, 0, 0, 0, 0, 0, 0, 0, 0, 767, 125, 1404
"/home/david/DVHS Robotics/bubonic-corona/venv/lib/python3.12/site-packages/pip/_vendor/idna/__init__.py", "Python", 43, 0, 0, 0, 0, 0, 0, 0, 0, 0, 0, 0, 0, 2, 45
"/home/david/DVHS Robotics/bubonic-corona/venv/lib/python3.12/site-packages/pip/_vendor/idna/codec.py", "Python", 89, 0, 0, 0, 0, 0, 0, 0, 0, 0, 0, 0, 3, 27, 119
"/home/david/DVHS Robotics/bubonic-corona/venv/lib/python3.12/site-packages/pip/_vendor/idna/compat.py", "Python", 9, 0, 0, 0, 0, 0, 0, 0, 0, 0, 0, 0, 0, 5, 14
"/home/david/DVHS Robotics/bubonic-corona/venv/lib/python3.12/site-packages/pip/_vendor/idna/core.py", "Python", 310, 0, 0, 0, 0, 0, 0, 0, 0, 0, 0, 0, 13, 73, 396
"/home/david/DVHS Robotics/bubonic-corona/venv/lib/python3.12/site-packages/pip/_vendor/idna/idnadata.py", "Python", 4243, 0, 0, 0, 0, 0, 0, 0, 0, 0, 0, 0, 1, 2, 4246
"/home/david/DVHS Robotics/bubonic-corona/venv/lib/python3.12/site-packages/pip/_vendor/idna/intranges.py", "Python", 30, 0, 0, 0, 0, 0, 0, 0, 0, 0, 0, 0, 16, 9, 55
"/home/david/DVHS Robotics/bubonic-corona/venv/lib/python3.12/site-packages/pip/_vendor/idna/package_data.py", "Python", 1, 0, 0, 0, 0, 0, 0, 0, 0, 0, 0, 0, 0, 2, 3
"/home/david/DVHS Robotics/bubonic-corona/venv/lib/python3.12/site-packages/pip/_vendor/idna/uts46data.py", "Python", 8508, 0, 0, 0, 0, 0, 0, 0, 0, 0, 0, 0, 3, 88, 8599
"/home/david/DVHS Robotics/bubonic-corona/venv/lib/python3.12/site-packages/pip/_vendor/msgpack/__init__.py", "Python", 24, 0, 0, 0, 0, 0, 0, 0, 0, 0, 0, 0, 17, 15, 56
"/home/david/DVHS Robotics/bubonic-corona/venv/lib/python3.12/site-packages/pip/_vendor/msgpack/exceptions.py", "Python", 17, 0, 0, 0, 0, 0, 0, 0, 0, 0, 0, 0, 15, 17, 49
"/home/david/DVHS Robotics/bubonic-corona/venv/lib/python3.12/site-packages/pip/_vendor/msgpack/ext.py", "Python", 77, 0, 0, 0, 0, 0, 0, 0, 0, 0, 0, 0, 72, 20, 169
"/home/david/DVHS Robotics/bubonic-corona/venv/lib/python3.12/site-packages/pip/_vendor/msgpack/fallback.py", "Python", 672, 0, 0, 0, 0, 0, 0, 0, 0, 0, 0, 0, 201, 79, 952
"/home/david/DVHS Robotics/bubonic-corona/venv/lib/python3.12/site-packages/pip/_vendor/packaging/__init__.py", "Python", 8, 0, 0, 0, 0, 0, 0, 0, 0, 0, 0, 0, 3, 5, 16
"/home/david/DVHS Robotics/bubonic-corona/venv/lib/python3.12/site-packages/pip/_vendor/packaging/_elffile.py", "Python", 73, 0, 0, 0, 0, 0, 0, 0, 0, 0, 0, 0, 18, 20, 111
"/home/david/DVHS Robotics/bubonic-corona/venv/lib/python3.12/site-packages/pip/_vendor/packaging/_manylinux.py", "Python", 155, 0, 0, 0, 0, 0, 0, 0, 0, 0, 0, 0, 72, 36, 263
"/home/david/DVHS Robotics/bubonic-corona/venv/lib/python3.12/site-packages/pip/_vendor/packaging/_musllinux.py", "Python", 45, 0, 0, 0, 0, 0, 0, 0, 0, 0, 0, 0, 25, 16, 86
"/home/david/DVHS Robotics/bubonic-corona/venv/lib/python3.12/site-packages/pip/_vendor/packaging/_parser.py", "Python", 224, 0, 0, 0, 0, 0, 0, 0, 0, 0, 0, 0, 51, 80, 355
"/home/david/DVHS Robotics/bubonic-corona/venv/lib/python3.12/site-packages/pip/_vendor/packaging/_structures.py", "Python", 36, 0, 0, 0, 0, 0, 0, 0, 0, 0, 0, 0, 3, 23, 62
"/home/david/DVHS Robotics/bubonic-corona/venv/lib/python3.12/site-packages/pip/_vendor/packaging/_tokenizer.py", "Python", 115, 0, 0, 0, 0, 0, 0, 0, 0, 0, 0, 0, 66, 14, 195
"/home/david/DVHS Robotics/bubonic-corona/venv/lib/python3.12/site-packages/pip/_vendor/packaging/markers.py", "Python", 161, 0, 0, 0, 0, 0, 0, 0, 0, 0, 0, 0, 106, 59, 326
"/home/david/DVHS Robotics/bubonic-corona/venv/lib/python3.12/site-packages/pip/_vendor/packaging/metadata.py", "Python", 451, 0, 0, 0, 0, 0, 0, 0, 0, 0, 0, 0, 261, 93, 805
"/home/david/DVHS Robotics/bubonic-corona/venv/lib/python3.12/site-packages/pip/_vendor/packaging/requirements.py", "Python", 56, 0, 0, 0, 0, 0, 0, 0, 0, 0, 0, 0, 16, 20, 92
"/home/david/DVHS Robotics/bubonic-corona/venv/lib/python3.12/site-packages/pip/_vendor/packaging/specifiers.py", "Python", 334, 0, 0, 0, 0, 0, 0, 0, 0, 0, 0, 0, 612, 64, 1010
"/home/david/DVHS Robotics/bubonic-corona/venv/lib/python3.12/site-packages/pip/_vendor/packaging/tags.py", "Python", 354, 0, 0, 0, 0, 0, 0, 0, 0, 0, 0, 0, 133, 82, 569
"/home/david/DVHS Robotics/bubonic-corona/venv/lib/python3.12/site-packages/pip/_vendor/packaging/utils.py", "Python", 106, 0, 0, 0, 0, 0, 0, 0, 0, 0, 0, 0, 30, 39, 175
"/home/david/DVHS Robotics/bubonic-corona/venv/lib/python3.12/site-packages/pip/_vendor/packaging/version.py", "Python", 215, 0, 0, 0, 0, 0, 0, 0, 0, 0, 0, 0, 297, 52, 564
"/home/david/DVHS Robotics/bubonic-corona/venv/lib/python3.12/site-packages/pip/_vendor/pkg_resources/__init__.py", "Python", 2097, 0, 0, 0, 0, 0, 0, 0, 0, 0, 0, 0, 1056, 524, 3677
"/home/david/DVHS Robotics/bubonic-corona/venv/lib/python3.12/site-packages/pip/_vendor/platformdirs/__init__.py", "Python", 370, 0, 0, 0, 0, 0, 0, 0, 0, 0, 0, 0, 178, 80, 628
"/home/david/DVHS Robotics/bubonic-corona/venv/lib/python3.12/site-packages/pip/_vendor/platformdirs/__main__.py", "Python", 41, 0, 0, 0, 0, 0, 0, 0, 0, 0, 0, 0, 2, 13, 56
"/home/david/DVHS Robotics/bubonic-corona/venv/lib/python3.12/site-packages/pip/_vendor/platformdirs/android.py", "Python", 149, 0, 0, 0, 0, 0, 0, 0, 0, 0, 0, 0, 53, 48, 250
"/home/david/DVHS Robotics/bubonic-corona/venv/lib/python3.12/site-packages/pip/_vendor/platformdirs/api.py", "Python", 157, 0, 0, 0, 0, 0, 0, 0, 0, 0, 0, 0, 87, 49, 293
"/home/david/DVHS Robotics/bubonic-corona/venv/lib/python3.12/site-packages/pip/_vendor/platformdirs/macos.py", "Python", 66, 0, 0, 0, 0, 0, 0, 0, 0, 0, 0, 0, 41, 24, 131
"/home/david/DVHS Robotics/bubonic-corona/venv/lib/python3.12/site-packages/pip/_vendor/platformdirs/unix.py", "Python", 150, 0, 0, 0, 0, 0, 0, 0, 0, 0, 0, 0, 82, 44, 276
"/home/david/DVHS Robotics/bubonic-corona/venv/lib/python3.12/site-packages/pip/_vendor/platformdirs/version.py", "Python", 12, 0, 0, 0, 0, 0, 0, 0, 0, 0, 0, 0, 2, 3, 17
"/home/david/DVHS Robotics/bubonic-corona/venv/lib/python3.12/site-packages/pip/_vendor/platformdirs/windows.py", "Python", 174, 0, 0, 0, 0, 0, 0, 0, 0, 0, 0, 0, 50, 49, 273
"/home/david/DVHS Robotics/bubonic-corona/venv/lib/python3.12/site-packages/pip/_vendor/pygments/__init__.py", "Python", 29, 0, 0, 0, 0, 0, 0, 0, 0, 0, 0, 0, 45, 9, 83
"/home/david/DVHS Robotics/bubonic-corona/venv/lib/python3.12/site-packages/pip/_vendor/pygments/__main__.py", "Python", 6, 0, 0, 0, 0, 0, 0, 0, 0, 0, 0, 0, 9, 3, 18
"/home/david/DVHS Robotics/bubonic-corona/venv/lib/python3.12/site-packages/pip/_vendor/pygments/cmdline.py", "Python", 544, 0, 0, 0, 0, 0, 0, 0, 0, 0, 0, 0, 51, 74, 669
"/home/david/DVHS Robotics/bubonic-corona/venv/lib/python3.12/site-packages/pip/_vendor/pygments/console.py", "Python", 40, 0, 0, 0, 0, 0, 0, 0, 0, 0, 0, 0, 17, 14, 71
"/home/david/DVHS Robotics/bubonic-corona/venv/lib/python3.12/site-packages/pip/_vendor/pygments/filter.py", "Python", 25, 0, 0, 0, 0, 0, 0, 0, 0, 0, 0, 0, 33, 13, 71
"/home/david/DVHS Robotics/bubonic-corona/venv/lib/python3.12/site-packages/pip/_vendor/pygments/filters/__init__.py", "Python", 756, 0, 0, 0, 0, 0, 0, 0, 0, 0, 0, 0, 133, 52, 941
"/home/david/DVHS Robotics/bubonic-corona/venv/lib/python3.12/site-packages/pip/_vendor/pygments/formatter.py", "Python", 30, 0, 0, 0, 0, 0, 0, 0, 0, 0, 0, 0, 84, 16, 130
"/home/david/DVHS Robotics/bubonic-corona/venv/lib/python3.12/site-packages/pip/_vendor/pygments/formatters/__init__.py", "Python", 85, 0, 0, 0, 0, 0, 0, 0, 0, 0, 0, 0, 49, 24, 158
"/home/david/DVHS Robotics/bubonic-corona/venv/lib/python3.12/site-packages/pip/_vendor/pygments/formatters/_mapping.py", "Python", 20, 0, 0, 0, 0, 0, 0, 0, 0, 0, 0, 0, 2, 2, 24
"/home/david/DVHS Robotics/bubonic-corona/venv/lib/python3.12/site-packages/pip/_vendor/pygments/formatters/bbcode.py", "Python", 56, 0, 0, 0, 0, 0, 0, 0, 0, 0, 0, 0, 38, 15, 109
"/home/david/DVHS Robotics/bubonic-corona/venv/lib/python3.12/site-packages/pip/_vendor/pygments/formatters/groff.py", "Python", 106, 0, 0, 0, 0, 0, 0, 0, 0, 0, 0, 0, 30, 35, 171
"/home/david/DVHS Robotics/bubonic-corona/venv/lib/python3.12/site-packages/pip/_vendor/pygments/formatters/html.py", "Python", 370, 0, 0, 0, 0, 0, 0, 0, 0, 0, 0, 0, 520, 98, 988
"/home/david/DVHS Robotics/bubonic-corona/venv/lib/python3.12/site-packages/pip/_vendor/pygments/formatters/img.py", "Python", 387, 0, 0, 0, 0, 0, 0, 0, 0, 0, 0, 0, 232, 67, 686
"/home/david/DVHS Robotics/bubonic-corona/venv/lib/python3.12/site-packages/pip/_vendor/pygments/formatters/irc.py", "Python", 85, 0, 0, 0, 0, 0, 0, 0, 0, 0, 0, 0, 52, 18, 155
"/home/david/DVHS Robotics/bubonic-corona/venv/lib/python3.12/site-packages/pip/_vendor/pygments/formatters/latex.py", "Python", 208, 0, 0, 0, 0, 0, 0, 0, 0, 0, 0, 0, 260, 51, 519
"/home/david/DVHS Robotics/bubonic-corona/venv/lib/python3.12/site-packages/pip/_vendor/pygments/formatters/other.py", "Python", 32, 0, 0, 0, 0, 0, 0, 0, 0, 0, 0, 0, 116, 13, 161
"/home/david/DVHS Robotics/bubonic-corona/venv/lib/python3.12/site-packages/pip/_vendor/pygments/formatters/pangomarkup.py", "Python", 50, 0, 0, 0, 0, 0, 0, 0, 0, 0, 0, 0, 15, 19, 84
"/home/david/DVHS Robotics/bubonic-corona/venv/lib/python3.12/site-packages/pip/_vendor/pygments/formatters/rtf.py", "Python", 23, 0, 0, 0, 0, 0, 0, 0, 0, 0, 0, 0, 319, 8, 350
"/home/david/DVHS Robotics/bubonic-corona/venv/lib/python3.12/site-packages/pip/_vendor/pygments/formatters/svg.py", "Python", 95, 0, 0, 0, 0, 0, 0, 0, 0, 0, 0, 0, 75, 16, 186
"/home/david/DVHS Robotics/bubonic-corona/venv/lib/python3.12/site-packages/pip/_vendor/pygments/formatters/terminal.py", "Python", 51, 0, 0, 0, 0, 0, 0, 0, 0, 0, 0, 0, 62, 15, 128
"/home/david/DVHS Robotics/bubonic-corona/venv/lib/python3.12/site-packages/pip/_vendor/pygments/formatters/terminal256.py", "Python", 190, 0, 0, 0, 0, 0, 0, 0, 0, 0, 0, 0, 102, 47, 339
"/home/david/DVHS Robotics/bubonic-corona/venv/lib/python3.12/site-packages/pip/_vendor/pygments/lexer.py", "Python", 524, 0, 0, 0, 0, 0, 0, 0, 0, 0, 0, 0, 326, 114, 964
"/home/david/DVHS Robotics/bubonic-corona/venv/lib/python3.12/site-packages/pip/_vendor/pygments/lexers/__init__.py", "Python", 196, 0, 0, 0, 0, 0, 0, 0, 0, 0, 0, 0, 120, 47, 363
"/home/david/DVHS Robotics/bubonic-corona/venv/lib/python3.12/site-packages/pip/_vendor/pygments/lexers/_mapping.py", "Python", 586, 0, 0, 0, 0, 0, 0, 0, 0, 0, 0, 0, 2, 2, 590
"/home/david/DVHS Robotics/bubonic-corona/venv/lib/python3.12/site-packages/pip/_vendor/pygments/lexers/python.py", "Python", 997, 0, 0, 0, 0, 0, 0, 0, 0, 0, 0, 0, 144, 58, 1199
"/home/david/DVHS Robotics/bubonic-corona/venv/lib/python3.12/site-packages/pip/_vendor/pygments/modeline.py", "Python", 22, 0, 0, 0, 0, 0, 0, 0, 0, 0, 0, 0, 12, 10, 44
"/home/david/DVHS Robotics/bubonic-corona/venv/lib/python3.12/site-packages/pip/_vendor/pygments/plugin.py", "Python", 23, 0, 0, 0, 0, 0, 0, 0, 0, 0, 0, 0, 38, 12, 73
"/home/david/DVHS Robotics/bubonic-corona/venv/lib/python3.12/site-packages/pip/_vendor/pygments/regexopt.py", "Python", 52, 0, 0, 0, 0, 0, 0, 0, 0, 0, 0, 0, 31, 9, 92
"/home/david/DVHS Robotics/bubonic-corona/venv/lib/python3.12/site-packages/pip/_vendor/pygments/scanner.py", "Python", 44, 0, 0, 0, 0, 0, 0, 0, 0, 0, 0, 0, 49, 12, 105
"/home/david/DVHS Robotics/bubonic-corona/venv/lib/python3.12/site-packages/pip/_vendor/pygments/sphinxext.py", "Python", 181, 0, 0, 0, 0, 0, 0, 0, 0, 0, 0, 0, 20, 47, 248
"/home/david/DVHS Robotics/bubonic-corona/venv/lib/python3.12/site-packages/pip/_vendor/pygments/style.py", "Python", 148, 0, 0, 0, 0, 0, 0, 0, 0, 0, 0, 0, 28, 28, 204
"/home/david/DVHS Robotics/bubonic-corona/venv/lib/python3.12/site-packages/pip/_vendor/pygments/styles/__init__.py", "Python", 31, 0, 0, 0, 0, 0, 0, 0, 0, 0, 0, 0, 22, 9, 62
"/home/david/DVHS Robotics/bubonic-corona/venv/lib/python3.12/site-packages/pip/_vendor/pygments/styles/_mapping.py", "Python", 51, 0, 0, 0, 0, 0, 0, 0, 0, 0, 0, 0, 2, 2, 55
"/home/david/DVHS Robotics/bubonic-corona/venv/lib/python3.12/site-packages/pip/_vendor/pygments/token.py", "Python", 142, 0, 0, 0, 0, 0, 0, 0, 0, 0, 0, 0, 41, 32, 215
"/home/david/DVHS Robotics/bubonic-corona/venv/lib/python3.12/site-packages/pip/_vendor/pygments/unistring.py", "Python", 85, 0, 0, 0, 0, 0, 0, 0, 0, 0, 0, 0, 18, 51, 154
"/home/david/DVHS Robotics/bubonic-corona/venv/lib/python3.12/site-packages/pip/_vendor/pygments/util.py", "Python", 179, 0, 0, 0, 0, 0, 0, 0, 0, 0, 0, 0, 117, 29, 325
"/home/david/DVHS Robotics/bubonic-corona/venv/lib/python3.12/site-packages/pip/_vendor/pyproject_hooks/__init__.py", "Python", 19, 0, 0, 0, 0, 0, 0, 0, 0, 0, 0, 0, 2, 3, 24
"/home/david/DVHS Robotics/bubonic-corona/venv/lib/python3.12/site-packages/pip/_vendor/pyproject_hooks/_compat.py", "Python", 6, 0, 0, 0, 0, 0, 0, 0, 0, 0, 0, 0, 0, 3, 9
"/home/david/DVHS Robotics/bubonic-corona/venv/lib/python3.12/site-packages/pip/_vendor/pyproject_hooks/_impl.py", "Python", 164, 0, 0, 0, 0, 0, 0, 0, 0, 0, 0, 0, 124, 43, 331
"/home/david/DVHS Robotics/bubonic-corona/venv/lib/python3.12/site-packages/pip/_vendor/pyproject_hooks/_in_process/__init__.py", "Python", 10, 0, 0, 0, 0, 0, 0, 0, 0, 0, 0, 0, 6, 3, 19
"/home/david/DVHS Robotics/bubonic-corona/venv/lib/python3.12/site-packages/pip/_vendor/pyproject_hooks/_in_process/_in_process.py", "Python", 215, 0, 0, 0, 0, 0, 0, 0, 0, 0, 0, 0, 76, 63, 354
"/home/david/DVHS Robotics/bubonic-corona/venv/lib/python3.12/site-packages/pip/_vendor/requests/__init__.py", "Python", 97, 0, 0, 0, 0, 0, 0, 0, 0, 0, 0, 0, 56, 27, 180
"/home/david/DVHS Robotics/bubonic-corona/venv/lib/python3.12/site-packages/pip/_vendor/requests/__version__.py", "Python", 10, 0, 0, 0, 0, 0, 0, 0, 0, 0, 0, 0, 3, 2, 15
"/home/david/DVHS Robotics/bubonic-corona/venv/lib/python3.12/site-packages/pip/_vendor/requests/_internal_utils.py", "Python", 25, 0, 0, 0, 0, 0, 0, 0, 0, 0, 0, 0, 17, 9, 51
"/home/david/DVHS Robotics/bubonic-corona/venv/lib/python3.12/site-packages/pip/_vendor/requests/adapters.py", "Python", 391, 0, 0, 0, 0, 0, 0, 0, 0, 0, 0, 0, 247, 82, 720
"/home/david/DVHS Robotics/bubonic-corona/venv/lib/python3.12/site-packages/pip/_vendor/requests/api.py", "Python", 53, 0, 0, 0, 0, 0, 0, 0, 0, 0, 0, 0, 92, 13, 158
"/home/david/DVHS Robotics/bubonic-corona/venv/lib/python3.12/site-packages/pip/_vendor/requests/auth.py", "Python", 205, 0, 0, 0, 0, 0, 0, 0, 0, 0, 0, 0, 47, 63, 315
"/home/david/DVHS Robotics/bubonic-corona/venv/lib/python3.12/site-packages/pip/_vendor/requests/certs.py", "Python", 8, 0, 0, 0, 0, 0, 0, 0, 0, 0, 0, 0, 12, 5, 25
"/home/david/DVHS Robotics/bubonic-corona/venv/lib/python3.12/site-packages/pip/_vendor/requests/compat.py", "Python", 40, 0, 0, 0, 0, 0, 0, 0, 0, 0, 0, 0, 24, 15, 79
"/home/david/DVHS Robotics/bubonic-corona/venv/lib/python3.12/site-packages/pip/_vendor/requests/cookies.py", "Python", 292, 0, 0, 0, 0, 0, 0, 0, 0, 0, 0, 0, 188, 82, 562
"/home/david/DVHS Robotics/bubonic-corona/venv/lib/python3.12/site-packages/pip/_vendor/requests/exceptions.py", "Python", 39, 0, 0, 0, 0, 0, 0, 0, 0, 0, 0, 0, 56, 57, 152
"/home/david/DVHS Robotics/bubonic-corona/venv/lib/python3.12/site-packages/pip/_vendor/requests/help.py", "Python", 95, 0, 0, 0, 0, 0, 0, 0, 0, 0, 0, 0, 13, 20, 128
"/home/david/DVHS Robotics/bubonic-corona/venv/lib/python3.12/site-packages/pip/_vendor/requests/hooks.py", "Python", 14, 0, 0, 0, 0, 0, 0, 0, 0, 0, 0, 0, 13, 7, 34
"/home/david/DVHS Robotics/bubonic-corona/venv/lib/python3.12/site-packages/pip/_vendor/requests/models.py", "Python", 594, 0, 0, 0, 0, 0, 0, 0, 0, 0, 0, 0, 292, 152, 1038
"/home/david/DVHS Robotics/bubonic-corona/venv/lib/python3.12/site-packages/pip/_vendor/requests/packages.py", "Python", 17, 0, 0, 0, 0, 0, 0, 0, 0, 0, 0, 0, 4, 5, 26
"/home/david/DVHS Robotics/bubonic-corona/venv/lib/python3.12/site-packages/pip/_vendor/requests/sessions.py", "Python", 366, 0, 0, 0, 0, 0, 0, 0, 0, 0, 0, 0, 369, 97, 832
"/home/david/DVHS Robotics/bubonic-corona/venv/lib/python3.12/site-packages/pip/_vendor/requests/status_codes.py", "Python", 15, 0, 0, 0, 0, 0, 0, 0, 0, 0, 0, 0, 111, 3, 129
"/home/david/DVHS Robotics/bubonic-corona/venv/lib/python3.12/site-packages/pip/_vendor/requests/structures.py", "Python", 40, 0, 0, 0, 0, 0, 0, 0, 0, 0, 0, 0, 38, 22, 100
"/home/david/DVHS Robotics/bubonic-corona/venv/lib/python3.12/site-packages/pip/_vendor/requests/utils.py", "Python", 506, 0, 0, 0, 0, 0, 0, 0, 0, 0, 0, 0, 442, 149, 1097
"/home/david/DVHS Robotics/bubonic-corona/venv/lib/python3.12/site-packages/pip/_vendor/resolvelib/__init__.py", "Python", 23, 0, 0, 0, 0, 0, 0, 0, 0, 0, 0, 0, 0, 4, 27
"/home/david/DVHS Robotics/bubonic-corona/venv/lib/python3.12/site-packages/pip/_vendor/resolvelib/compat/__init__.py", "Python", 0, 0, 0, 0, 0, 0, 0, 0, 0, 0, 0, 0, 0, 1, 1
"/home/david/DVHS Robotics/bubonic-corona/venv/lib/python3.12/site-packages/pip/_vendor/resolvelib/compat/collections_abc.py", "Python", 5, 0, 0, 0, 0, 0, 0, 0, 0, 0, 0, 0, 0, 2, 7
"/home/david/DVHS Robotics/bubonic-corona/venv/lib/python3.12/site-packages/pip/_vendor/resolvelib/providers.py", "Python", 25, 0, 0, 0, 0, 0, 0, 0, 0, 0, 0, 0, 98, 11, 134
"/home/david/DVHS Robotics/bubonic-corona/venv/lib/python3.12/site-packages/pip/_vendor/resolvelib/reporters.py", "Python", 9, 0, 0, 0, 0, 0, 0, 0, 0, 0, 0, 0, 26, 9, 44
"/home/david/DVHS Robotics/bubonic-corona/venv/lib/python3.12/site-packages/pip/_vendor/resolvelib/resolvers.py", "Python", 335, 0, 0, 0, 0, 0, 0, 0, 0, 0, 0, 0, 132, 81, 548
"/home/david/DVHS Robotics/bubonic-corona/venv/lib/python3.12/site-packages/pip/_vendor/resolvelib/structs.py", "Python", 109, 0, 0, 0, 0, 0, 0, 0, 0, 0, 0, 0, 21, 41, 171
"/home/david/DVHS Robotics/bubonic-corona/venv/lib/python3.12/site-packages/pip/_vendor/rich/__init__.py", "Python", 68, 0, 0, 0, 0, 0, 0, 0, 0, 0, 0, 0, 90, 20, 178
"/home/david/DVHS Robotics/bubonic-corona/venv/lib/python3.12/site-packages/pip/_vendor/rich/__main__.py", "Python", 230, 0, 0, 0, 0, 0, 0, 0, 0, 0, 0, 0, 10, 34, 274
"/home/david/DVHS Robotics/bubonic-corona/venv/lib/python3.12/site-packages/pip/_vendor/rich/_cell_widths.py", "Python", 452, 0, 0, 0, 0, 0, 0, 0, 0, 0, 0, 0, 1, 2, 455
"/home/david/DVHS Robotics/bubonic-corona/venv/lib/python3.12/site-packages/pip/_vendor/rich/_emoji_codes.py", "Python", 3610, 0, 0, 0, 0, 0, 0, 0, 0, 0, 0, 0, 0, 1, 3611
"/home/david/DVHS Robotics/bubonic-corona/venv/lib/python3.12/site-packages/pip/_vendor/rich/_emoji_replace.py", "Python", 24, 0, 0, 0, 0, 0, 0, 0, 0, 0, 0, 0, 1, 8, 33
"/home/david/DVHS Robotics/bubonic-corona/venv/lib/python3.12/site-packages/pip/_vendor/rich/_export_format.py", "Python", 74, 0, 0, 0, 0, 0, 0, 0, 0, 0, 0, 0, 0, 3, 77
"/home/david/DVHS Robotics/bubonic-corona/venv/lib/python3.12/site-packages/pip/_vendor/rich/_extension.py", "Python", 6, 0, 0, 0, 0, 0, 0, 0, 0, 0, 0, 0, 1, 4, 11
"/home/david/DVHS Robotics/bubonic-corona/venv/lib/python3.12/site-packages/pip/_vendor/rich/_fileno.py", "Python", 10, 0, 0, 0, 0, 0, 0, 0, 0, 0, 0, 0, 11, 4, 25
"/home/david/DVHS Robotics/bubonic-corona/venv/lib/python3.12/site-packages/pip/_vendor/rich/_inspect.py", "Python", 189, 0, 0, 0, 0, 0, 0, 0, 0, 0, 0, 0, 46, 36, 271
"/home/david/DVHS Robotics/bubonic-corona/venv/lib/python3.12/site-packages/pip/_vendor/rich/_log_render.py", "Python", 81, 0, 0, 0, 0, 0, 0, 0, 0, 0, 0, 0, 0, 14, 95
"/home/david/DVHS Robotics/bubonic-corona/venv/lib/python3.12/site-packages/pip/_vendor/rich/_loop.py", "Python", 33, 0, 0, 0, 0, 0, 0, 0, 0, 0, 0, 0, 3, 8, 44
"/home/david/DVHS Robotics/bubonic-corona/venv/lib/python3.12/site-packages/pip/_vendor/rich/_null_file.py", "Python", 47, 0, 0, 0, 0, 0, 0, 0, 0, 0, 0, 0, 0, 23, 70
"/home/david/DVHS Robotics/bubonic-corona/venv/lib/python3.12/site-packages/pip/_vendor/rich/_palettes.py", "Python", 301, 0, 0, 0, 0, 0, 0, 0, 0, 0, 0, 0, 3, 6, 310
"/home/david/DVHS Robotics/bubonic-corona/venv/lib/python3.12/site-packages/pip/_vendor/rich/_pick.py", "Python", 7, 0, 0, 0, 0, 0, 0, 0, 0, 0, 0, 0, 8, 3, 18
"/home/david/DVHS Robotics/bubonic-corona/venv/lib/python3.12/site-packages/pip/_vendor/rich/_ratio.py", "Python", 92, 0, 0, 0, 0, 0, 0, 0, 0, 0, 0, 0, 49, 19, 160
"/home/david/DVHS Robotics/bubonic-corona/venv/lib/python3.12/site-packages/pip/_vendor/rich/_spinners.py", "Python", 461, 0, 0, 0, 0, 0, 0, 0, 0, 0, 0, 0, 20, 2, 483
"/home/david/DVHS Robotics/bubonic-corona/venv/lib/python3.12/site-packages/pip/_vendor/rich/_stack.py", "Python", 8, 0, 0, 0, 0, 0, 0, 0, 0, 0, 0, 0, 3, 6, 17
"/home/david/DVHS Robotics/bubonic-corona/venv/lib/python3.12/site-packages/pip/_vendor/rich/_timer.py", "Python", 10, 0, 0, 0, 0, 0, 0, 0, 0, 0, 0, 0, 5, 5, 20
"/home/david/DVHS Robotics/bubonic-corona/venv/lib/python3.12/site-packages/pip/_vendor/rich/_win32_console.py", "Python", 391, 0, 0, 0, 0, 0, 0, 0, 0, 0, 0, 0, 173, 99, 663
"/home/david/DVHS Robotics/bubonic-corona/venv/lib/python3.12/site-packages/pip/_vendor/rich/_windows.py", "Python", 48, 0, 0, 0, 0, 0, 0, 0, 0, 0, 0, 0, 9, 15, 72
"/home/david/DVHS Robotics/bubonic-corona/venv/lib/python3.12/site-packages/pip/_vendor/rich/_windows_renderer.py", "Python", 47, 0, 0, 0, 0, 0, 0, 0, 0, 0, 0, 0, 6, 4, 57
"/home/david/DVHS Robotics/bubonic-corona/venv/lib/python3.12/site-packages/pip/_vendor/rich/_wrap.py", "Python", 54, 0, 0, 0, 0, 0, 0, 0, 0, 0, 0, 0, 24, 16, 94
"/home/david/DVHS Robotics/bubonic-corona/venv/lib/python3.12/site-packages/pip/_vendor/rich/abc.py", "Python", 15, 0, 0, 0, 0, 0, 0, 0, 0, 0, 0, 0, 10, 9, 34
"/home/david/DVHS Robotics/bubonic-corona/venv/lib/python3.12/site-packages/pip/_vendor/rich/align.py", "Python", 248, 0, 0, 0, 0, 0, 0, 0, 0, 0, 0, 0, 30, 34, 312
"/home/david/DVHS Robotics/bubonic-corona/venv/lib/python3.12/site-packages/pip/_vendor/rich/ansi.py", "Python", 40, 0, 0, 0, 0, 0, 0, 0, 0, 0, 0, 0, 193, 8, 241
"/home/david/DVHS Robotics/bubonic-corona/venv/lib/python3.12/site-packages/pip/_vendor/rich/bar.py", "Python", 62, 0, 0, 0, 0, 0, 0, 0, 0, 0, 0, 0, 15, 17, 94
"/home/david/DVHS Robotics/bubonic-corona/venv/lib/python3.12/site-packages/pip/_vendor/rich/box.py", "Python", 359, 0, 0, 0, 0, 0, 0, 0, 0, 0, 0, 0, 69, 53, 481
"/home/david/DVHS Robotics/bubonic-corona/venv/lib/python3.12/site-packages/pip/_vendor/rich/cells.py", "Python", 92, 0, 0, 0, 0, 0, 0, 0, 0, 0, 0, 0, 48, 28, 168
"/home/david/DVHS Robotics/bubonic-corona/venv/lib/python3.12/site-packages/pip/_vendor/rich/color.py", "Python", 537, 0, 0, 0, 0, 0, 0, 0, 0, 0, 0, 0, 57, 28, 622
"/home/david/DVHS Robotics/bubonic-corona/venv/lib/python3.12/site-packages/pip/_vendor/rich/color_triplet.py", "Python", 17, 0, 0, 0, 0, 0, 0, 0, 0, 0, 0, 0, 15, 7, 39
"/home/david/DVHS Robotics/bubonic-corona/venv/lib/python3.12/site-packages/pip/_vendor/rich/columns.py", "Python", 150, 0, 0, 0, 0, 0, 0, 0, 0, 0, 0, 0, 19, 19, 188
"/home/david/DVHS Robotics/bubonic-corona/venv/lib/python3.12/site-packages/pip/_vendor/rich/console.py", "Python", 1616, 0, 0, 0, 0, 0, 0, 0, 0, 0, 0, 0, 761, 257, 2634
"/home/david/DVHS Robotics/bubonic-corona/venv/lib/python3.12/site-packages/pip/_vendor/rich/constrain.py", "Python", 24, 0, 0, 0, 0, 0, 0, 0, 0, 0, 0, 0, 6, 8, 38
"/home/david/DVHS Robotics/bubonic-corona/venv/lib/python3.12/site-packages/pip/_vendor/rich/containers.py", "Python", 128, 0, 0, 0, 0, 0, 0, 0, 0, 0, 0, 0, 13, 27, 168
"/home/david/DVHS Robotics/bubonic-corona/venv/lib/python3.12/site-packages/pip/_vendor/rich/control.py", "Python", 132, 0, 0, 0, 0, 0, 0, 0, 0, 0, 0, 0, 62, 32, 226
"/home/david/DVHS Robotics/bubonic-corona/venv/lib/python3.12/site-packages/pip/_vendor/rich/default_styles.py", "Python", 181, 0, 0, 0, 0, 0, 0, 0, 0, 0, 0, 0, 0, 10, 191
"/home/david/DVHS Robotics/bubonic-corona/venv/lib/python3.12/site-packages/pip/_vendor/rich/diagnose.py", "Python", 29, 0, 0, 0, 0, 0, 0, 0, 0, 0, 0, 0, 1, 8, 38
"/home/david/DVHS Robotics/bubonic-corona/venv/lib/python3.12/site-packages/pip/_vendor/rich/emoji.py", "Python", 56, 0, 0, 0, 0, 0, 0, 0, 0, 0, 0, 0, 18, 23, 97
"/home/david/DVHS Robotics/bubonic-corona/venv/lib/python3.12/site-packages/pip/_vendor/rich/errors.py", "Python", 9, 0, 0, 0, 0, 0, 0, 0, 0, 0, 0, 0, 9, 17, 35
"/home/david/DVHS Robotics/bubonic-corona/venv/lib/python3.12/site-packages/pip/_vendor/rich/file_proxy.py", "Python", 45, 0, 0, 0, 0, 0, 0, 0, 0, 0, 0, 0, 2, 11, 58
"/home/david/DVHS Robotics/bubonic-corona/venv/lib/python3.12/site-packages/pip/_vendor/rich/filesize.py", "Python", 43, 0, 0, 0, 0, 0, 0, 0, 0, 0, 0, 0, 37, 10, 90
"/home/david/DVHS Robotics/bubonic-corona/venv/lib/python3.12/site-packages/pip/_vendor/rich/highlighter.py", "Python", 120, 0, 0, 0, 0, 0, 0, 0, 0, 0, 0, 0, 77, 36, 233
"/home/david/DVHS Robotics/bubonic-corona/venv/lib/python3.12/site-packages/pip/_vendor/rich/json.py", "Python", 94, 0, 0, 0, 0, 0, 0, 0, 0, 0, 0, 0, 32, 14, 140
"/home/david/DVHS Robotics/bubonic-corona/venv/lib/python3.12/site-packages/pip/_vendor/rich/jupyter.py", "Python", 72, 0, 0, 0, 0, 0, 0, 0, 0, 0, 0, 0, 7, 23, 102
"/home/david/DVHS Robotics/bubonic-corona/venv/lib/python3.12/site-packages/pip/_vendor/rich/layout.py", "Python", 291, 0, 0, 0, 0, 0, 0, 0, 0, 0, 0, 0, 80, 72, 443
"/home/david/DVHS Robotics/bubonic-corona/venv/lib/python3.12/site-packages/pip/_vendor/rich/live.py", "Python", 287, 0, 0, 0, 0, 0, 0, 0, 0, 0, 0, 0, 44, 45, 376
"/home/david/DVHS Robotics/bubonic-corona/venv/lib/python3.12/site-packages/pip/_vendor/rich/live_render.py", "Python", 78, 0, 0, 0, 0, 0, 0, 0, 0, 0, 0, 0, 21, 14, 113
"/home/david/DVHS Robotics/bubonic-corona/venv/lib/python3.12/site-packages/pip/_vendor/rich/logging.py", "Python", 202, 0, 0, 0, 0, 0, 0, 0, 0, 0, 0, 0, 63, 25, 290
"/home/david/DVHS Robotics/bubonic-corona/venv/lib/python3.12/site-packages/pip/_vendor/rich/markup.py", "Python", 174, 0, 0, 0, 0, 0, 0, 0, 0, 0, 0, 0, 38, 40, 252
"/home/david/DVHS Robotics/bubonic-corona/venv/lib/python3.12/site-packages/pip/_vendor/rich/measure.py", "Python", 80, 0, 0, 0, 0, 0, 0, 0, 0, 0, 0, 0, 58, 14, 152
"/home/david/DVHS Robotics/bubonic-corona/venv/lib/python3.12/site-packages/pip/_vendor/rich/padding.py", "Python", 103, 0, 0, 0, 0, 0, 0, 0, 0, 0, 0, 0, 22, 17, 142
"/home/david/DVHS Robotics/bubonic-corona/venv/lib/python3.12/site-packages/pip/_vendor/rich/pager.py", "Python", 16, 0, 0, 0, 0, 0, 0, 0, 0, 0, 0, 0, 8, 11, 35
"/home/david/DVHS Robotics/bubonic-corona/venv/lib/python3.12/site-packages/pip/_vendor/rich/palette.py", "Python", 74, 0, 0, 0, 0, 0, 0, 0, 0, 0, 0, 0, 11, 16, 101
"/home/david/DVHS Robotics/bubonic-corona/venv/lib/python3.12/site-packages/pip/_vendor/rich/panel.py", "Python", 253, 0, 0, 0, 0, 0, 0, 0, 0, 0, 0, 0, 32, 28, 313
"/home/david/DVHS Robotics/bubonic-corona/venv/lib/python3.12/site-packages/pip/_vendor/rich/pretty.py", "Python", 747, 0, 0, 0, 0, 0, 0, 0, 0, 0, 0, 0, 148, 101, 996
"/home/david/DVHS Robotics/bubonic-corona/venv/lib/python3.12/site-packages/pip/_vendor/rich/progress.py", "Python", 1126, 0, 0, 0, 0, 0, 0, 0, 0, 0, 0, 0, 366, 208, 1700
"/home/david/DVHS Robotics/bubonic-corona/venv/lib/python3.12/site-packages/pip/_vendor/rich/progress_bar.py", "Python", 162, 0, 0, 0, 0, 0, 0, 0, 0, 0, 0, 0, 38, 24, 224
"/home/david/DVHS Robotics/bubonic-corona/venv/lib/python3.12/site-packages/pip/_vendor/rich/prompt.py", "Python", 202, 0, 0, 0, 0, 0, 0, 0, 0, 0, 0, 0, 120, 54, 376
"/home/david/DVHS Robotics/bubonic-corona/venv/lib/python3.12/site-packages/pip/_vendor/rich/protocol.py", "Python", 24, 0, 0, 0, 0, 0, 0, 0, 0, 0, 0, 0, 10, 9, 43
"/home/david/DVHS Robotics/bubonic-corona/venv/lib/python3.12/site-packages/pip/_vendor/rich/region.py", "Python", 6, 0, 0, 0, 0, 0, 0, 0, 0, 0, 0, 0, 1, 4, 11
"/home/david/DVHS Robotics/bubonic-corona/venv/lib/python3.12/site-packages/pip/_vendor/rich/repr.py", "Python", 112, 0, 0, 0, 0, 0, 0, 0, 0, 0, 0, 0, 4, 34, 150
"/home/david/DVHS Robotics/bubonic-corona/venv/lib/python3.12/site-packages/pip/_vendor/rich/rule.py", "Python", 101, 0, 0, 0, 0, 0, 0, 0, 0, 0, 0, 0, 9, 21, 131
"/home/david/DVHS Robotics/bubonic-corona/venv/lib/python3.12/site-packages/pip/_vendor/rich/scope.py", "Python", 60, 0, 0, 0, 0, 0, 0, 0, 0, 0, 0, 0, 15, 12, 87
"/home/david/DVHS Robotics/bubonic-corona/venv/lib/python3.12/site-packages/pip/_vendor/rich/screen.py", "Python", 39, 0, 0, 0, 0, 0, 0, 0, 0, 0, 0, 0, 6, 10, 55
"/home/david/DVHS Robotics/bubonic-corona/venv/lib/python3.12/site-packages/pip/_vendor/rich/segment.py", "Python", 466, 0, 0, 0, 0, 0, 0, 0, 0, 0, 0, 0, 200, 73, 739
"/home/david/DVHS Robotics/bubonic-corona/venv/lib/python3.12/site-packages/pip/_vendor/rich/spinner.py", "Python", 94, 0, 0, 0, 0, 0, 0, 0, 0, 0, 0, 0, 26, 18, 138
"/home/david/DVHS Robotics/bubonic-corona/venv/lib/python3.12/site-packages/pip/_vendor/rich/status.py", "Python", 94, 0, 0, 0, 0, 0, 0, 0, 0, 0, 0, 0, 21, 17, 132
"/home/david/DVHS Robotics/bubonic-corona/venv/lib/python3.12/site-packages/pip/_vendor/rich/style.py", "Python", 573, 0, 0, 0, 0, 0, 0, 0, 0, 0, 0, 0, 155, 69, 797
"/home/david/DVHS Robotics/bubonic-corona/venv/lib/python3.12/site-packages/pip/_vendor/rich/styled.py", "Python", 26, 0, 0, 0, 0, 0, 0, 0, 0, 0, 0, 0, 6, 11, 43
"/home/david/DVHS Robotics/bubonic-corona/venv/lib/python3.12/site-packages/pip/_vendor/rich/syntax.py", "Python", 718, 0, 0, 0, 0, 0, 0, 0, 0, 0, 0, 0, 151, 90, 959
"/home/david/DVHS Robotics/bubonic-corona/venv/lib/python3.12/site-packages/pip/_vendor/rich/table.py", "Python", 740, 0, 0, 0, 0, 0, 0, 0, 0, 0, 0, 0, 151, 110, 1001
"/home/david/DVHS Robotics/bubonic-corona/venv/lib/python3.12/site-packages/pip/_vendor/rich/terminal_theme.py", "Python", 135, 0, 0, 0, 0, 0, 0, 0, 0, 0, 0, 0, 9, 10, 154
"/home/david/DVHS Robotics/bubonic-corona/venv/lib/python3.12/site-packages/pip/_vendor/rich/text.py", "Python", 885, 0, 0, 0, 0, 0, 0, 0, 0, 0, 0, 0, 339, 134, 1358
"/home/david/DVHS Robotics/bubonic-corona/venv/lib/python3.12/site-packages/pip/_vendor/rich/theme.py", "Python", 58, 0, 0, 0, 0, 0, 0, 0, 0, 0, 0, 0, 40, 18, 116
"/home/david/DVHS Robotics/bubonic-corona/venv/lib/python3.12/site-packages/pip/_vendor/rich/themes.py", "Python", 3, 0, 0, 0, 0, 0, 0, 0, 0, 0, 0, 0, 0, 3, 6
"/home/david/DVHS Robotics/bubonic-corona/venv/lib/python3.12/site-packages/pip/_vendor/rich/traceback.py", "Python", 573, 0, 0, 0, 0, 0, 0, 0, 0, 0, 0, 0, 112, 69, 754
"/home/david/DVHS Robotics/bubonic-corona/venv/lib/python3.12/site-packages/pip/_vendor/rich/tree.py", "Python", 191, 0, 0, 0, 0, 0, 0, 0, 0, 0, 0, 0, 28, 31, 250
"/home/david/DVHS Robotics/bubonic-corona/venv/lib/python3.12/site-packages/pip/_vendor/tomli/__init__.py", "Python", 4, 0, 0, 0, 0, 0, 0, 0, 0, 0, 0, 0, 4, 4, 12
"/home/david/DVHS Robotics/bubonic-corona/venv/lib/python3.12/site-packages/pip/_vendor/tomli/_parser.py", "Python", 522, 0, 0, 0, 0, 0, 0, 0, 0, 0, 0, 0, 59, 111, 692
"/home/david/DVHS Robotics/bubonic-corona/venv/lib/python3.12/site-packages/pip/_vendor/tomli/_re.py", "Python", 32, 0, 0, 0, 0, 0, 0, 0, 0, 0, 0, 0, 70, 6, 108
"/home/david/DVHS Robotics/bubonic-corona/venv/lib/python3.12/site-packages/pip/_vendor/tomli/_types.py", "Python", 4, 0, 0, 0, 0, 0, 0, 0, 0, 0, 0, 0, 4, 3, 11
"/home/david/DVHS Robotics/bubonic-corona/venv/lib/python3.12/site-packages/pip/_vendor/truststore/__init__.py", "Python", 7, 0, 0, 0, 0, 0, 0, 0, 0, 0, 0, 0, 1, 6, 14
"/home/david/DVHS Robotics/bubonic-corona/venv/lib/python3.12/site-packages/pip/_vendor/truststore/_api.py", "Python", 228, 0, 0, 0, 0, 0, 0, 0, 0, 0, 0, 0, 24, 62, 314
"/home/david/DVHS Robotics/bubonic-corona/venv/lib/python3.12/site-packages/pip/_vendor/truststore/_macos.py", "Python", 367, 0, 0, 0, 0, 0, 0, 0, 0, 0, 0, 0, 50, 83, 500
"/home/david/DVHS Robotics/bubonic-corona/venv/lib/python3.12/site-packages/pip/_vendor/truststore/_openssl.py", "Python", 36, 0, 0, 0, 0, 0, 0, 0, 0, 0, 0, 0, 21, 10, 67
"/home/david/DVHS Robotics/bubonic-corona/venv/lib/python3.12/site-packages/pip/_vendor/truststore/_ssl_constants.py", "Python", 17, 0, 0, 0, 0, 0, 0, 0, 0, 0, 0, 0, 7, 8, 32
"/home/david/DVHS Robotics/bubonic-corona/venv/lib/python3.12/site-packages/pip/_vendor/truststore/_windows.py", "Python", 455, 0, 0, 0, 0, 0, 0, 0, 0, 0, 0, 0, 26, 84, 565
"/home/david/DVHS Robotics/bubonic-corona/venv/lib/python3.12/site-packages/pip/_vendor/typing_extensions.py", "Python", 2111, 0, 0, 0, 0, 0, 0, 0, 0, 0, 0, 0, 1112, 419, 3642
"/home/david/DVHS Robotics/bubonic-corona/venv/lib/python3.12/site-packages/pip/_vendor/urllib3/__init__.py", "Python", 61, 0, 0, 0, 0, 0, 0, 0, 0, 0, 0, 0, 27, 15, 103
"/home/david/DVHS Robotics/bubonic-corona/venv/lib/python3.12/site-packages/pip/_vendor/urllib3/_collections.py", "Python", 210, 0, 0, 0, 0, 0, 0, 0, 0, 0, 0, 0, 87, 59, 356
"/home/david/DVHS Robotics/bubonic-corona/venv/lib/python3.12/site-packages/pip/_vendor/urllib3/_version.py", "Python", 1, 0, 0, 0, 0, 0, 0, 0, 0, 0, 0, 0, 1, 1, 3
"/home/david/DVHS Robotics/bubonic-corona/venv/lib/python3.12/site-packages/pip/_vendor/urllib3/connection.py", "Python", 366, 0, 0, 0, 0, 0, 0, 0, 0, 0, 0, 0, 120, 87, 573
"/home/david/DVHS Robotics/bubonic-corona/venv/lib/python3.12/site-packages/pip/_vendor/urllib3/connectionpool.py", "Python", 620, 0, 0, 0, 0, 0, 0, 0, 0, 0, 0, 0, 383, 135, 1138
"/home/david/DVHS Robotics/bubonic-corona/venv/lib/python3.12/site-packages/pip/_vendor/urllib3/contrib/__init__.py", "Python", 0, 0, 0, 0, 0, 0, 0, 0, 0, 0, 0, 0, 0, 1, 1
"/home/david/DVHS Robotics/bubonic-corona/venv/lib/python3.12/site-packages/pip/_vendor/urllib3/contrib/_appengine_environ.py", "Python", 15, 0, 0, 0, 0, 0, 0, 0, 0, 0, 0, 0, 10, 12, 37
"/home/david/DVHS Robotics/bubonic-corona/venv/lib/python3.12/site-packages/pip/_vendor/urllib3/contrib/_securetransport/__init__.py", "Python", 0, 0, 0, 0, 0, 0, 0, 0, 0, 0, 0, 0, 0, 1, 1
"/home/david/DVHS Robotics/bubonic-corona/venv/lib/python3.12/site-packages/pip/_vendor/urllib3/contrib/_securetransport/bindings.py", "Python", 380, 0, 0, 0, 0, 0, 0, 0, 0, 0, 0, 0, 48, 92, 520
"/home/david/DVHS Robotics/bubonic-corona/venv/lib/python3.12/site-packages/pip/_vendor/urllib3/contrib/_securetransport/low_level.py", "Python", 218, 0, 0, 0, 0, 0, 0, 0, 0, 0, 0, 0, 122, 58, 398
"/home/david/DVHS Robotics/bubonic-corona/venv/lib/python3.12/site-packages/pip/_vendor/urllib3/contrib/appengine.py", "Python", 201, 0, 0, 0, 0, 0, 0, 0, 0, 0, 0, 0, 68, 46, 315
"/home/david/DVHS Robotics/bubonic-corona/venv/lib/python3.12/site-packages/pip/_vendor/urllib3/contrib/ntlmpool.py", "Python", 92, 0, 0, 0, 0, 0, 0, 0, 0, 0, 0, 0, 20, 19, 131
"/home/david/DVHS Robotics/bubonic-corona/venv/lib/python3.12/site-packages/pip/_vendor/urllib3/contrib/pyopenssl.py", "Python", 323, 0, 0, 0, 0, 0, 0, 0, 0, 0, 0, 0, 106, 90, 519
"/home/david/DVHS Robotics/bubonic-corona/venv/lib/python3.12/site-packages/pip/_vendor/urllib3/contrib/securetransport.py", "Python", 543, 0, 0, 0, 0, 0, 0, 0, 0, 0, 0, 0, 252, 126, 921
"/home/david/DVHS Robotics/bubonic-corona/venv/lib/python3.12/site-packages/pip/_vendor/urllib3/contrib/socks.py", "Python", 129, 0, 0, 0, 0, 0, 0, 0, 0, 0, 0, 0, 56, 32, 217
"/home/david/DVHS Robotics/bubonic-corona/venv/lib/python3.12/site-packages/pip/_vendor/urllib3/exceptions.py", "Python", 128, 0, 0, 0, 0, 0, 0, 0, 0, 0, 0, 0, 69, 127, 324
"/home/david/DVHS Robotics/bubonic-corona/venv/lib/python3.12/site-packages/pip/_vendor/urllib3/fields.py", "Python", 122, 0, 0, 0, 0, 0, 0, 0, 0, 0, 0, 0, 111, 42, 275
"/home/david/DVHS Robotics/bubonic-corona/venv/lib/python3.12/site-packages/pip/_vendor/urllib3/filepost.py", "Python", 46, 0, 0, 0, 0, 0, 0, 0, 0, 0, 0, 0, 31, 22, 99
"/home/david/DVHS Robotics/bubonic-corona/venv/lib/python3.12/site-packages/pip/_vendor/urllib3/packages/__init__.py", "Python", 0, 0, 0, 0, 0, 0, 0, 0, 0, 0, 0, 0, 0, 1, 1
"/home/david/DVHS Robotics/bubonic-corona/venv/lib/python3.12/site-packages/pip/_vendor/urllib3/packages/backports/__init__.py", "Python", 0, 0, 0, 0, 0, 0, 0, 0, 0, 0, 0, 0, 0, 1, 1
"/home/david/DVHS Robotics/bubonic-corona/venv/lib/python3.12/site-packages/pip/_vendor/urllib3/packages/backports/makefile.py", "Python", 38, 0, 0, 0, 0, 0, 0, 0, 0, 0, 0, 0, 11, 3, 52
"/home/david/DVHS Robotics/bubonic-corona/venv/lib/python3.12/site-packages/pip/_vendor/urllib3/packages/backports/weakref_finalize.py", "Python", 97, 0, 0, 0, 0, 0, 0, 0, 0, 0, 0, 0, 39, 20, 156
"/home/david/DVHS Robotics/bubonic-corona/venv/lib/python3.12/site-packages/pip/_vendor/urllib3/packages/six.py", "Python", 735, 0, 0, 0, 0, 0, 0, 0, 0, 0, 0, 0, 133, 209, 1077
"/home/david/DVHS Robotics/bubonic-corona/venv/lib/python3.12/site-packages/pip/_vendor/urllib3/poolmanager.py", "Python", 277, 0, 0, 0, 0, 0, 0, 0, 0, 0, 0, 0, 200, 80, 557
"/home/david/DVHS Robotics/bubonic-corona/venv/lib/python3.12/site-packages/pip/_vendor/urllib3/request.py", "Python", 85, 0, 0, 0, 0, 0, 0, 0, 0, 0, 0, 0, 80, 27, 192
"/home/david/DVHS Robotics/bubonic-corona/venv/lib/python3.12/site-packages/pip/_vendor/urllib3/response.py", "Python", 534, 0, 0, 0, 0, 0, 0, 0, 0, 0, 0, 0, 233, 113, 880
"/home/david/DVHS Robotics/bubonic-corona/venv/lib/python3.12/site-packages/pip/_vendor/urllib3/util/__init__.py", "Python", 46, 0, 0, 0, 0, 0, 0, 0, 0, 0, 0, 0, 1, 3, 50
"/home/david/DVHS Robotics/bubonic-corona/venv/lib/python3.12/site-packages/pip/_vendor/urllib3/util/connection.py", "Python", 79, 0, 0, 0, 0, 0, 0, 0, 0, 0, 0, 0, 42, 29, 150
"/home/david/DVHS Robotics/bubonic-corona/venv/lib/python3.12/site-packages/pip/_vendor/urllib3/util/proxy.py", "Python", 30, 0, 0, 0, 0, 0, 0, 0, 0, 0, 0, 0, 18, 10, 58
"/home/david/DVHS Robotics/bubonic-corona/venv/lib/python3.12/site-packages/pip/_vendor/urllib3/util/queue.py", "Python", 14, 0, 0, 0, 0, 0, 0, 0, 0, 0, 0, 0, 1, 8, 23
"/home/david/DVHS Robotics/bubonic-corona/venv/lib/python3.12/site-packages/pip/_vendor/urllib3/util/request.py", "Python", 65, 0, 0, 0, 0, 0, 0, 0, 0, 0, 0, 0, 54, 19, 138
"/home/david/DVHS Robotics/bubonic-corona/venv/lib/python3.12/site-packages/pip/_vendor/urllib3/util/response.py", "Python", 44, 0, 0, 0, 0, 0, 0, 0, 0, 0, 0, 0, 45, 19, 108
"/home/david/DVHS Robotics/bubonic-corona/venv/lib/python3.12/site-packages/pip/_vendor/urllib3/util/retry.py", "Python", 346, 0, 0, 0, 0, 0, 0, 0, 0, 0, 0, 0, 203, 74, 623
"/home/david/DVHS Robotics/bubonic-corona/venv/lib/python3.12/site-packages/pip/_vendor/urllib3/util/ssl_.py", "Python", 272, 0, 0, 0, 0, 0, 0, 0, 0, 0, 0, 0, 149, 75, 496
"/home/david/DVHS Robotics/bubonic-corona/venv/lib/python3.12/site-packages/pip/_vendor/urllib3/util/ssl_match_hostname.py", "Python", 85, 0, 0, 0, 0, 0, 0, 0, 0, 0, 0, 0, 54, 21, 160
"/home/david/DVHS Robotics/bubonic-corona/venv/lib/python3.12/site-packages/pip/_vendor/urllib3/util/ssltransport.py", "Python", 155, 0, 0, 0, 0, 0, 0, 0, 0, 0, 0, 0, 29, 38, 222
"/home/david/DVHS Robotics/bubonic-corona/venv/lib/python3.12/site-packages/pip/_vendor/urllib3/util/timeout.py", "Python", 93, 0, 0, 0, 0, 0, 0, 0, 0, 0, 0, 0, 152, 27, 272
"/home/david/DVHS Robotics/bubonic-corona/venv/lib/python3.12/site-packages/pip/_vendor/urllib3/util/url.py", "Python", 263, 0, 0, 0, 0, 0, 0, 0, 0, 0, 0, 0, 107, 66, 436
"/home/david/DVHS Robotics/bubonic-corona/venv/lib/python3.12/site-packages/pip/_vendor/urllib3/util/wait.py", "Python", 83, 0, 0, 0, 0, 0, 0, 0, 0, 0, 0, 0, 44, 26, 153
"/home/david/DVHS Robotics/bubonic-corona/venv/lib/python3.12/site-packages/pygame/__init__.py", "Python", 210, 0, 0, 0, 0, 0, 0, 0, 0, 0, 0, 0, 51, 85, 346
"/home/david/DVHS Robotics/bubonic-corona/venv/lib/python3.12/site-packages/pygame/__init__.pyi", "Python", 622, 0, 0, 0, 0, 0, 0, 0, 0, 0, 0, 0, 3, 8, 633
"/home/david/DVHS Robotics/bubonic-corona/venv/lib/python3.12/site-packages/pygame/__pyinstaller/__init__.py", "Python", 3, 0, 0, 0, 0, 0, 0, 0, 0, 0, 0, 0, 0, 3, 6
"/home/david/DVHS Robotics/bubonic-corona/venv/lib/python3.12/site-packages/pygame/__pyinstaller/hook-pygame.py", "Python", 21, 0, 0, 0, 0, 0, 0, 0, 0, 0, 0, 0, 13, 12, 46
"/home/david/DVHS Robotics/bubonic-corona/venv/lib/python3.12/site-packages/pygame/_camera_opencv.py", "Python", 136, 0, 0, 0, 0, 0, 0, 0, 0, 0, 0, 0, 20, 55, 211
"/home/david/DVHS Robotics/bubonic-corona/venv/lib/python3.12/site-packages/pygame/_camera_vidcapture.py", "Python", 47, 0, 0, 0, 0, 0, 0, 0, 0, 0, 0, 0, 49, 23, 119
"/home/david/DVHS Robotics/bubonic-corona/venv/lib/python3.12/site-packages/pygame/_common.pyi", "Python", 25, 0, 0, 0, 0, 0, 0, 0, 0, 0, 0, 0, 6, 10, 41
"/home/david/DVHS Robotics/bubonic-corona/venv/lib/python3.12/site-packages/pygame/_sdl2/__init__.py", "Python", 3, 0, 0, 0, 0, 0, 0, 0, 0, 0, 0, 0, 0, 1, 4
"/home/david/DVHS Robotics/bubonic-corona/venv/lib/python3.12/site-packages/pygame/_sdl2/__init__.pyi", "Python", 3, 0, 0, 0, 0, 0, 0, 0, 0, 0, 0, 0, 0, 1, 4
"/home/david/DVHS Robotics/bubonic-corona/venv/lib/python3.12/site-packages/pygame/_sdl2/audio.pyi", "Python", 50, 0, 0, 0, 0, 0, 0, 0, 0, 0, 0, 0, 0, 5, 55
"/home/david/DVHS Robotics/bubonic-corona/venv/lib/python3.12/site-packages/pygame/_sdl2/controller.pyi", "Python", 32, 0, 0, 0, 0, 0, 0, 0, 0, 0, 0, 0, 0, 4, 36
"/home/david/DVHS Robotics/bubonic-corona/venv/lib/python3.12/site-packages/pygame/_sdl2/sdl2.pyi", "Python", 13, 0, 0, 0, 0, 0, 0, 0, 0, 0, 0, 0, 0, 4, 17
"/home/david/DVHS Robotics/bubonic-corona/venv/lib/python3.12/site-packages/pygame/_sdl2/touch.pyi", "Python", 5, 0, 0, 0, 0, 0, 0, 0, 0, 0, 0, 0, 0, 2, 7
"/home/david/DVHS Robotics/bubonic-corona/venv/lib/python3.12/site-packages/pygame/_sdl2/video.pyi", "Python", 149, 0, 0, 0, 0, 0, 0, 0, 0, 0, 0, 0, 0, 11, 160
"/home/david/DVHS Robotics/bubonic-corona/venv/lib/python3.12/site-packages/pygame/base.pyi", "Python", 13, 0, 0, 0, 0, 0, 0, 0, 0, 0, 0, 0, 2, 5, 20
"/home/david/DVHS Robotics/bubonic-corona/venv/lib/python3.12/site-packages/pygame/bufferproxy.pyi", "Python", 12, 0, 0, 0, 0, 0, 0, 0, 0, 0, 0, 0, 2, 2, 16
"/home/david/DVHS Robotics/bubonic-corona/venv/lib/python3.12/site-packages/pygame/camera.py", "Python", 140, 0, 0, 0, 0, 0, 0, 0, 0, 0, 0, 0, 20, 60, 220
"/home/david/DVHS Robotics/bubonic-corona/venv/lib/python3.12/site-packages/pygame/camera.pyi", "Python", 42, 0, 0, 0, 0, 0, 0, 0, 0, 0, 0, 0, 3, 5, 50
"/home/david/DVHS Robotics/bubonic-corona/venv/lib/python3.12/site-packages/pygame/color.pyi", "Python", 50, 0, 0, 0, 0, 0, 0, 0, 0, 0, 0, 0, 2, 5, 57
"/home/david/DVHS Robotics/bubonic-corona/venv/lib/python3.12/site-packages/pygame/colordict.py", "Python", 667, 0, 0, 0, 0, 0, 0, 0, 0, 0, 0, 0, 23, 3, 693
"/home/david/DVHS Robotics/bubonic-corona/venv/lib/python3.12/site-packages/pygame/constants.pyi", "Python", 556, 0, 0, 0, 0, 0, 0, 0, 0, 0, 0, 0, 3, 2, 561
"/home/david/DVHS Robotics/bubonic-corona/venv/lib/python3.12/site-packages/pygame/cursors.py", "Python", 685, 0, 0, 0, 0, 0, 0, 0, 0, 0, 0, 0, 101, 52, 838
"/home/david/DVHS Robotics/bubonic-corona/venv/lib/python3.12/site-packages/pygame/cursors.pyi", "Python", 85, 0, 0, 0, 0, 0, 0, 0, 0, 0, 0, 0, 0, 7, 92
"/home/david/DVHS Robotics/bubonic-corona/venv/lib/python3.12/site-packages/pygame/display.pyi", "Python", 74, 0, 0, 0, 0, 0, 0, 0, 0, 0, 0, 0, 0, 4, 78
"/home/david/DVHS Robotics/bubonic-corona/venv/lib/python3.12/site-packages/pygame/docs/__main__.py", "Python", 26, 0, 0, 0, 0, 0, 0, 0, 0, 0, 0, 0, 2, 10, 38
"/home/david/DVHS Robotics/bubonic-corona/venv/lib/python3.12/site-packages/pygame/docs/generated/_static/_sphinx_javascript_frameworks_compat.js", "JavaScript", 0, 0, 0, 0, 0, 0, 0, 0, 91, 0, 0, 0, 34, 10, 135
"/home/david/DVHS Robotics/bubonic-corona/venv/lib/python3.12/site-packages/pygame/docs/generated/_static/basic.css", "PostCSS", 0, 0, 0, 0, 0, 0, 0, 0, 0, 703, 0, 0, 32, 190, 925
"/home/david/DVHS Robotics/bubonic-corona/venv/lib/python3.12/site-packages/pygame/docs/generated/_static/doctools.js", "JavaScript", 0, 0, 0, 0, 0, 0, 0, 0, 109, 0, 0, 0, 29, 19, 157
"/home/david/DVHS Robotics/bubonic-corona/venv/lib/python3.12/site-packages/pygame/docs/generated/_static/documentation_options.js", "JavaScript", 0, 0, 0, 0, 0, 0, 0, 0, 13, 0, 0, 0, 0, 0, 13
"/home/david/DVHS Robotics/bubonic-corona/venv/lib/python3.12/site-packages/pygame/docs/generated/_static/jquery-3.5.1.js", "JavaScript", 0, 0, 0, 0, 0, 0, 0, 0, 6906, 0, 0, 0, 1890, 2077, 10873
"/home/david/DVHS Robotics/bubonic-corona/venv/lib/python3.12/site-packages/pygame/docs/generated/_static/jquery-3.6.0.js", "JavaScript", 0, 0, 0, 0, 0, 0, 0, 0, 6895, 0, 0, 0, 1911, 2076, 10882
"/home/david/DVHS Robotics/bubonic-corona/venv/lib/python3.12/site-packages/pygame/docs/generated/_static/jquery.js", "JavaScript", 0, 0, 0, 0, 0, 0, 0, 0, 1, 0, 0, 0, 1, 1, 3
"/home/david/DVHS Robotics/bubonic-corona/venv/lib/python3.12/site-packages/pygame/docs/generated/_static/language_data.js", "JavaScript", 0, 0, 0, 0, 0, 0, 0, 0, 154, 0, 0, 0, 23, 23, 200
"/home/david/DVHS Robotics/bubonic-corona/venv/lib/python3.12/site-packages/pygame/docs/generated/_static/pygame.css", "PostCSS", 0, 0, 0, 0, 0, 0, 0, 0, 0, 545, 0, 0, 28, 134, 707
"/home/david/DVHS Robotics/bubonic-corona/venv/lib/python3.12/site-packages/pygame/docs/generated/_static/pygame_lofi.svg", "XML", 0, 0, 0, 0, 0, 0, 0, 0, 0, 0, 234, 0, 0, 1, 235
"/home/david/DVHS Robotics/bubonic-corona/venv/lib/python3.12/site-packages/pygame/docs/generated/_static/pygame_logo.svg", "XML", 0, 0, 0, 0, 0, 0, 0, 0, 0, 0, 234, 0, 0, 1, 235
"/home/david/DVHS Robotics/bubonic-corona/venv/lib/python3.12/site-packages/pygame/docs/generated/_static/pygame_powered.svg", "XML", 0, 0, 0, 0, 0, 0, 0, 0, 0, 0, 326, 0, 0, 1, 327
"/home/david/DVHS Robotics/bubonic-corona/venv/lib/python3.12/site-packages/pygame/docs/generated/_static/pygments.css", "PostCSS", 0, 0, 0, 0, 0, 0, 0, 0, 0, 75, 0, 0, 0, 0, 75
"/home/david/DVHS Robotics/bubonic-corona/venv/lib/python3.12/site-packages/pygame/docs/generated/_static/reset.css", "PostCSS", 0, 0, 0, 0, 0, 0, 0, 0, 0, 44, 0, 0, 5, 1, 50
"/home/david/DVHS Robotics/bubonic-corona/venv/lib/python3.12/site-packages/pygame/docs/generated/_static/searchtools.js", "JavaScript", 0, 0, 0, 0, 0, 0, 0, 0, 427, 0, 0, 0, 117, 77, 621
"/home/david/DVHS Robotics/bubonic-corona/venv/lib/python3.12/site-packages/pygame/docs/generated/_static/sphinx_highlight.js", "JavaScript", 0, 0, 0, 0, 0, 0, 0, 0, 113, 0, 0, 0, 26, 16, 155
"/home/david/DVHS Robotics/bubonic-corona/venv/lib/python3.12/site-packages/pygame/docs/generated/_static/tooltip.css", "PostCSS", 0, 0, 0, 0, 0, 0, 0, 0, 0, 31, 0, 0, 5, 9, 45
"/home/david/DVHS Robotics/bubonic-corona/venv/lib/python3.12/site-packages/pygame/docs/generated/_static/underscore-1.13.1.js", "JavaScript", 0, 0, 0, 0, 0, 0, 0, 0, 1445, 0, 0, 0, 370, 228, 2043
"/home/david/DVHS Robotics/bubonic-corona/venv/lib/python3.12/site-packages/pygame/docs/generated/_static/underscore.js", "JavaScript", 0, 0, 0, 0, 0, 0, 0, 0, 2, 0, 0, 0, 4, 0, 6
"/home/david/DVHS Robotics/bubonic-corona/venv/lib/python3.12/site-packages/pygame/docs/generated/c_api.html", "HTML", 0, 0, 0, 0, 0, 0, 140, 0, 0, 0, 0, 0, 0, 12, 152
"/home/david/DVHS Robotics/bubonic-corona/venv/lib/python3.12/site-packages/pygame/docs/generated/c_api/base.html", "HTML", 0, 0, 0, 0, 0, 0, 317, 0, 0, 0, 0, 0, 0, 40, 357
"/home/david/DVHS Robotics/bubonic-corona/venv/lib/python3.12/site-packages/pygame/docs/generated/c_api/bufferproxy.html", "HTML", 0, 0, 0, 0, 0, 0, 162, 0, 0, 0, 0, 0, 0, 17, 179
"/home/david/DVHS Robotics/bubonic-corona/venv/lib/python3.12/site-packages/pygame/docs/generated/c_api/cdrom.html", "HTML", 0, 0, 0, 0, 0, 0, 160, 0, 0, 0, 0, 0, 0, 18, 178
"/home/david/DVHS Robotics/bubonic-corona/venv/lib/python3.12/site-packages/pygame/docs/generated/c_api/color.html", "HTML", 0, 0, 0, 0, 0, 0, 152, 0, 0, 0, 0, 0, 0, 16, 168
"/home/david/DVHS Robotics/bubonic-corona/venv/lib/python3.12/site-packages/pygame/docs/generated/c_api/display.html", "HTML", 0, 0, 0, 0, 0, 0, 156, 0, 0, 0, 0, 0, 0, 17, 173
"/home/david/DVHS Robotics/bubonic-corona/venv/lib/python3.12/site-packages/pygame/docs/generated/c_api/event.html", "HTML", 0, 0, 0, 0, 0, 0, 169, 0, 0, 0, 0, 0, 0, 19, 188
"/home/david/DVHS Robotics/bubonic-corona/venv/lib/python3.12/site-packages/pygame/docs/generated/c_api/freetype.html", "HTML", 0, 0, 0, 0, 0, 0, 159, 0, 0, 0, 0, 0, 0, 17, 176
"/home/david/DVHS Robotics/bubonic-corona/venv/lib/python3.12/site-packages/pygame/docs/generated/c_api/mixer.html", "HTML", 0, 0, 0, 0, 0, 0, 187, 0, 0, 0, 0, 0, 0, 22, 209
"/home/david/DVHS Robotics/bubonic-corona/venv/lib/python3.12/site-packages/pygame/docs/generated/c_api/rect.html", "HTML", 0, 0, 0, 0, 0, 0, 183, 0, 0, 0, 0, 0, 0, 21, 204
"/home/david/DVHS Robotics/bubonic-corona/venv/lib/python3.12/site-packages/pygame/docs/generated/c_api/rwobject.html", "HTML", 0, 0, 0, 0, 0, 0, 182, 0, 0, 0, 0, 0, 0, 18, 200
"/home/david/DVHS Robotics/bubonic-corona/venv/lib/python3.12/site-packages/pygame/docs/generated/c_api/slots.html", "HTML", 0, 0, 0, 0, 0, 0, 141, 0, 0, 0, 0, 0, 0, 12, 153
"/home/david/DVHS Robotics/bubonic-corona/venv/lib/python3.12/site-packages/pygame/docs/generated/c_api/surface.html", "HTML", 0, 0, 0, 0, 0, 0, 179, 0, 0, 0, 0, 0, 0, 19, 198
"/home/david/DVHS Robotics/bubonic-corona/venv/lib/python3.12/site-packages/pygame/docs/generated/c_api/surflock.html", "HTML", 0, 0, 0, 0, 0, 0, 203, 0, 0, 0, 0, 0, 0, 24, 227
"/home/david/DVHS Robotics/bubonic-corona/venv/lib/python3.12/site-packages/pygame/docs/generated/c_api/version.html", "HTML", 0, 0, 0, 0, 0, 0, 152, 0, 0, 0, 0, 0, 0, 17, 169
"/home/david/DVHS Robotics/bubonic-corona/venv/lib/python3.12/site-packages/pygame/docs/generated/filepaths.html", "HTML", 0, 0, 0, 0, 0, 0, 133, 0, 0, 0, 0, 0, 0, 12, 145
"/home/david/DVHS Robotics/bubonic-corona/venv/lib/python3.12/site-packages/pygame/docs/generated/genindex.html", "HTML", 0, 0, 0, 0, 0, 0, 2492, 0, 0, 0, 0, 0, 0, 184, 2676
"/home/david/DVHS Robotics/bubonic-corona/venv/lib/python3.12/site-packages/pygame/docs/generated/index.html", "HTML", 0, 0, 0, 0, 0, 0, 315, 0, 0, 0, 0, 0, 0, 28, 343
"/home/david/DVHS Robotics/bubonic-corona/venv/lib/python3.12/site-packages/pygame/docs/generated/logos.html", "HTML", 0, 0, 0, 0, 0, 0, 156, 0, 0, 0, 0, 0, 0, 12, 168
"/home/david/DVHS Robotics/bubonic-corona/venv/lib/python3.12/site-packages/pygame/docs/generated/py-modindex.html", "HTML", 0, 0, 0, 0, 0, 0, 238, 0, 0, 0, 0, 0, 0, 11, 249
"/home/david/DVHS Robotics/bubonic-corona/venv/lib/python3.12/site-packages/pygame/docs/generated/ref/bufferproxy.html", "HTML", 0, 0, 0, 0, 0, 0, 257, 0, 0, 0, 0, 0, 0, 17, 274
"/home/david/DVHS Robotics/bubonic-corona/venv/lib/python3.12/site-packages/pygame/docs/generated/ref/camera.html", "HTML", 0, 0, 0, 0, 0, 0, 436, 0, 0, 0, 0, 0, 0, 26, 462
"/home/david/DVHS Robotics/bubonic-corona/venv/lib/python3.12/site-packages/pygame/docs/generated/ref/cdrom.html", "HTML", 0, 0, 0, 0, 0, 0, 541, 0, 0, 0, 0, 0, 0, 37, 578
"/home/david/DVHS Robotics/bubonic-corona/venv/lib/python3.12/site-packages/pygame/docs/generated/ref/color.html", "HTML", 0, 0, 0, 0, 0, 0, 495, 0, 0, 0, 0, 0, 0, 28, 523
"/home/david/DVHS Robotics/bubonic-corona/venv/lib/python3.12/site-packages/pygame/docs/generated/ref/color_list.html", "HTML", 0, 0, 0, 0, 0, 0, 2793, 0, 0, 0, 0, 0, 0, 12, 2805
"/home/david/DVHS Robotics/bubonic-corona/venv/lib/python3.12/site-packages/pygame/docs/generated/ref/context.html", "HTML", 0, 0, 0, 0, 0, 0, 229, 0, 0, 0, 0, 0, 0, 18, 247
"/home/david/DVHS Robotics/bubonic-corona/venv/lib/python3.12/site-packages/pygame/docs/generated/ref/cursors.html", "HTML", 0, 0, 0, 0, 0, 0, 409, 0, 0, 0, 0, 0, 0, 29, 438
"/home/david/DVHS Robotics/bubonic-corona/venv/lib/python3.12/site-packages/pygame/docs/generated/ref/display.html", "HTML", 0, 0, 0, 0, 0, 0, 965, 0, 0, 0, 0, 0, 0, 41, 1006
"/home/david/DVHS Robotics/bubonic-corona/venv/lib/python3.12/site-packages/pygame/docs/generated/ref/draw.html", "HTML", 0, 0, 0, 0, 0, 0, 913, 0, 0, 0, 0, 0, 0, 43, 956
"/home/david/DVHS Robotics/bubonic-corona/venv/lib/python3.12/site-packages/pygame/docs/generated/ref/event.html", "HTML", 0, 0, 0, 0, 0, 0, 761, 0, 0, 0, 0, 0, 0, 35, 796
"/home/david/DVHS Robotics/bubonic-corona/venv/lib/python3.12/site-packages/pygame/docs/generated/ref/examples.html", "HTML", 0, 0, 0, 0, 0, 0, 663, 0, 0, 0, 0, 0, 0, 40, 703
"/home/david/DVHS Robotics/bubonic-corona/venv/lib/python3.12/site-packages/pygame/docs/generated/ref/fastevent.html", "HTML", 0, 0, 0, 0, 0, 0, 257, 0, 0, 0, 0, 0, 0, 20, 277
"/home/david/DVHS Robotics/bubonic-corona/venv/lib/python3.12/site-packages/pygame/docs/generated/ref/font.html", "HTML", 0, 0, 0, 0, 0, 0, 775, 0, 0, 0, 0, 0, 0, 42, 817
"/home/david/DVHS Robotics/bubonic-corona/venv/lib/python3.12/site-packages/pygame/docs/generated/ref/freetype.html", "HTML", 0, 0, 0, 0, 0, 0, 1198, 0, 0, 0, 0, 0, 0, 63, 1261
"/home/david/DVHS Robotics/bubonic-corona/venv/lib/python3.12/site-packages/pygame/docs/generated/ref/gfxdraw.html", "HTML", 0, 0, 0, 0, 0, 0, 1014, 0, 0, 0, 0, 0, 0, 35, 1049
"/home/david/DVHS Robotics/bubonic-corona/venv/lib/python3.12/site-packages/pygame/docs/generated/ref/image.html", "HTML", 0, 0, 0, 0, 0, 0, 532, 0, 0, 0, 0, 0, 0, 25, 557
"/home/david/DVHS Robotics/bubonic-corona/venv/lib/python3.12/site-packages/pygame/docs/generated/ref/joystick.html", "HTML", 0, 0, 0, 0, 0, 0, 1065, 0, 0, 0, 0, 0, 0, 72, 1137
"/home/david/DVHS Robotics/bubonic-corona/venv/lib/python3.12/site-packages/pygame/docs/generated/ref/key.html", "HTML", 0, 0, 0, 0, 0, 0, 618, 0, 0, 0, 0, 0, 0, 24, 642
"/home/david/DVHS Robotics/bubonic-corona/venv/lib/python3.12/site-packages/pygame/docs/generated/ref/locals.html", "HTML", 0, 0, 0, 0, 0, 0, 144, 0, 0, 0, 0, 0, 0, 13, 157
"/home/david/DVHS Robotics/bubonic-corona/venv/lib/python3.12/site-packages/pygame/docs/generated/ref/mask.html", "HTML", 0, 0, 0, 0, 0, 0, 1070, 0, 0, 0, 0, 0, 0, 39, 1109
"/home/david/DVHS Robotics/bubonic-corona/venv/lib/python3.12/site-packages/pygame/docs/generated/ref/math.html", "HTML", 0, 0, 0, 0, 0, 0, 1716, 0, 0, 0, 0, 0, 0, 102, 1818
"/home/david/DVHS Robotics/bubonic-corona/venv/lib/python3.12/site-packages/pygame/docs/generated/ref/midi.html", "HTML", 0, 0, 0, 0, 0, 0, 784, 0, 0, 0, 0, 0, 0, 42, 826
"/home/david/DVHS Robotics/bubonic-corona/venv/lib/python3.12/site-packages/pygame/docs/generated/ref/mixer.html", "HTML", 0, 0, 0, 0, 0, 0, 927, 0, 0, 0, 0, 0, 0, 50, 977
"/home/david/DVHS Robotics/bubonic-corona/venv/lib/python3.12/site-packages/pygame/docs/generated/ref/mouse.html", "HTML", 0, 0, 0, 0, 0, 0, 373, 0, 0, 0, 0, 0, 0, 24, 397
"/home/david/DVHS Robotics/bubonic-corona/venv/lib/python3.12/site-packages/pygame/docs/generated/ref/music.html", "HTML", 0, 0, 0, 0, 0, 0, 464, 0, 0, 0, 0, 0, 0, 29, 493
"/home/david/DVHS Robotics/bubonic-corona/venv/lib/python3.12/site-packages/pygame/docs/generated/ref/overlay.html", "HTML", 0, 0, 0, 0, 0, 0, 206, 0, 0, 0, 0, 0, 0, 16, 222
"/home/david/DVHS Robotics/bubonic-corona/venv/lib/python3.12/site-packages/pygame/docs/generated/ref/pixelarray.html", "HTML", 0, 0, 0, 0, 0, 0, 453, 0, 0, 0, 0, 0, 0, 24, 477
"/home/david/DVHS Robotics/bubonic-corona/venv/lib/python3.12/site-packages/pygame/docs/generated/ref/pixelcopy.html", "HTML", 0, 0, 0, 0, 0, 0, 236, 0, 0, 0, 0, 0, 0, 17, 253
"/home/david/DVHS Robotics/bubonic-corona/venv/lib/python3.12/site-packages/pygame/docs/generated/ref/pygame.html", "HTML", 0, 0, 0, 0, 0, 0, 667, 0, 0, 0, 0, 0, 0, 29, 696
"/home/david/DVHS Robotics/bubonic-corona/venv/lib/python3.12/site-packages/pygame/docs/generated/ref/rect.html", "HTML", 0, 0, 0, 0, 0, 0, 837, 0, 0, 0, 0, 0, 0, 64, 901
"/home/david/DVHS Robotics/bubonic-corona/venv/lib/python3.12/site-packages/pygame/docs/generated/ref/scrap.html", "HTML", 0, 0, 0, 0, 0, 0, 428, 0, 0, 0, 0, 0, 0, 21, 449
"/home/david/DVHS Robotics/bubonic-corona/venv/lib/python3.12/site-packages/pygame/docs/generated/ref/sdl2_controller.html", "HTML", 0, 0, 0, 0, 0, 0, 526, 0, 0, 0, 0, 0, 0, 33, 559
"/home/david/DVHS Robotics/bubonic-corona/venv/lib/python3.12/site-packages/pygame/docs/generated/ref/sdl2_video.html", "HTML", 0, 0, 0, 0, 0, 0, 985, 0, 0, 0, 0, 0, 0, 77, 1062
"/home/david/DVHS Robotics/bubonic-corona/venv/lib/python3.12/site-packages/pygame/docs/generated/ref/sndarray.html", "HTML", 0, 0, 0, 0, 0, 0, 246, 0, 0, 0, 0, 0, 0, 19, 265
"/home/david/DVHS Robotics/bubonic-corona/venv/lib/python3.12/site-packages/pygame/docs/generated/ref/sprite.html", "HTML", 0, 0, 0, 0, 0, 0, 1304, 0, 0, 0, 0, 0, 0, 77, 1381
"/home/david/DVHS Robotics/bubonic-corona/venv/lib/python3.12/site-packages/pygame/docs/generated/ref/surface.html", "HTML", 0, 0, 0, 0, 0, 0, 1269, 0, 0, 0, 0, 0, 0, 63, 1332
"/home/david/DVHS Robotics/bubonic-corona/venv/lib/python3.12/site-packages/pygame/docs/generated/ref/surfarray.html", "HTML", 0, 0, 0, 0, 0, 0, 530, 0, 0, 0, 0, 0, 0, 32, 562
"/home/david/DVHS Robotics/bubonic-corona/venv/lib/python3.12/site-packages/pygame/docs/generated/ref/tests.html", "HTML", 0, 0, 0, 0, 0, 0, 220, 0, 0, 0, 0, 0, 0, 14, 234
"/home/david/DVHS Robotics/bubonic-corona/venv/lib/python3.12/site-packages/pygame/docs/generated/ref/time.html", "HTML", 0, 0, 0, 0, 0, 0, 333, 0, 0, 0, 0, 0, 0, 23, 356
"/home/david/DVHS Robotics/bubonic-corona/venv/lib/python3.12/site-packages/pygame/docs/generated/ref/touch.html", "HTML", 0, 0, 0, 0, 0, 0, 214, 0, 0, 0, 0, 0, 0, 17, 231
"/home/david/DVHS Robotics/bubonic-corona/venv/lib/python3.12/site-packages/pygame/docs/generated/ref/transform.html", "HTML", 0, 0, 0, 0, 0, 0, 560, 0, 0, 0, 0, 0, 0, 38, 598
"/home/david/DVHS Robotics/bubonic-corona/venv/lib/python3.12/site-packages/pygame/docs/generated/search.html", "HTML", 0, 0, 0, 0, 0, 0, 77, 0, 0, 0, 0, 0, 0, 15, 92
"/home/david/DVHS Robotics/bubonic-corona/venv/lib/python3.12/site-packages/pygame/docs/generated/searchindex.js", "JavaScript", 0, 0, 0, 0, 0, 0, 0, 0, 1, 0, 0, 0, 0, 0, 1
"/home/david/DVHS Robotics/bubonic-corona/venv/lib/python3.12/site-packages/pygame/docs/generated/tut/CameraIntro.html", "HTML", 0, 0, 0, 0, 0, 0, 355, 0, 0, 0, 0, 0, 0, 19, 374
"/home/david/DVHS Robotics/bubonic-corona/venv/lib/python3.12/site-packages/pygame/docs/generated/tut/ChimpLineByLine.html", "HTML", 0, 0, 0, 0, 0, 0, 565, 0, 0, 0, 0, 0, 0, 28, 593
"/home/david/DVHS Robotics/bubonic-corona/venv/lib/python3.12/site-packages/pygame/docs/generated/tut/DisplayModes.html", "HTML", 0, 0, 0, 0, 0, 0, 309, 0, 0, 0, 0, 0, 0, 14, 323
"/home/david/DVHS Robotics/bubonic-corona/venv/lib/python3.12/site-packages/pygame/docs/generated/tut/ImportInit.html", "HTML", 0, 0, 0, 0, 0, 0, 181, 0, 0, 0, 0, 0, 0, 12, 193
"/home/david/DVHS Robotics/bubonic-corona/venv/lib/python3.12/site-packages/pygame/docs/generated/tut/MakeGames.html", "HTML", 0, 0, 0, 0, 0, 0, 221, 0, 0, 0, 0, 0, 0, 12, 233
"/home/david/DVHS Robotics/bubonic-corona/venv/lib/python3.12/site-packages/pygame/docs/generated/tut/MoveIt.html", "HTML", 0, 0, 0, 0, 0, 0, 641, 0, 0, 0, 0, 0, 0, 12, 653
"/home/david/DVHS Robotics/bubonic-corona/venv/lib/python3.12/site-packages/pygame/docs/generated/tut/PygameIntro.html", "HTML", 0, 0, 0, 0, 0, 0, 401, 0, 0, 0, 0, 0, 0, 18, 419
"/home/david/DVHS Robotics/bubonic-corona/venv/lib/python3.12/site-packages/pygame/docs/generated/tut/SpriteIntro.html", "HTML", 0, 0, 0, 0, 0, 0, 482, 0, 0, 0, 0, 0, 0, 12, 494
"/home/david/DVHS Robotics/bubonic-corona/venv/lib/python3.12/site-packages/pygame/docs/generated/tut/SurfarrayIntro.html", "HTML", 0, 0, 0, 0, 0, 0, 635, 0, 0, 0, 0, 0, 0, 20, 655
"/home/david/DVHS Robotics/bubonic-corona/venv/lib/python3.12/site-packages/pygame/docs/generated/tut/chimp.py.html", "HTML", 0, 0, 0, 0, 0, 0, 284, 0, 0, 0, 0, 0, 0, 54, 338
"/home/david/DVHS Robotics/bubonic-corona/venv/lib/python3.12/site-packages/pygame/docs/generated/tut/newbieguide.html", "HTML", 0, 0, 0, 0, 0, 0, 522, 0, 0, 0, 0, 0, 0, 20, 542
"/home/david/DVHS Robotics/bubonic-corona/venv/lib/python3.12/site-packages/pygame/docs/generated/tut/tom_games2.html", "HTML", 0, 0, 0, 0, 0, 0, 215, 0, 0, 0, 0, 0, 0, 21, 236
"/home/david/DVHS Robotics/bubonic-corona/venv/lib/python3.12/site-packages/pygame/docs/generated/tut/tom_games3.html", "HTML", 0, 0, 0, 0, 0, 0, 202, 0, 0, 0, 0, 0, 0, 14, 216
"/home/david/DVHS Robotics/bubonic-corona/venv/lib/python3.12/site-packages/pygame/docs/generated/tut/tom_games4.html", "HTML", 0, 0, 0, 0, 0, 0, 223, 0, 0, 0, 0, 0, 0, 22, 245
"/home/david/DVHS Robotics/bubonic-corona/venv/lib/python3.12/site-packages/pygame/docs/generated/tut/tom_games5.html", "HTML", 0, 0, 0, 0, 0, 0, 217, 0, 0, 0, 0, 0, 0, 17, 234
"/home/david/DVHS Robotics/bubonic-corona/venv/lib/python3.12/site-packages/pygame/docs/generated/tut/tom_games6.html", "HTML", 0, 0, 0, 0, 0, 0, 391, 0, 0, 0, 0, 0, 0, 42, 433
"/home/david/DVHS Robotics/bubonic-corona/venv/lib/python3.12/site-packages/pygame/draw.pyi", "Python", 71, 0, 0, 0, 0, 0, 0, 0, 0, 0, 0, 0, 0, 4, 75
"/home/david/DVHS Robotics/bubonic-corona/venv/lib/python3.12/site-packages/pygame/draw_py.py", "Python", 338, 0, 0, 0, 0, 0, 0, 0, 0, 0, 0, 0, 112, 113, 563
"/home/david/DVHS Robotics/bubonic-corona/venv/lib/python3.12/site-packages/pygame/event.pyi", "Python", 47, 0, 0, 0, 0, 0, 0, 0, 0, 0, 0, 0, 0, 5, 52
"/home/david/DVHS Robotics/bubonic-corona/venv/lib/python3.12/site-packages/pygame/examples/README.rst", "reStructuredText", 0, 0, 0, 0, 0, 0, 0, 110, 0, 0, 0, 0, 0, 45, 155
"/home/david/DVHS Robotics/bubonic-corona/venv/lib/python3.12/site-packages/pygame/examples/__init__.py", "Python", 0, 0, 0, 0, 0, 0, 0, 0, 0, 0, 0, 0, 0, 1, 1
"/home/david/DVHS Robotics/bubonic-corona/venv/lib/python3.12/site-packages/pygame/examples/aacircle.py", "Python", 29, 0, 0, 0, 0, 0, 0, 0, 0, 0, 0, 0, 2, 11, 42
"/home/david/DVHS Robotics/bubonic-corona/venv/lib/python3.12/site-packages/pygame/examples/aliens.py", "Python", 244, 0, 0, 0, 0, 0, 0, 0, 0, 0, 0, 0, 84, 68, 396
"/home/david/DVHS Robotics/bubonic-corona/venv/lib/python3.12/site-packages/pygame/examples/arraydemo.py", "Python", 66, 0, 0, 0, 0, 0, 0, 0, 0, 0, 0, 0, 33, 22, 121
"/home/david/DVHS Robotics/bubonic-corona/venv/lib/python3.12/site-packages/pygame/examples/audiocapture.py", "Python", 41, 0, 0, 0, 0, 0, 0, 0, 0, 0, 0, 0, 20, 18, 79
"/home/david/DVHS Robotics/bubonic-corona/venv/lib/python3.12/site-packages/pygame/examples/blend_fill.py", "Python", 80, 0, 0, 0, 0, 0, 0, 0, 0, 0, 0, 0, 13, 22, 115
"/home/david/DVHS Robotics/bubonic-corona/venv/lib/python3.12/site-packages/pygame/examples/blit_blends.py", "Python", 129, 0, 0, 0, 0, 0, 0, 0, 0, 0, 0, 0, 33, 36, 198
"/home/david/DVHS Robotics/bubonic-corona/venv/lib/python3.12/site-packages/pygame/examples/camera.py", "Python", 55, 0, 0, 0, 0, 0, 0, 0, 0, 0, 0, 0, 39, 28, 122
"/home/david/DVHS Robotics/bubonic-corona/venv/lib/python3.12/site-packages/pygame/examples/chimp.py", "Python", 128, 0, 0, 0, 0, 0, 0, 0, 0, 0, 0, 0, 34, 42, 204
"/home/david/DVHS Robotics/bubonic-corona/venv/lib/python3.12/site-packages/pygame/examples/cursors.py", "Python", 189, 0, 0, 0, 0, 0, 0, 0, 0, 0, 0, 0, 20, 51, 260
"/home/david/DVHS Robotics/bubonic-corona/venv/lib/python3.12/site-packages/pygame/examples/data/teal.svg", "XML", 0, 0, 0, 0, 0, 0, 0, 0, 0, 0, 8, 0, 0, 2, 10
"/home/david/DVHS Robotics/bubonic-corona/venv/lib/python3.12/site-packages/pygame/examples/dropevent.py", "Python", 47, 0, 0, 0, 0, 0, 0, 0, 0, 0, 0, 0, 13, 13, 73
"/home/david/DVHS Robotics/bubonic-corona/venv/lib/python3.12/site-packages/pygame/examples/eventlist.py", "Python", 140, 0, 0, 0, 0, 0, 0, 0, 0, 0, 0, 0, 12, 43, 195
"/home/david/DVHS Robotics/bubonic-corona/venv/lib/python3.12/site-packages/pygame/examples/font_viewer.py", "Python", 170, 0, 0, 0, 0, 0, 0, 0, 0, 0, 0, 0, 75, 34, 279
"/home/david/DVHS Robotics/bubonic-corona/venv/lib/python3.12/site-packages/pygame/examples/fonty.py", "Python", 38, 0, 0, 0, 0, 0, 0, 0, 0, 0, 0, 0, 26, 18, 82
"/home/david/DVHS Robotics/bubonic-corona/venv/lib/python3.12/site-packages/pygame/examples/freetype_misc.py", "Python", 103, 0, 0, 0, 0, 0, 0, 0, 0, 0, 0, 0, 32, 23, 158
"/home/david/DVHS Robotics/bubonic-corona/venv/lib/python3.12/site-packages/pygame/examples/glcube.py", "Python", 382, 0, 0, 0, 0, 0, 0, 0, 0, 0, 0, 0, 126, 84, 592
"/home/david/DVHS Robotics/bubonic-corona/venv/lib/python3.12/site-packages/pygame/examples/go_over_there.py", "Python", 62, 0, 0, 0, 0, 0, 0, 0, 0, 0, 0, 0, 11, 17, 90
"/home/david/DVHS Robotics/bubonic-corona/venv/lib/python3.12/site-packages/pygame/examples/grid.py", "Python", 52, 0, 0, 0, 0, 0, 0, 0, 0, 0, 0, 0, 0, 13, 65
"/home/david/DVHS Robotics/bubonic-corona/venv/lib/python3.12/site-packages/pygame/examples/headless_no_windows_needed.py", "Python", 26, 0, 0, 0, 0, 0, 0, 0, 0, 0, 0, 0, 13, 12, 51
"/home/david/DVHS Robotics/bubonic-corona/venv/lib/python3.12/site-packages/pygame/examples/joystick.py", "Python", 86, 0, 0, 0, 0, 0, 0, 0, 0, 0, 0, 0, 29, 37, 152
"/home/david/DVHS Robotics/bubonic-corona/venv/lib/python3.12/site-packages/pygame/examples/liquid.py", "Python", 35, 0, 0, 0, 0, 0, 0, 0, 0, 0, 0, 0, 40, 15, 90
"/home/david/DVHS Robotics/bubonic-corona/venv/lib/python3.12/site-packages/pygame/examples/mask.py", "Python", 93, 0, 0, 0, 0, 0, 0, 0, 0, 0, 0, 0, 82, 28, 203
"/home/david/DVHS Robotics/bubonic-corona/venv/lib/python3.12/site-packages/pygame/examples/midi.py", "Python", 562, 0, 0, 0, 0, 0, 0, 0, 0, 0, 0, 0, 250, 121, 933
"/home/david/DVHS Robotics/bubonic-corona/venv/lib/python3.12/site-packages/pygame/examples/moveit.py", "Python", 74, 0, 0, 0, 0, 0, 0, 0, 0, 0, 0, 0, 26, 20, 120
"/home/david/DVHS Robotics/bubonic-corona/venv/lib/python3.12/site-packages/pygame/examples/music_drop_fade.py", "Python", 155, 0, 0, 0, 0, 0, 0, 0, 0, 0, 0, 0, 59, 40, 254
"/home/david/DVHS Robotics/bubonic-corona/venv/lib/python3.12/site-packages/pygame/examples/pixelarray.py", "Python", 89, 0, 0, 0, 0, 0, 0, 0, 0, 0, 0, 0, 29, 25, 143
"/home/david/DVHS Robotics/bubonic-corona/venv/lib/python3.12/site-packages/pygame/examples/playmus.py", "Python", 108, 0, 0, 0, 0, 0, 0, 0, 0, 0, 0, 0, 34, 24, 166
"/home/david/DVHS Robotics/bubonic-corona/venv/lib/python3.12/site-packages/pygame/examples/resizing_new.py", "Python", 31, 0, 0, 0, 0, 0, 0, 0, 0, 0, 0, 0, 4, 10, 45
"/home/david/DVHS Robotics/bubonic-corona/venv/lib/python3.12/site-packages/pygame/examples/scaletest.py", "Python", 115, 0, 0, 0, 0, 0, 0, 0, 0, 0, 0, 0, 20, 20, 155
"/home/david/DVHS Robotics/bubonic-corona/venv/lib/python3.12/site-packages/pygame/examples/scrap_clipboard.py", "Python", 59, 0, 0, 0, 0, 0, 0, 0, 0, 0, 0, 0, 20, 16, 95
"/home/david/DVHS Robotics/bubonic-corona/venv/lib/python3.12/site-packages/pygame/examples/scroll.py", "Python", 139, 0, 0, 0, 0, 0, 0, 0, 0, 0, 0, 0, 23, 36, 198
"/home/david/DVHS Robotics/bubonic-corona/venv/lib/python3.12/site-packages/pygame/examples/setmodescale.py", "Python", 43, 0, 0, 0, 0, 0, 0, 0, 0, 0, 0, 0, 12, 13, 68
"/home/david/DVHS Robotics/bubonic-corona/venv/lib/python3.12/site-packages/pygame/examples/sound.py", "Python", 19, 0, 0, 0, 0, 0, 0, 0, 0, 0, 0, 0, 18, 9, 46
"/home/david/DVHS Robotics/bubonic-corona/venv/lib/python3.12/site-packages/pygame/examples/sound_array_demos.py", "Python", 100, 0, 0, 0, 0, 0, 0, 0, 0, 0, 0, 0, 66, 52, 218
"/home/david/DVHS Robotics/bubonic-corona/venv/lib/python3.12/site-packages/pygame/examples/sprite_texture.py", "Python", 69, 0, 0, 0, 0, 0, 0, 0, 0, 0, 0, 0, 14, 28, 111
"/home/david/DVHS Robotics/bubonic-corona/venv/lib/python3.12/site-packages/pygame/examples/stars.py", "Python", 62, 0, 0, 0, 0, 0, 0, 0, 0, 0, 0, 0, 20, 19, 101
"/home/david/DVHS Robotics/bubonic-corona/venv/lib/python3.12/site-packages/pygame/examples/testsprite.py", "Python", 149, 0, 0, 0, 0, 0, 0, 0, 0, 0, 0, 0, 49, 53, 251
"/home/david/DVHS Robotics/bubonic-corona/venv/lib/python3.12/site-packages/pygame/examples/textinput.py", "Python", 159, 0, 0, 0, 0, 0, 0, 0, 0, 0, 0, 0, 41, 36, 236
"/home/david/DVHS Robotics/bubonic-corona/venv/lib/python3.12/site-packages/pygame/examples/vgrade.py", "Python", 54, 0, 0, 0, 0, 0, 0, 0, 0, 0, 0, 0, 31, 18, 103
"/home/david/DVHS Robotics/bubonic-corona/venv/lib/python3.12/site-packages/pygame/examples/video.py", "Python", 112, 0, 0, 0, 0, 0, 0, 0, 0, 0, 0, 0, 19, 28, 159
"/home/david/DVHS Robotics/bubonic-corona/venv/lib/python3.12/site-packages/pygame/fastevent.py", "Python", 34, 0, 0, 0, 0, 0, 0, 0, 0, 0, 0, 0, 33, 22, 89
"/home/david/DVHS Robotics/bubonic-corona/venv/lib/python3.12/site-packages/pygame/fastevent.pyi", "Python", 9, 0, 0, 0, 0, 0, 0, 0, 0, 0, 0, 0, 0, 3, 12
"/home/david/DVHS Robotics/bubonic-corona/venv/lib/python3.12/site-packages/pygame/font.pyi", "Python", 53, 0, 0, 0, 0, 0, 0, 0, 0, 0, 0, 0, 2, 7, 62
"/home/david/DVHS Robotics/bubonic-corona/venv/lib/python3.12/site-packages/pygame/freetype.py", "Python", 49, 0, 0, 0, 0, 0, 0, 0, 0, 0, 0, 0, 23, 7, 79
"/home/david/DVHS Robotics/bubonic-corona/venv/lib/python3.12/site-packages/pygame/freetype.pyi", "Python", 123, 0, 0, 0, 0, 0, 0, 0, 0, 0, 0, 0, 0, 6, 129
"/home/david/DVHS Robotics/bubonic-corona/venv/lib/python3.12/site-packages/pygame/ftfont.py", "Python", 99, 0, 0, 0, 0, 0, 0, 0, 0, 0, 0, 0, 58, 47, 204
"/home/david/DVHS Robotics/bubonic-corona/venv/lib/python3.12/site-packages/pygame/gfxdraw.pyi", "Python", 88, 0, 0, 0, 0, 0, 0, 0, 0, 0, 0, 0, 0, 4, 92
"/home/david/DVHS Robotics/bubonic-corona/venv/lib/python3.12/site-packages/pygame/image.pyi", "Python", 40, 0, 0, 0, 0, 0, 0, 0, 0, 0, 0, 0, 1, 5, 46
"/home/david/DVHS Robotics/bubonic-corona/venv/lib/python3.12/site-packages/pygame/joystick.pyi", "Python", 29, 0, 0, 0, 0, 0, 0, 0, 0, 0, 0, 0, 4, 3, 36
"/home/david/DVHS Robotics/bubonic-corona/venv/lib/python3.12/site-packages/pygame/key.pyi", "Python", 14, 0, 0, 0, 0, 0, 0, 0, 0, 0, 0, 0, 0, 4, 18
"/home/david/DVHS Robotics/bubonic-corona/venv/lib/python3.12/site-packages/pygame/locals.py", "Python", 5, 0, 0, 0, 0, 0, 0, 0, 0, 0, 0, 0, 21, 5, 31
"/home/david/DVHS Robotics/bubonic-corona/venv/lib/python3.12/site-packages/pygame/locals.pyi", "Python", 558, 0, 0, 0, 0, 0, 0, 0, 0, 0, 0, 0, 3, 2, 563
"/home/david/DVHS Robotics/bubonic-corona/venv/lib/python3.12/site-packages/pygame/macosx.py", "Python", 9, 0, 0, 0, 0, 0, 0, 0, 0, 0, 0, 0, 1, 4, 14
"/home/david/DVHS Robotics/bubonic-corona/venv/lib/python3.12/site-packages/pygame/mask.pyi", "Python", 54, 0, 0, 0, 0, 0, 0, 0, 0, 0, 0, 0, 0, 6, 60
"/home/david/DVHS Robotics/bubonic-corona/venv/lib/python3.12/site-packages/pygame/math.pyi", "Python", 322, 0, 0, 0, 0, 0, 0, 0, 0, 0, 0, 0, 8, 13, 343
"/home/david/DVHS Robotics/bubonic-corona/venv/lib/python3.12/site-packages/pygame/midi.py", "Python", 233, 0, 0, 0, 0, 0, 0, 0, 0, 0, 0, 0, 399, 86, 718
"/home/david/DVHS Robotics/bubonic-corona/venv/lib/python3.12/site-packages/pygame/midi.pyi", "Python", 43, 0, 0, 0, 0, 0, 0, 0, 0, 0, 0, 0, 0, 7, 50
"/home/david/DVHS Robotics/bubonic-corona/venv/lib/python3.12/site-packages/pygame/mixer.pyi", "Python", 87, 0, 0, 0, 0, 0, 0, 0, 0, 0, 0, 0, 3, 9, 99
"/home/david/DVHS Robotics/bubonic-corona/venv/lib/python3.12/site-packages/pygame/mixer_music.pyi", "Python", 18, 0, 0, 0, 0, 0, 0, 0, 0, 0, 0, 0, 0, 3, 21
"/home/david/DVHS Robotics/bubonic-corona/venv/lib/python3.12/site-packages/pygame/mouse.pyi", "Python", 34, 0, 0, 0, 0, 0, 0, 0, 0, 0, 0, 0, 0, 2, 36
"/home/david/DVHS Robotics/bubonic-corona/venv/lib/python3.12/site-packages/pygame/pixelarray.pyi", "Python", 36, 0, 0, 0, 0, 0, 0, 0, 0, 0, 0, 0, 2, 4, 42
"/home/david/DVHS Robotics/bubonic-corona/venv/lib/python3.12/site-packages/pygame/pixelcopy.pyi", "Python", 16, 0, 0, 0, 0, 0, 0, 0, 0, 0, 0, 0, 0, 5, 21
"/home/david/DVHS Robotics/bubonic-corona/venv/lib/python3.12/site-packages/pygame/pkgdata.py", "Python", 22, 0, 0, 0, 0, 0, 0, 0, 0, 0, 0, 0, 46, 10, 78
"/home/david/DVHS Robotics/bubonic-corona/venv/lib/python3.12/site-packages/pygame/rect.pyi", "Python", 198, 0, 0, 0, 0, 0, 0, 0, 0, 0, 0, 0, 5, 6, 209
"/home/david/DVHS Robotics/bubonic-corona/venv/lib/python3.12/site-packages/pygame/rwobject.pyi", "Python", 16, 0, 0, 0, 0, 0, 0, 0, 0, 0, 0, 0, 0, 3, 19
"/home/david/DVHS Robotics/bubonic-corona/venv/lib/python3.12/site-packages/pygame/scrap.pyi", "Python", 10, 0, 0, 0, 0, 0, 0, 0, 0, 0, 0, 0, 0, 2, 12
"/home/david/DVHS Robotics/bubonic-corona/venv/lib/python3.12/site-packages/pygame/sndarray.py", "Python", 46, 0, 0, 0, 0, 0, 0, 0, 0, 0, 0, 0, 73, 21, 140
"/home/david/DVHS Robotics/bubonic-corona/venv/lib/python3.12/site-packages/pygame/sndarray.pyi", "Python", 9, 0, 0, 0, 0, 0, 0, 0, 0, 0, 0, 0, 0, 4, 13
"/home/david/DVHS Robotics/bubonic-corona/venv/lib/python3.12/site-packages/pygame/sprite.py", "Python", 763, 0, 0, 0, 0, 0, 0, 0, 0, 0, 0, 0, 860, 191, 1814
"/home/david/DVHS Robotics/bubonic-corona/venv/lib/python3.12/site-packages/pygame/sprite.pyi", "Python", 212, 0, 0, 0, 0, 0, 0, 0, 0, 0, 0, 0, 39, 37, 288
"/home/david/DVHS Robotics/bubonic-corona/venv/lib/python3.12/site-packages/pygame/surface.pyi", "Python", 144, 0, 0, 0, 0, 0, 0, 0, 0, 0, 0, 0, 0, 6, 150
"/home/david/DVHS Robotics/bubonic-corona/venv/lib/python3.12/site-packages/pygame/surfarray.py", "Python", 149, 0, 0, 0, 0, 0, 0, 0, 0, 0, 0, 0, 252, 48, 449
"/home/david/DVHS Robotics/bubonic-corona/venv/lib/python3.12/site-packages/pygame/surfarray.pyi", "Python", 26, 0, 0, 0, 0, 0, 0, 0, 0, 0, 0, 0, 1, 5, 32
"/home/david/DVHS Robotics/bubonic-corona/venv/lib/python3.12/site-packages/pygame/surflock.pyi", "Python", 0, 0, 0, 0, 0, 0, 0, 0, 0, 0, 0, 0, 2, 1, 3
"/home/david/DVHS Robotics/bubonic-corona/venv/lib/python3.12/site-packages/pygame/sysfont.py", "Python", 309, 0, 0, 0, 0, 0, 0, 0, 0, 0, 0, 0, 124, 83, 516
"/home/david/DVHS Robotics/bubonic-corona/venv/lib/python3.12/site-packages/pygame/tests/__init__.py", "Python", 16, 0, 0, 0, 0, 0, 0, 0, 0, 0, 0, 0, 21, 4, 41
"/home/david/DVHS Robotics/bubonic-corona/venv/lib/python3.12/site-packages/pygame/tests/__main__.py", "Python", 29, 0, 0, 0, 0, 0, 0, 0, 0, 0, 0, 0, 104, 11, 144
"/home/david/DVHS Robotics/bubonic-corona/venv/lib/python3.12/site-packages/pygame/tests/base_test.py", "Python", 489, 0, 0, 0, 0, 0, 0, 0, 0, 0, 0, 0, 49, 86, 624
"/home/david/DVHS Robotics/bubonic-corona/venv/lib/python3.12/site-packages/pygame/tests/blit_test.py", "Python", 109, 0, 0, 0, 0, 0, 0, 0, 0, 0, 0, 0, 38, 46, 193
"/home/david/DVHS Robotics/bubonic-corona/venv/lib/python3.12/site-packages/pygame/tests/bufferproxy_test.py", "Python", 419, 0, 0, 0, 0, 0, 0, 0, 0, 0, 0, 0, 21, 65, 505
"/home/david/DVHS Robotics/bubonic-corona/venv/lib/python3.12/site-packages/pygame/tests/camera_test.py", "Python", 26, 0, 0, 0, 0, 0, 0, 0, 0, 0, 0, 0, 0, 10, 36
"/home/david/DVHS Robotics/bubonic-corona/venv/lib/python3.12/site-packages/pygame/tests/color_test.py", "Python", 1017, 0, 0, 0, 0, 0, 0, 0, 0, 0, 0, 0, 104, 240, 1361
"/home/david/DVHS Robotics/bubonic-corona/venv/lib/python3.12/site-packages/pygame/tests/constants_test.py", "Python", 343, 0, 0, 0, 0, 0, 0, 0, 0, 0, 0, 0, 31, 53, 427
"/home/david/DVHS Robotics/bubonic-corona/venv/lib/python3.12/site-packages/pygame/tests/controller_test.py", "Python", 280, 0, 0, 0, 0, 0, 0, 0, 0, 0, 0, 0, 1, 77, 358
"/home/david/DVHS Robotics/bubonic-corona/venv/lib/python3.12/site-packages/pygame/tests/cursors_test.py", "Python", 220, 0, 0, 0, 0, 0, 0, 0, 0, 0, 0, 0, 37, 34, 291
"/home/david/DVHS Robotics/bubonic-corona/venv/lib/python3.12/site-packages/pygame/tests/display_test.py", "Python", 878, 0, 0, 0, 0, 0, 0, 0, 0, 0, 0, 0, 134, 188, 1200
"/home/david/DVHS Robotics/bubonic-corona/venv/lib/python3.12/site-packages/pygame/tests/docs_test.py", "Python", 25, 0, 0, 0, 0, 0, 0, 0, 0, 0, 0, 0, 3, 8, 36
"/home/david/DVHS Robotics/bubonic-corona/venv/lib/python3.12/site-packages/pygame/tests/draw_test.py", "Python", 4592, 0, 0, 0, 0, 0, 0, 0, 0, 0, 0, 0, 926, 1060, 6578
"/home/david/DVHS Robotics/bubonic-corona/venv/lib/python3.12/site-packages/pygame/tests/event_test.py", "Python", 623, 0, 0, 0, 0, 0, 0, 0, 0, 0, 0, 0, 130, 209, 962
"/home/david/DVHS Robotics/bubonic-corona/venv/lib/python3.12/site-packages/pygame/tests/font_test.py", "Python", 550, 0, 0, 0, 0, 0, 0, 0, 0, 0, 0, 0, 77, 122, 749
"/home/david/DVHS Robotics/bubonic-corona/venv/lib/python3.12/site-packages/pygame/tests/freetype_tags.py", "Python", 8, 0, 0, 0, 0, 0, 0, 0, 0, 0, 0, 0, 0, 4, 12
"/home/david/DVHS Robotics/bubonic-corona/venv/lib/python3.12/site-packages/pygame/tests/freetype_test.py", "Python", 1329, 0, 0, 0, 0, 0, 0, 0, 0, 0, 0, 0, 201, 267, 1797
"/home/david/DVHS Robotics/bubonic-corona/venv/lib/python3.12/site-packages/pygame/tests/ftfont_tags.py", "Python", 8, 0, 0, 0, 0, 0, 0, 0, 0, 0, 0, 0, 0, 4, 12
"/home/david/DVHS Robotics/bubonic-corona/venv/lib/python3.12/site-packages/pygame/tests/ftfont_test.py", "Python", 13, 0, 0, 0, 0, 0, 0, 0, 0, 0, 0, 0, 0, 5, 18
"/home/david/DVHS Robotics/bubonic-corona/venv/lib/python3.12/site-packages/pygame/tests/gfxdraw_test.py", "Python", 749, 0, 0, 0, 0, 0, 0, 0, 0, 0, 0, 0, 73, 55, 877
"/home/david/DVHS Robotics/bubonic-corona/venv/lib/python3.12/site-packages/pygame/tests/image__save_gl_surface_test.py", "Python", 27, 0, 0, 0, 0, 0, 0, 0, 0, 0, 0, 0, 6, 14, 47
"/home/david/DVHS Robotics/bubonic-corona/venv/lib/python3.12/site-packages/pygame/tests/image_tags.py", "Python", 5, 0, 0, 0, 0, 0, 0, 0, 0, 0, 0, 0, 0, 3, 8
"/home/david/DVHS Robotics/bubonic-corona/venv/lib/python3.12/site-packages/pygame/tests/image_test.py", "Python", 1023, 0, 0, 0, 0, 0, 0, 0, 0, 0, 0, 0, 101, 159, 1283
"/home/david/DVHS Robotics/bubonic-corona/venv/lib/python3.12/site-packages/pygame/tests/imageext_tags.py", "Python", 5, 0, 0, 0, 0, 0, 0, 0, 0, 0, 0, 0, 0, 3, 8
"/home/david/DVHS Robotics/bubonic-corona/venv/lib/python3.12/site-packages/pygame/tests/imageext_test.py", "Python", 67, 0, 0, 0, 0, 0, 0, 0, 0, 0, 0, 0, 4, 23, 94
"/home/david/DVHS Robotics/bubonic-corona/venv/lib/python3.12/site-packages/pygame/tests/joystick_test.py", "Python", 87, 0, 0, 0, 0, 0, 0, 0, 0, 0, 0, 0, 44, 36, 167
"/home/david/DVHS Robotics/bubonic-corona/venv/lib/python3.12/site-packages/pygame/tests/key_test.py", "Python", 244, 0, 0, 0, 0, 0, 0, 0, 0, 0, 0, 0, 34, 29, 307
"/home/david/DVHS Robotics/bubonic-corona/venv/lib/python3.12/site-packages/pygame/tests/locals_test.py", "Python", 10, 0, 0, 0, 0, 0, 0, 0, 0, 0, 0, 0, 1, 7, 18
"/home/david/DVHS Robotics/bubonic-corona/venv/lib/python3.12/site-packages/pygame/tests/mask_test.py", "Python", 4263, 0, 0, 0, 0, 0, 0, 0, 0, 0, 0, 0, 920, 1259, 6442
"/home/david/DVHS Robotics/bubonic-corona/venv/lib/python3.12/site-packages/pygame/tests/math_test.py", "Python", 2460, 0, 0, 0, 0, 0, 0, 0, 0, 0, 0, 0, 136, 334, 2930
"/home/david/DVHS Robotics/bubonic-corona/venv/lib/python3.12/site-packages/pygame/tests/midi_test.py", "Python", 319, 0, 0, 0, 0, 0, 0, 0, 0, 0, 0, 0, 56, 89, 464
"/home/david/DVHS Robotics/bubonic-corona/venv/lib/python3.12/site-packages/pygame/tests/mixer_music_tags.py", "Python", 5, 0, 0, 0, 0, 0, 0, 0, 0, 0, 0, 0, 0, 3, 8
"/home/david/DVHS Robotics/bubonic-corona/venv/lib/python3.12/site-packages/pygame/tests/mixer_music_test.py", "Python", 255, 0, 0, 0, 0, 0, 0, 0, 0, 0, 0, 0, 145, 94, 494
"/home/david/DVHS Robotics/bubonic-corona/venv/lib/python3.12/site-packages/pygame/tests/mixer_tags.py", "Python", 5, 0, 0, 0, 0, 0, 0, 0, 0, 0, 0, 0, 0, 3, 8
"/home/david/DVHS Robotics/bubonic-corona/venv/lib/python3.12/site-packages/pygame/tests/mixer_test.py", "Python", 1000, 0, 0, 0, 0, 0, 0, 0, 0, 0, 0, 0, 218, 262, 1480
"/home/david/DVHS Robotics/bubonic-corona/venv/lib/python3.12/site-packages/pygame/tests/mouse_test.py", "Python", 225, 0, 0, 0, 0, 0, 0, 0, 0, 0, 0, 0, 45, 79, 349
"/home/david/DVHS Robotics/bubonic-corona/venv/lib/python3.12/site-packages/pygame/tests/pixelarray_test.py", "Python", 1353, 0, 0, 0, 0, 0, 0, 0, 0, 0, 0, 0, 111, 204, 1668
"/home/david/DVHS Robotics/bubonic-corona/venv/lib/python3.12/site-packages/pygame/tests/pixelcopy_test.py", "Python", 608, 0, 0, 0, 0, 0, 0, 0, 0, 0, 0, 0, 19, 84, 711
"/home/david/DVHS Robotics/bubonic-corona/venv/lib/python3.12/site-packages/pygame/tests/rect_test.py", "Python", 2322, 0, 0, 0, 0, 0, 0, 0, 0, 0, 0, 0, 415, 576, 3313
"/home/david/DVHS Robotics/bubonic-corona/venv/lib/python3.12/site-packages/pygame/tests/run_tests__tests/__init__.py", "Python", 0, 0, 0, 0, 0, 0, 0, 0, 0, 0, 0, 0, 1, 1, 2
"/home/david/DVHS Robotics/bubonic-corona/venv/lib/python3.12/site-packages/pygame/tests/run_tests__tests/all_ok/__init__.py", "Python", 0, 0, 0, 0, 0, 0, 0, 0, 0, 0, 0, 0, 1, 1, 2
"/home/david/DVHS Robotics/bubonic-corona/venv/lib/python3.12/site-packages/pygame/tests/run_tests__tests/all_ok/fake_2_test.py", "Python", 28, 0, 0, 0, 0, 0, 0, 0, 0, 0, 0, 0, 0, 12, 40
"/home/david/DVHS Robotics/bubonic-corona/venv/lib/python3.12/site-packages/pygame/tests/run_tests__tests/all_ok/fake_3_test.py", "Python", 28, 0, 0, 0, 0, 0, 0, 0, 0, 0, 0, 0, 0, 12, 40
"/home/david/DVHS Robotics/bubonic-corona/venv/lib/python3.12/site-packages/pygame/tests/run_tests__tests/all_ok/fake_4_test.py", "Python", 28, 0, 0, 0, 0, 0, 0, 0, 0, 0, 0, 0, 0, 12, 40
"/home/david/DVHS Robotics/bubonic-corona/venv/lib/python3.12/site-packages/pygame/tests/run_tests__tests/all_ok/fake_5_test.py", "Python", 28, 0, 0, 0, 0, 0, 0, 0, 0, 0, 0, 0, 0, 12, 40
"/home/david/DVHS Robotics/bubonic-corona/venv/lib/python3.12/site-packages/pygame/tests/run_tests__tests/all_ok/fake_6_test.py", "Python", 28, 0, 0, 0, 0, 0, 0, 0, 0, 0, 0, 0, 0, 12, 40
"/home/david/DVHS Robotics/bubonic-corona/venv/lib/python3.12/site-packages/pygame/tests/run_tests__tests/all_ok/no_assertions__ret_code_of_1__test.py", "Python", 28, 0, 0, 0, 0, 0, 0, 0, 0, 0, 0, 0, 0, 12, 40
"/home/david/DVHS Robotics/bubonic-corona/venv/lib/python3.12/site-packages/pygame/tests/run_tests__tests/all_ok/zero_tests_test.py", "Python", 17, 0, 0, 0, 0, 0, 0, 0, 0, 0, 0, 0, 0, 7, 24
"/home/david/DVHS Robotics/bubonic-corona/venv/lib/python3.12/site-packages/pygame/tests/run_tests__tests/everything/__init__.py", "Python", 0, 0, 0, 0, 0, 0, 0, 0, 0, 0, 0, 0, 1, 1, 2
"/home/david/DVHS Robotics/bubonic-corona/venv/lib/python3.12/site-packages/pygame/tests/run_tests__tests/everything/fake_2_test.py", "Python", 28, 0, 0, 0, 0, 0, 0, 0, 0, 0, 0, 0, 0, 12, 40
"/home/david/DVHS Robotics/bubonic-corona/venv/lib/python3.12/site-packages/pygame/tests/run_tests__tests/everything/incomplete_todo_test.py", "Python", 28, 0, 0, 0, 0, 0, 0, 0, 0, 0, 0, 0, 0, 12, 40
"/home/david/DVHS Robotics/bubonic-corona/venv/lib/python3.12/site-packages/pygame/tests/run_tests__tests/everything/magic_tag_test.py", "Python", 27, 0, 0, 0, 0, 0, 0, 0, 0, 0, 0, 0, 0, 12, 39
"/home/david/DVHS Robotics/bubonic-corona/venv/lib/python3.12/site-packages/pygame/tests/run_tests__tests/everything/sleep_test.py", "Python", 22, 0, 0, 0, 0, 0, 0, 0, 0, 0, 0, 0, 0, 8, 30
"/home/david/DVHS Robotics/bubonic-corona/venv/lib/python3.12/site-packages/pygame/tests/run_tests__tests/exclude/__init__.py", "Python", 0, 0, 0, 0, 0, 0, 0, 0, 0, 0, 0, 0, 1, 1, 2
"/home/david/DVHS Robotics/bubonic-corona/venv/lib/python3.12/site-packages/pygame/tests/run_tests__tests/exclude/fake_2_test.py", "Python", 28, 0, 0, 0, 0, 0, 0, 0, 0, 0, 0, 0, 0, 12, 40
"/home/david/DVHS Robotics/bubonic-corona/venv/lib/python3.12/site-packages/pygame/tests/run_tests__tests/exclude/invisible_tag_test.py", "Python", 29, 0, 0, 0, 0, 0, 0, 0, 0, 0, 0, 0, 0, 13, 42
"/home/david/DVHS Robotics/bubonic-corona/venv/lib/python3.12/site-packages/pygame/tests/run_tests__tests/exclude/magic_tag_test.py", "Python", 27, 0, 0, 0, 0, 0, 0, 0, 0, 0, 0, 0, 0, 12, 39
"/home/david/DVHS Robotics/bubonic-corona/venv/lib/python3.12/site-packages/pygame/tests/run_tests__tests/failures1/__init__.py", "Python", 0, 0, 0, 0, 0, 0, 0, 0, 0, 0, 0, 0, 1, 1, 2
"/home/david/DVHS Robotics/bubonic-corona/venv/lib/python3.12/site-packages/pygame/tests/run_tests__tests/failures1/fake_2_test.py", "Python", 28, 0, 0, 0, 0, 0, 0, 0, 0, 0, 0, 0, 0, 12, 40
"/home/david/DVHS Robotics/bubonic-corona/venv/lib/python3.12/site-packages/pygame/tests/run_tests__tests/failures1/fake_3_test.py", "Python", 28, 0, 0, 0, 0, 0, 0, 0, 0, 0, 0, 0, 0, 12, 40
"/home/david/DVHS Robotics/bubonic-corona/venv/lib/python3.12/site-packages/pygame/tests/run_tests__tests/failures1/fake_4_test.py", "Python", 30, 0, 0, 0, 0, 0, 0, 0, 0, 0, 0, 0, 0, 12, 42
"/home/david/DVHS Robotics/bubonic-corona/venv/lib/python3.12/site-packages/pygame/tests/run_tests__tests/incomplete/__init__.py", "Python", 0, 0, 0, 0, 0, 0, 0, 0, 0, 0, 0, 0, 1, 1, 2
"/home/david/DVHS Robotics/bubonic-corona/venv/lib/python3.12/site-packages/pygame/tests/run_tests__tests/incomplete/fake_2_test.py", "Python", 28, 0, 0, 0, 0, 0, 0, 0, 0, 0, 0, 0, 0, 12, 40
"/home/david/DVHS Robotics/bubonic-corona/venv/lib/python3.12/site-packages/pygame/tests/run_tests__tests/incomplete/fake_3_test.py", "Python", 28, 0, 0, 0, 0, 0, 0, 0, 0, 0, 0, 0, 0, 12, 40
"/home/david/DVHS Robotics/bubonic-corona/venv/lib/python3.12/site-packages/pygame/tests/run_tests__tests/incomplete_todo/__init__.py", "Python", 0, 0, 0, 0, 0, 0, 0, 0, 0, 0, 0, 0, 1, 1, 2
"/home/david/DVHS Robotics/bubonic-corona/venv/lib/python3.12/site-packages/pygame/tests/run_tests__tests/incomplete_todo/fake_2_test.py", "Python", 28, 0, 0, 0, 0, 0, 0, 0, 0, 0, 0, 0, 0, 12, 40
"/home/david/DVHS Robotics/bubonic-corona/venv/lib/python3.12/site-packages/pygame/tests/run_tests__tests/incomplete_todo/fake_3_test.py", "Python", 28, 0, 0, 0, 0, 0, 0, 0, 0, 0, 0, 0, 0, 12, 40
"/home/david/DVHS Robotics/bubonic-corona/venv/lib/python3.12/site-packages/pygame/tests/run_tests__tests/infinite_loop/__init__.py", "Python", 0, 0, 0, 0, 0, 0, 0, 0, 0, 0, 0, 0, 1, 1, 2
"/home/david/DVHS Robotics/bubonic-corona/venv/lib/python3.12/site-packages/pygame/tests/run_tests__tests/infinite_loop/fake_1_test.py", "Python", 29, 0, 0, 0, 0, 0, 0, 0, 0, 0, 0, 0, 0, 12, 41
"/home/david/DVHS Robotics/bubonic-corona/venv/lib/python3.12/site-packages/pygame/tests/run_tests__tests/infinite_loop/fake_2_test.py", "Python", 28, 0, 0, 0, 0, 0, 0, 0, 0, 0, 0, 0, 0, 12, 40
"/home/david/DVHS Robotics/bubonic-corona/venv/lib/python3.12/site-packages/pygame/tests/run_tests__tests/print_stderr/__init__.py", "Python", 0, 0, 0, 0, 0, 0, 0, 0, 0, 0, 0, 0, 1, 1, 2
"/home/david/DVHS Robotics/bubonic-corona/venv/lib/python3.12/site-packages/pygame/tests/run_tests__tests/print_stderr/fake_2_test.py", "Python", 28, 0, 0, 0, 0, 0, 0, 0, 0, 0, 0, 0, 0, 12, 40
"/home/david/DVHS Robotics/bubonic-corona/venv/lib/python3.12/site-packages/pygame/tests/run_tests__tests/print_stderr/fake_3_test.py", "Python", 29, 0, 0, 0, 0, 0, 0, 0, 0, 0, 0, 0, 0, 13, 42
"/home/david/DVHS Robotics/bubonic-corona/venv/lib/python3.12/site-packages/pygame/tests/run_tests__tests/print_stderr/fake_4_test.py", "Python", 30, 0, 0, 0, 0, 0, 0, 0, 0, 0, 0, 0, 0, 12, 42
"/home/david/DVHS Robotics/bubonic-corona/venv/lib/python3.12/site-packages/pygame/tests/run_tests__tests/print_stdout/__init__.py", "Python", 0, 0, 0, 0, 0, 0, 0, 0, 0, 0, 0, 0, 1, 1, 2
"/home/david/DVHS Robotics/bubonic-corona/venv/lib/python3.12/site-packages/pygame/tests/run_tests__tests/print_stdout/fake_2_test.py", "Python", 28, 0, 0, 0, 0, 0, 0, 0, 0, 0, 0, 0, 0, 12, 40
"/home/david/DVHS Robotics/bubonic-corona/venv/lib/python3.12/site-packages/pygame/tests/run_tests__tests/print_stdout/fake_3_test.py", "Python", 30, 0, 0, 0, 0, 0, 0, 0, 0, 0, 0, 0, 0, 13, 43
"/home/david/DVHS Robotics/bubonic-corona/venv/lib/python3.12/site-packages/pygame/tests/run_tests__tests/print_stdout/fake_4_test.py", "Python", 30, 0, 0, 0, 0, 0, 0, 0, 0, 0, 0, 0, 0, 12, 42
"/home/david/DVHS Robotics/bubonic-corona/venv/lib/python3.12/site-packages/pygame/tests/run_tests__tests/run_tests__test.py", "Python", 95, 0, 0, 0, 0, 0, 0, 0, 0, 0, 0, 0, 11, 40, 146
"/home/david/DVHS Robotics/bubonic-corona/venv/lib/python3.12/site-packages/pygame/tests/run_tests__tests/timeout/__init__.py", "Python", 0, 0, 0, 0, 0, 0, 0, 0, 0, 0, 0, 0, 1, 1, 2
"/home/david/DVHS Robotics/bubonic-corona/venv/lib/python3.12/site-packages/pygame/tests/run_tests__tests/timeout/fake_2_test.py", "Python", 28, 0, 0, 0, 0, 0, 0, 0, 0, 0, 0, 0, 0, 12, 40
"/home/david/DVHS Robotics/bubonic-corona/venv/lib/python3.12/site-packages/pygame/tests/run_tests__tests/timeout/sleep_test.py", "Python", 22, 0, 0, 0, 0, 0, 0, 0, 0, 0, 0, 0, 0, 9, 31
"/home/david/DVHS Robotics/bubonic-corona/venv/lib/python3.12/site-packages/pygame/tests/rwobject_test.py", "Python", 90, 0, 0, 0, 0, 0, 0, 0, 0, 0, 0, 0, 11, 39, 140
"/home/david/DVHS Robotics/bubonic-corona/venv/lib/python3.12/site-packages/pygame/tests/scrap_tags.py", "Python", 1, 0, 0, 0, 0, 0, 0, 0, 0, 0, 0, 0, 23, 3, 27
"/home/david/DVHS Robotics/bubonic-corona/venv/lib/python3.12/site-packages/pygame/tests/scrap_test.py", "Python", 186, 0, 0, 0, 0, 0, 0, 0, 0, 0, 0, 0, 54, 62, 302
"/home/david/DVHS Robotics/bubonic-corona/venv/lib/python3.12/site-packages/pygame/tests/sndarray_tags.py", "Python", 9, 0, 0, 0, 0, 0, 0, 0, 0, 0, 0, 0, 0, 4, 13
"/home/david/DVHS Robotics/bubonic-corona/venv/lib/python3.12/site-packages/pygame/tests/sndarray_test.py", "Python", 124, 0, 0, 0, 0, 0, 0, 0, 0, 0, 0, 0, 7, 24, 155
"/home/david/DVHS Robotics/bubonic-corona/venv/lib/python3.12/site-packages/pygame/tests/sprite_test.py", "Python", 932, 0, 0, 0, 0, 0, 0, 0, 0, 0, 0, 0, 139, 342, 1413
"/home/david/DVHS Robotics/bubonic-corona/venv/lib/python3.12/site-packages/pygame/tests/surface_test.py", "Python", 3097, 0, 0, 0, 0, 0, 0, 0, 0, 0, 0, 0, 459, 509, 4065
"/home/david/DVHS Robotics/bubonic-corona/venv/lib/python3.12/site-packages/pygame/tests/surfarray_tags.py", "Python", 13, 0, 0, 0, 0, 0, 0, 0, 0, 0, 0, 0, 0, 4, 17
"/home/david/DVHS Robotics/bubonic-corona/venv/lib/python3.12/site-packages/pygame/tests/surfarray_test.py", "Python", 609, 0, 0, 0, 0, 0, 0, 0, 0, 0, 0, 0, 31, 104, 744
"/home/david/DVHS Robotics/bubonic-corona/venv/lib/python3.12/site-packages/pygame/tests/surflock_test.py", "Python", 99, 0, 0, 0, 0, 0, 0, 0, 0, 0, 0, 0, 13, 33, 145
"/home/david/DVHS Robotics/bubonic-corona/venv/lib/python3.12/site-packages/pygame/tests/sysfont_test.py", "Python", 34, 0, 0, 0, 0, 0, 0, 0, 0, 0, 0, 0, 1, 17, 52
"/home/david/DVHS Robotics/bubonic-corona/venv/lib/python3.12/site-packages/pygame/tests/test_utils/__init__.py", "Python", 89, 0, 0, 0, 0, 0, 0, 0, 0, 0, 0, 0, 57, 56, 202
"/home/david/DVHS Robotics/bubonic-corona/venv/lib/python3.12/site-packages/pygame/tests/test_utils/arrinter.py", "Python", 383, 0, 0, 0, 0, 0, 0, 0, 0, 0, 0, 0, 1, 55, 439
"/home/david/DVHS Robotics/bubonic-corona/venv/lib/python3.12/site-packages/pygame/tests/test_utils/async_sub.py", "Python", 220, 0, 0, 0, 0, 0, 0, 0, 0, 0, 0, 0, 18, 64, 302
"/home/david/DVHS Robotics/bubonic-corona/venv/lib/python3.12/site-packages/pygame/tests/test_utils/buftools.py", "Python", 518, 0, 0, 0, 0, 0, 0, 0, 0, 0, 0, 0, 42, 48, 608
"/home/david/DVHS Robotics/bubonic-corona/venv/lib/python3.12/site-packages/pygame/tests/test_utils/endian.py", "Python", 7, 0, 0, 0, 0, 0, 0, 0, 0, 0, 0, 0, 6, 8, 21
"/home/david/DVHS Robotics/bubonic-corona/venv/lib/python3.12/site-packages/pygame/tests/test_utils/png.py", "Python", 2015, 0, 0, 0, 0, 0, 0, 0, 0, 0, 0, 0, 1592, 399, 4006
"/home/david/DVHS Robotics/bubonic-corona/venv/lib/python3.12/site-packages/pygame/tests/test_utils/run_tests.py", "Python", 208, 0, 0, 0, 0, 0, 0, 0, 0, 0, 0, 0, 87, 56, 351
"/home/david/DVHS Robotics/bubonic-corona/venv/lib/python3.12/site-packages/pygame/tests/test_utils/test_machinery.py", "Python", 63, 0, 0, 0, 0, 0, 0, 0, 0, 0, 0, 0, 1, 26, 90
"/home/david/DVHS Robotics/bubonic-corona/venv/lib/python3.12/site-packages/pygame/tests/test_utils/test_runner.py", "Python", 229, 0, 0, 0, 0, 0, 0, 0, 0, 0, 0, 0, 31, 65, 325
"/home/david/DVHS Robotics/bubonic-corona/venv/lib/python3.12/site-packages/pygame/tests/threads_test.py", "Python", 104, 0, 0, 0, 0, 0, 0, 0, 0, 0, 0, 0, 67, 68, 239
"/home/david/DVHS Robotics/bubonic-corona/venv/lib/python3.12/site-packages/pygame/tests/time_test.py", "Python", 263, 0, 0, 0, 0, 0, 0, 0, 0, 0, 0, 0, 84, 64, 411
"/home/david/DVHS Robotics/bubonic-corona/venv/lib/python3.12/site-packages/pygame/tests/touch_test.py", "Python", 71, 0, 0, 0, 0, 0, 0, 0, 0, 0, 0, 0, 1, 26, 98
"/home/david/DVHS Robotics/bubonic-corona/venv/lib/python3.12/site-packages/pygame/tests/transform_test.py", "Python", 962, 0, 0, 0, 0, 0, 0, 0, 0, 0, 0, 0, 200, 259, 1421
"/home/david/DVHS Robotics/bubonic-corona/venv/lib/python3.12/site-packages/pygame/tests/version_test.py", "Python", 38, 0, 0, 0, 0, 0, 0, 0, 0, 0, 0, 0, 0, 11, 49
"/home/david/DVHS Robotics/bubonic-corona/venv/lib/python3.12/site-packages/pygame/tests/video_test.py", "Python", 19, 0, 0, 0, 0, 0, 0, 0, 0, 0, 0, 0, 1, 7, 27
"/home/david/DVHS Robotics/bubonic-corona/venv/lib/python3.12/site-packages/pygame/threads/__init__.py", "Python", 133, 0, 0, 0, 0, 0, 0, 0, 0, 0, 0, 0, 83, 56, 272
"/home/david/DVHS Robotics/bubonic-corona/venv/lib/python3.12/site-packages/pygame/time.pyi", "Python", 13, 0, 0, 0, 0, 0, 0, 0, 0, 0, 0, 0, 0, 3, 16
"/home/david/DVHS Robotics/bubonic-corona/venv/lib/python3.12/site-packages/pygame/transform.pyi", "Python", 55, 0, 0, 0, 0, 0, 0, 0, 0, 0, 0, 0, 0, 4, 59
"/home/david/DVHS Robotics/bubonic-corona/venv/lib/python3.12/site-packages/pygame/version.py", "Python", 22, 0, 0, 0, 0, 0, 0, 0, 0, 0, 0, 0, 39, 12, 73
"/home/david/DVHS Robotics/bubonic-corona/venv/lib/python3.12/site-packages/pygame/version.pyi", "Python", 19, 0, 0, 0, 0, 0, 0, 0, 0, 0, 0, 0, 0, 5, 24
"/home/david/DVHS Robotics/bubonic-corona/venv/lib/python3.12/site-packages/setuptools/__init__.py", "Python", 123, 0, 0, 0, 0, 0, 0, 0, 0, 0, 0, 0, 92, 42, 257
"/home/david/DVHS Robotics/bubonic-corona/venv/lib/python3.12/site-packages/setuptools/_core_metadata.py", "Python", 191, 0, 0, 0, 0, 0, 0, 0, 0, 0, 0, 0, 91, 56, 338
"/home/david/DVHS Robotics/bubonic-corona/venv/lib/python3.12/site-packages/setuptools/_discovery.py", "Python", 15, 0, 0, 0, 0, 0, 0, 0, 0, 0, 0, 0, 13, 6, 34
"/home/david/DVHS Robotics/bubonic-corona/venv/lib/python3.12/site-packages/setuptools/_distutils/__init__.py", "Python", 7, 0, 0, 0, 0, 0, 0, 0, 0, 0, 0, 0, 4, 4, 15
"/home/david/DVHS Robotics/bubonic-corona/venv/lib/python3.12/site-packages/setuptools/_distutils/_log.py", "Python", 2, 0, 0, 0, 0, 0, 0, 0, 0, 0, 0, 0, 0, 2, 4
"/home/david/DVHS Robotics/bubonic-corona/venv/lib/python3.12/site-packages/setuptools/_distutils/_macos_compat.py", "Python", 8, 0, 0, 0, 0, 0, 0, 0, 0, 0, 0, 0, 0, 5, 13
"/home/david/DVHS Robotics/bubonic-corona/venv/lib/python3.12/site-packages/setuptools/_distutils/_modified.py", "Python", 45, 0, 0, 0, 0, 0, 0, 0, 0, 0, 0, 0, 32, 19, 96
"/home/david/DVHS Robotics/bubonic-corona/venv/lib/python3.12/site-packages/setuptools/_distutils/_msvccompiler.py", "Python", 11, 0, 0, 0, 0, 0, 0, 0, 0, 0, 0, 0, 0, 6, 17
"/home/david/DVHS Robotics/bubonic-corona/venv/lib/python3.12/site-packages/setuptools/_distutils/archive_util.py", "Python", 187, 0, 0, 0, 0, 0, 0, 0, 0, 0, 0, 0, 54, 44, 285
"/home/david/DVHS Robotics/bubonic-corona/venv/lib/python3.12/site-packages/setuptools/_distutils/ccompiler.py", "Python", 23, 0, 0, 0, 0, 0, 0, 0, 0, 0, 0, 0, 0, 4, 27
"/home/david/DVHS Robotics/bubonic-corona/venv/lib/python3.12/site-packages/setuptools/_distutils/cmd.py", "Python", 283, 0, 0, 0, 0, 0, 0, 0, 0, 0, 0, 0, 196, 57, 536
"/home/david/DVHS Robotics/bubonic-corona/venv/lib/python3.12/site-packages/setuptools/_distutils/command/__init__.py", "Python", 18, 0, 0, 0, 0, 0, 0, 0, 0, 0, 0, 0, 4, 2, 24
"/home/david/DVHS Robotics/bubonic-corona/venv/lib/python3.12/site-packages/setuptools/_distutils/command/_framework_compat.py", "Python", 35, 0, 0, 0, 0, 0, 0, 0, 0, 0, 0, 0, 10, 10, 55
"/home/david/DVHS Robotics/bubonic-corona/venv/lib/python3.12/site-packages/setuptools/_distutils/command/bdist.py", "Python", 119, 0, 0, 0, 0, 0, 0, 0, 0, 0, 0, 0, 20, 29, 168
"/home/david/DVHS Robotics/bubonic-corona/venv/lib/python3.12/site-packages/setuptools/_distutils/command/bdist_dumb.py", "Python", 115, 0, 0, 0, 0, 0, 0, 0, 0, 0, 0, 0, 8, 19, 142
"/home/david/DVHS Robotics/bubonic-corona/venv/lib/python3.12/site-packages/setuptools/_distutils/command/bdist_rpm.py", "Python", 457, 0, 0, 0, 0, 0, 0, 0, 0, 0, 0, 0, 67, 74, 598
"/home/david/DVHS Robotics/bubonic-corona/venv/lib/python3.12/site-packages/setuptools/_distutils/command/build.py", "Python", 105, 0, 0, 0, 0, 0, 0, 0, 0, 0, 0, 0, 26, 26, 157
"/home/david/DVHS Robotics/bubonic-corona/venv/lib/python3.12/site-packages/setuptools/_distutils/command/build_clib.py", "Python", 126, 0, 0, 0, 0, 0, 0, 0, 0, 0, 0, 0, 40, 34, 200
"/home/david/DVHS Robotics/bubonic-corona/venv/lib/python3.12/site-packages/setuptools/_distutils/command/build_ext.py", "Python", 461, 0, 0, 0, 0, 0, 0, 0, 0, 0, 0, 0, 257, 94, 812
"/home/david/DVHS Robotics/bubonic-corona/venv/lib/python3.12/site-packages/setuptools/_distutils/command/build_py.py", "Python", 252, 0, 0, 0, 0, 0, 0, 0, 0, 0, 0, 0, 99, 54, 405
"/home/david/DVHS Robotics/bubonic-corona/venv/lib/python3.12/site-packages/setuptools/_distutils/command/build_scripts.py", "Python", 99, 0, 0, 0, 0, 0, 0, 0, 0, 0, 0, 0, 25, 27, 151
"/home/david/DVHS Robotics/bubonic-corona/venv/lib/python3.12/site-packages/setuptools/_distutils/command/check.py", "Python", 110, 0, 0, 0, 0, 0, 0, 0, 0, 0, 0, 0, 21, 22, 153
"/home/david/DVHS Robotics/bubonic-corona/venv/lib/python3.12/site-packages/setuptools/_distutils/command/clean.py", "Python", 56, 0, 0, 0, 0, 0, 0, 0, 0, 0, 0, 0, 9, 12, 77
"/home/david/DVHS Robotics/bubonic-corona/venv/lib/python3.12/site-packages/setuptools/_distutils/command/config.py", "Python", 226, 0, 0, 0, 0, 0, 0, 0, 0, 0, 0, 0, 78, 45, 349
"/home/david/DVHS Robotics/bubonic-corona/venv/lib/python3.12/site-packages/setuptools/_distutils/command/install.py", "Python", 520, 0, 0, 0, 0, 0, 0, 0, 0, 0, 0, 0, 166, 120, 806
"/home/david/DVHS Robotics/bubonic-corona/venv/lib/python3.12/site-packages/setuptools/_distutils/command/install_data.py", "Python", 67, 0, 0, 0, 0, 0, 0, 0, 0, 0, 0, 0, 11, 17, 95
"/home/david/DVHS Robotics/bubonic-corona/venv/lib/python3.12/site-packages/setuptools/_distutils/command/install_egg_info.py", "Python", 45, 0, 0, 0, 0, 0, 0, 0, 0, 0, 0, 0, 27, 19, 91
"/home/david/DVHS Robotics/bubonic-corona/venv/lib/python3.12/site-packages/setuptools/_distutils/command/install_headers.py", "Python", 29, 0, 0, 0, 0, 0, 0, 0, 0, 0, 0, 0, 5, 13, 47
"/home/david/DVHS Robotics/bubonic-corona/venv/lib/python3.12/site-packages/setuptools/_distutils/command/install_lib.py", "Python", 148, 0, 0, 0, 0, 0, 0, 0, 0, 0, 0, 0, 50, 39, 237
"/home/david/DVHS Robotics/bubonic-corona/venv/lib/python3.12/site-packages/setuptools/_distutils/command/install_scripts.py", "Python", 40, 0, 0, 0, 0, 0, 0, 0, 0, 0, 0, 0, 7, 13, 60
"/home/david/DVHS Robotics/bubonic-corona/venv/lib/python3.12/site-packages/setuptools/_distutils/command/sdist.py", "Python", 328, 0, 0, 0, 0, 0, 0, 0, 0, 0, 0, 0, 121, 73, 522
"/home/david/DVHS Robotics/bubonic-corona/venv/lib/python3.12/site-packages/setuptools/_distutils/compat/__init__.py", "Python", 8, 0, 0, 0, 0, 0, 0, 0, 0, 0, 0, 0, 5, 6, 19
"/home/david/DVHS Robotics/bubonic-corona/venv/lib/python3.12/site-packages/setuptools/_distutils/compat/numpy.py", "Python", 1, 0, 0, 0, 0, 0, 0, 0, 0, 0, 0, 0, 1, 1, 3
"/home/david/DVHS Robotics/bubonic-corona/venv/lib/python3.12/site-packages/setuptools/_distutils/compat/py39.py", "Python", 39, 0, 0, 0, 0, 0, 0, 0, 0, 0, 0, 0, 13, 15, 67
"/home/david/DVHS Robotics/bubonic-corona/venv/lib/python3.12/site-packages/setuptools/_distutils/compilers/C/base.py", "Python", 483, 0, 0, 0, 0, 0, 0, 0, 0, 0, 0, 0, 809, 95, 1387
"/home/david/DVHS Robotics/bubonic-corona/venv/lib/python3.12/site-packages/setuptools/_distutils/compilers/C/cygwin.py", "Python", 202, 0, 0, 0, 0, 0, 0, 0, 0, 0, 0, 0, 82, 57, 341
"/home/david/DVHS Robotics/bubonic-corona/venv/lib/python3.12/site-packages/setuptools/_distutils/compilers/C/errors.py", "Python", 6, 0, 0, 0, 0, 0, 0, 0, 0, 0, 0, 0, 8, 11, 25
"/home/david/DVHS Robotics/bubonic-corona/venv/lib/python3.12/site-packages/setuptools/_distutils/compilers/C/msvc.py", "Python", 425, 0, 0, 0, 0, 0, 0, 0, 0, 0, 0, 0, 106, 84, 615
"/home/david/DVHS Robotics/bubonic-corona/venv/lib/python3.12/site-packages/setuptools/_distutils/compilers/C/tests/test_base.py", "Python", 50, 0, 0, 0, 0, 0, 0, 0, 0, 0, 0, 0, 19, 15, 84
"/home/david/DVHS Robotics/bubonic-corona/venv/lib/python3.12/site-packages/setuptools/_distutils/compilers/C/tests/test_cygwin.py", "Python", 49, 0, 0, 0, 0, 0, 0, 0, 0, 0, 0, 0, 7, 21, 77
"/home/david/DVHS Robotics/bubonic-corona/venv/lib/python3.12/site-packages/setuptools/_distutils/compilers/C/tests/test_mingw.py", "Python", 34, 0, 0, 0, 0, 0, 0, 0, 0, 0, 0, 0, 3, 12, 49
"/home/david/DVHS Robotics/bubonic-corona/venv/lib/python3.12/site-packages/setuptools/_distutils/compilers/C/tests/test_msvc.py", "Python", 95, 0, 0, 0, 0, 0, 0, 0, 0, 0, 0, 0, 16, 26, 137
"/home/david/DVHS Robotics/bubonic-corona/venv/lib/python3.12/site-packages/setuptools/_distutils/compilers/C/tests/test_unix.py", "Python", 310, 0, 0, 0, 0, 0, 0, 0, 0, 0, 0, 0, 36, 68, 414
"/home/david/DVHS Robotics/bubonic-corona/venv/lib/python3.12/site-packages/setuptools/_distutils/compilers/C/unix.py", "Python", 238, 0, 0, 0, 0, 0, 0, 0, 0, 0, 0, 0, 136, 49, 423
"/home/david/DVHS Robotics/bubonic-corona/venv/lib/python3.12/site-packages/setuptools/_distutils/compilers/C/zos.py", "Python", 189, 0, 0, 0, 0, 0, 0, 0, 0, 0, 0, 0, 19, 23, 231
"/home/david/DVHS Robotics/bubonic-corona/venv/lib/python3.12/site-packages/setuptools/_distutils/core.py", "Python", 148, 0, 0, 0, 0, 0, 0, 0, 0, 0, 0, 0, 100, 42, 290
"/home/david/DVHS Robotics/bubonic-corona/venv/lib/python3.12/site-packages/setuptools/_distutils/cygwinccompiler.py", "Python", 22, 0, 0, 0, 0, 0, 0, 0, 0, 0, 0, 0, 4, 6, 32
"/home/david/DVHS Robotics/bubonic-corona/venv/lib/python3.12/site-packages/setuptools/_distutils/debug.py", "Python", 2, 0, 0, 0, 0, 0, 0, 0, 0, 0, 0, 0, 2, 2, 6
"/home/david/DVHS Robotics/bubonic-corona/venv/lib/python3.12/site-packages/setuptools/_distutils/dep_util.py", "Python", 11, 0, 0, 0, 0, 0, 0, 0, 0, 0, 0, 0, 0, 4, 15
"/home/david/DVHS Robotics/bubonic-corona/venv/lib/python3.12/site-packages/setuptools/_distutils/dir_util.py", "Python", 134, 0, 0, 0, 0, 0, 0, 0, 0, 0, 0, 0, 63, 36, 233
"/home/david/DVHS Robotics/bubonic-corona/venv/lib/python3.12/site-packages/setuptools/_distutils/dist.py", "Python", 829, 0, 0, 0, 0, 0, 0, 0, 0, 0, 0, 0, 358, 198, 1385
"/home/david/DVHS Robotics/bubonic-corona/venv/lib/python3.12/site-packages/setuptools/_distutils/errors.py", "Python", 32, 0, 0, 0, 0, 0, 0, 0, 0, 0, 0, 0, 37, 40, 109
"/home/david/DVHS Robotics/bubonic-corona/venv/lib/python3.12/site-packages/setuptools/_distutils/extension.py", "Python", 134, 0, 0, 0, 0, 0, 0, 0, 0, 0, 0, 0, 99, 26, 259
"/home/david/DVHS Robotics/bubonic-corona/venv/lib/python3.12/site-packages/setuptools/_distutils/fancy_getopt.py", "Python", 259, 0, 0, 0, 0, 0, 0, 0, 0, 0, 0, 0, 140, 73, 472
"/home/david/DVHS Robotics/bubonic-corona/venv/lib/python3.12/site-packages/setuptools/_distutils/file_util.py", "Python", 134, 0, 0, 0, 0, 0, 0, 0, 0, 0, 0, 0, 62, 33, 229
"/home/david/DVHS Robotics/bubonic-corona/venv/lib/python3.12/site-packages/setuptools/_distutils/filelist.py", "Python", 273, 0, 0, 0, 0, 0, 0, 0, 0, 0, 0, 0, 105, 54, 432
"/home/david/DVHS Robotics/bubonic-corona/venv/lib/python3.12/site-packages/setuptools/_distutils/log.py", "Python", 36, 0, 0, 0, 0, 0, 0, 0, 0, 0, 0, 0, 6, 15, 57
"/home/david/DVHS Robotics/bubonic-corona/venv/lib/python3.12/site-packages/setuptools/_distutils/spawn.py", "Python", 75, 0, 0, 0, 0, 0, 0, 0, 0, 0, 0, 0, 31, 25, 131
"/home/david/DVHS Robotics/bubonic-corona/venv/lib/python3.12/site-packages/setuptools/_distutils/sysconfig.py", "Python", 333, 0, 0, 0, 0, 0, 0, 0, 0, 0, 0, 0, 165, 101, 599
"/home/david/DVHS Robotics/bubonic-corona/venv/lib/python3.12/site-packages/setuptools/_distutils/tests/__init__.py", "Python", 21, 0, 0, 0, 0, 0, 0, 0, 0, 0, 0, 0, 17, 5, 43
"/home/david/DVHS Robotics/bubonic-corona/venv/lib/python3.12/site-packages/setuptools/_distutils/tests/compat/__init__.py", "Python", 0, 0, 0, 0, 0, 0, 0, 0, 0, 0, 0, 0, 0, 1, 1
"/home/david/DVHS Robotics/bubonic-corona/venv/lib/python3.12/site-packages/setuptools/_distutils/tests/compat/py39.py", "Python", 39, 0, 0, 0, 0, 0, 0, 0, 0, 0, 0, 0, 0, 2, 41
"/home/david/DVHS Robotics/bubonic-corona/venv/lib/python3.12/site-packages/setuptools/_distutils/tests/support.py", "Python", 54, 0, 0, 0, 0, 0, 0, 0, 0, 0, 0, 0, 60, 21, 135
"/home/david/DVHS Robotics/bubonic-corona/venv/lib/python3.12/site-packages/setuptools/_distutils/tests/test_archive_util.py", "Python", 262, 0, 0, 0, 0, 0, 0, 0, 0, 0, 0, 0, 27, 54, 343
"/home/david/DVHS Robotics/bubonic-corona/venv/lib/python3.12/site-packages/setuptools/_distutils/tests/test_bdist.py", "Python", 34, 0, 0, 0, 0, 0, 0, 0, 0, 0, 0, 0, 6, 8, 48
"/home/david/DVHS Robotics/bubonic-corona/venv/lib/python3.12/site-packages/setuptools/_distutils/tests/test_bdist_dumb.py", "Python", 59, 0, 0, 0, 0, 0, 0, 0, 0, 0, 0, 0, 6, 14, 79
"/home/david/DVHS Robotics/bubonic-corona/venv/lib/python3.12/site-packages/setuptools/_distutils/tests/test_bdist_rpm.py", "Python", 99, 0, 0, 0, 0, 0, 0, 0, 0, 0, 0, 0, 7, 22, 128
"/home/david/DVHS Robotics/bubonic-corona/venv/lib/python3.12/site-packages/setuptools/_distutils/tests/test_build.py", "Python", 29, 0, 0, 0, 0, 0, 0, 0, 0, 0, 0, 0, 10, 11, 50
"/home/david/DVHS Robotics/bubonic-corona/venv/lib/python3.12/site-packages/setuptools/_distutils/tests/test_build_clib.py", "Python", 86, 0, 0, 0, 0, 0, 0, 0, 0, 0, 0, 0, 15, 34, 135
"/home/david/DVHS Robotics/bubonic-corona/venv/lib/python3.12/site-packages/setuptools/_distutils/tests/test_build_ext.py", "Python", 410, 0, 0, 0, 0, 0, 0, 0, 0, 0, 0, 0, 138, 81, 629
"/home/david/DVHS Robotics/bubonic-corona/venv/lib/python3.12/site-packages/setuptools/_distutils/tests/test_build_py.py", "Python", 145, 0, 0, 0, 0, 0, 0, 0, 0, 0, 0, 0, 24, 28, 197
"/home/david/DVHS Robotics/bubonic-corona/venv/lib/python3.12/site-packages/setuptools/_distutils/tests/test_build_scripts.py", "Python", 42, 0, 0, 0, 0, 0, 0, 0, 0, 0, 0, 0, 43, 12, 97
"/home/david/DVHS Robotics/bubonic-corona/venv/lib/python3.12/site-packages/setuptools/_distutils/tests/test_check.py", "Python", 130, 0, 0, 0, 0, 0, 0, 0, 0, 0, 0, 0, 38, 27, 195
"/home/david/DVHS Robotics/bubonic-corona/venv/lib/python3.12/site-packages/setuptools/_distutils/tests/test_clean.py", "Python", 32, 0, 0, 0, 0, 0, 0, 0, 0, 0, 0, 0, 5, 9, 46
"/home/david/DVHS Robotics/bubonic-corona/venv/lib/python3.12/site-packages/setuptools/_distutils/tests/test_cmd.py", "Python", 78, 0, 0, 0, 0, 0, 0, 0, 0, 0, 0, 0, 3, 27, 108
"/home/david/DVHS Robotics/bubonic-corona/venv/lib/python3.12/site-packages/setuptools/_distutils/tests/test_config_cmd.py", "Python", 64, 0, 0, 0, 0, 0, 0, 0, 0, 0, 0, 0, 5, 19, 88
"/home/david/DVHS Robotics/bubonic-corona/venv/lib/python3.12/site-packages/setuptools/_distutils/tests/test_core.py", "Python", 95, 0, 0, 0, 0, 0, 0, 0, 0, 0, 0, 0, 13, 23, 131
"/home/david/DVHS Robotics/bubonic-corona/venv/lib/python3.12/site-packages/setuptools/_distutils/tests/test_dir_util.py", "Python", 98, 0, 0, 0, 0, 0, 0, 0, 0, 0, 0, 0, 10, 32, 140
"/home/david/DVHS Robotics/bubonic-corona/venv/lib/python3.12/site-packages/setuptools/_distutils/tests/test_dist.py", "Python", 106, 0, 0, 0, 0, 0, 0, 0, 0, 0, 0, 0, 427, 20, 553
"/home/david/DVHS Robotics/bubonic-corona/venv/lib/python3.12/site-packages/setuptools/_distutils/tests/test_extension.py", "Python", 92, 0, 0, 0, 0, 0, 0, 0, 0, 0, 0, 0, 11, 15, 118
"/home/david/DVHS Robotics/bubonic-corona/venv/lib/python3.12/site-packages/setuptools/_distutils/tests/test_file_util.py", "Python", 69, 0, 0, 0, 0, 0, 0, 0, 0, 0, 0, 0, 11, 16, 96
"/home/david/DVHS Robotics/bubonic-corona/venv/lib/python3.12/site-packages/setuptools/_distutils/tests/test_filelist.py", "Python", 239, 0, 0, 0, 0, 0, 0, 0, 0, 0, 0, 0, 37, 61, 337
"/home/david/DVHS Robotics/bubonic-corona/venv/lib/python3.12/site-packages/setuptools/_distutils/tests/test_install.py", "Python", 180, 0, 0, 0, 0, 0, 0, 0, 0, 0, 0, 0, 22, 44, 246
"/home/david/DVHS Robotics/bubonic-corona/venv/lib/python3.12/site-packages/setuptools/_distutils/tests/test_install_data.py", "Python", 51, 0, 0, 0, 0, 0, 0, 0, 0, 0, 0, 0, 11, 13, 75
"/home/david/DVHS Robotics/bubonic-corona/venv/lib/python3.12/site-packages/setuptools/_distutils/tests/test_install_headers.py", "Python", 22, 0, 0, 0, 0, 0, 0, 0, 0, 0, 0, 0, 4, 8, 34
"/home/david/DVHS Robotics/bubonic-corona/venv/lib/python3.12/site-packages/setuptools/_distutils/tests/test_install_lib.py", "Python", 83, 0, 0, 0, 0, 0, 0, 0, 0, 0, 0, 0, 9, 19, 111
"/home/david/DVHS Robotics/bubonic-corona/venv/lib/python3.12/site-packages/setuptools/_distutils/tests/test_install_scripts.py", "Python", 41, 0, 0, 0, 0, 0, 0, 0, 0, 0, 0, 0, 1, 11, 53
"/home/david/DVHS Robotics/bubonic-corona/venv/lib/python3.12/site-packages/setuptools/_distutils/tests/test_log.py", "Python", 8, 0, 0, 0, 0, 0, 0, 0, 0, 0, 0, 0, 1, 4, 13
"/home/david/DVHS Robotics/bubonic-corona/venv/lib/python3.12/site-packages/setuptools/_distutils/tests/test_modified.py", "Python", 78, 0, 0, 0, 0, 0, 0, 0, 0, 0, 0, 0, 18, 31, 127
"/home/david/DVHS Robotics/bubonic-corona/venv/lib/python3.12/site-packages/setuptools/_distutils/tests/test_sdist.py", "Python", 331, 0, 0, 0, 0, 0, 0, 0, 0, 0, 0, 0, 62, 78, 471
"/home/david/DVHS Robotics/bubonic-corona/venv/lib/python3.12/site-packages/setuptools/_distutils/tests/test_spawn.py", "Python", 101, 0, 0, 0, 0, 0, 0, 0, 0, 0, 0, 0, 17, 24, 142
"/home/david/DVHS Robotics/bubonic-corona/venv/lib/python3.12/site-packages/setuptools/_distutils/tests/test_sysconfig.py", "Python", 199, 0, 0, 0, 0, 0, 0, 0, 0, 0, 0, 0, 85, 36, 320
"/home/david/DVHS Robotics/bubonic-corona/venv/lib/python3.12/site-packages/setuptools/_distutils/tests/test_text_file.py", "Python", 96, 0, 0, 0, 0, 0, 0, 0, 0, 0, 0, 0, 12, 20, 128
"/home/david/DVHS Robotics/bubonic-corona/venv/lib/python3.12/site-packages/setuptools/_distutils/tests/test_util.py", "Python", 174, 0, 0, 0, 0, 0, 0, 0, 0, 0, 0, 0, 25, 45, 244
"/home/david/DVHS Robotics/bubonic-corona/venv/lib/python3.12/site-packages/setuptools/_distutils/tests/test_version.py", "Python", 68, 0, 0, 0, 0, 0, 0, 0, 0, 0, 0, 0, 1, 12, 81
"/home/david/DVHS Robotics/bubonic-corona/venv/lib/python3.12/site-packages/setuptools/_distutils/tests/test_versionpredicate.py", "Python", 0, 0, 0, 0, 0, 0, 0, 0, 0, 0, 0, 0, 0, 1, 1
"/home/david/DVHS Robotics/bubonic-corona/venv/lib/python3.12/site-packages/setuptools/_distutils/tests/unix_compat.py", "Python", 13, 0, 0, 0, 0, 0, 0, 0, 0, 0, 0, 0, 0, 5, 18
"/home/david/DVHS Robotics/bubonic-corona/venv/lib/python3.12/site-packages/setuptools/_distutils/text_file.py", "Python", 120, 0, 0, 0, 0, 0, 0, 0, 0, 0, 0, 0, 134, 33, 287
"/home/david/DVHS Robotics/bubonic-corona/venv/lib/python3.12/site-packages/setuptools/_distutils/unixccompiler.py", "Python", 4, 0, 0, 0, 0, 0, 0, 0, 0, 0, 0, 0, 2, 4, 10
"/home/david/DVHS Robotics/bubonic-corona/venv/lib/python3.12/site-packages/setuptools/_distutils/util.py", "Python", 149, 0, 0, 0, 0, 0, 0, 0, 0, 0, 0, 0, 323, 35, 507
"/home/david/DVHS Robotics/bubonic-corona/venv/lib/python3.12/site-packages/setuptools/_distutils/version.py", "Python", 119, 0, 0, 0, 0, 0, 0, 0, 0, 0, 0, 0, 184, 46, 349
"/home/david/DVHS Robotics/bubonic-corona/venv/lib/python3.12/site-packages/setuptools/_distutils/versionpredicate.py", "Python", 69, 0, 0, 0, 0, 0, 0, 0, 0, 0, 0, 0, 88, 19, 176
"/home/david/DVHS Robotics/bubonic-corona/venv/lib/python3.12/site-packages/setuptools/_distutils/zosccompiler.py", "Python", 2, 0, 0, 0, 0, 0, 0, 0, 0, 0, 0, 0, 0, 2, 4
"/home/david/DVHS Robotics/bubonic-corona/venv/lib/python3.12/site-packages/setuptools/_entry_points.py", "Python", 43, 0, 0, 0, 0, 0, 0, 0, 0, 0, 0, 0, 38, 14, 95
"/home/david/DVHS Robotics/bubonic-corona/venv/lib/python3.12/site-packages/setuptools/_imp.py", "Python", 68, 0, 0, 0, 0, 0, 0, 0, 0, 0, 0, 0, 5, 15, 88
"/home/david/DVHS Robotics/bubonic-corona/venv/lib/python3.12/site-packages/setuptools/_importlib.py", "Python", 6, 0, 0, 0, 0, 0, 0, 0, 0, 0, 0, 0, 0, 4, 10
"/home/david/DVHS Robotics/bubonic-corona/venv/lib/python3.12/site-packages/setuptools/_itertools.py", "Python", 10, 0, 0, 0, 0, 0, 0, 0, 0, 0, 0, 0, 11, 3, 24
"/home/david/DVHS Robotics/bubonic-corona/venv/lib/python3.12/site-packages/setuptools/_normalization.py", "Python", 63, 0, 0, 0, 0, 0, 0, 0, 0, 0, 0, 0, 92, 26, 181
"/home/david/DVHS Robotics/bubonic-corona/venv/lib/python3.12/site-packages/setuptools/_path.py", "Python", 36, 0, 0, 0, 0, 0, 0, 0, 0, 0, 0, 0, 43, 15, 94
"/home/david/DVHS Robotics/bubonic-corona/venv/lib/python3.12/site-packages/setuptools/_reqs.py", "Python", 19, 0, 0, 0, 0, 0, 0, 0, 0, 0, 0, 0, 13, 11, 43
"/home/david/DVHS Robotics/bubonic-corona/venv/lib/python3.12/site-packages/setuptools/_scripts.py", "Python", 130, 0, 0, 0, 0, 0, 0, 0, 0, 0, 0, 0, 196, 36, 362
"/home/david/DVHS Robotics/bubonic-corona/venv/lib/python3.12/site-packages/setuptools/_shutil.py", "Python", 33, 0, 0, 0, 0, 0, 0, 0, 0, 0, 0, 0, 10, 17, 60
"/home/david/DVHS Robotics/bubonic-corona/venv/lib/python3.12/site-packages/setuptools/_static.py", "Python", 67, 0, 0, 0, 0, 0, 0, 0, 0, 0, 0, 0, 101, 21, 189
"/home/david/DVHS Robotics/bubonic-corona/venv/lib/python3.12/site-packages/setuptools/_vendor/autocommand/__init__.py", "Python", 7, 0, 0, 0, 0, 0, 0, 0, 0, 0, 0, 0, 17, 4, 28
"/home/david/DVHS Robotics/bubonic-corona/venv/lib/python3.12/site-packages/setuptools/_vendor/autocommand/autoasync.py", "Python", 86, 0, 0, 0, 0, 0, 0, 0, 0, 0, 0, 0, 31, 26, 143
"/home/david/DVHS Robotics/bubonic-corona/venv/lib/python3.12/site-packages/setuptools/_vendor/autocommand/autocommand.py", "Python", 33, 0, 0, 0, 0, 0, 0, 0, 0, 0, 0, 0, 28, 10, 71
"/home/david/DVHS Robotics/bubonic-corona/venv/lib/python3.12/site-packages/setuptools/_vendor/autocommand/automain.py", "Python", 29, 0, 0, 0, 0, 0, 0, 0, 0, 0, 0, 0, 18, 13, 60
"/home/david/DVHS Robotics/bubonic-corona/venv/lib/python3.12/site-packages/setuptools/_vendor/autocommand/autoparse.py", "Python", 208, 0, 0, 0, 0, 0, 0, 0, 0, 0, 0, 0, 57, 69, 334
"/home/david/DVHS Robotics/bubonic-corona/venv/lib/python3.12/site-packages/setuptools/_vendor/autocommand/errors.py", "Python", 3, 0, 0, 0, 0, 0, 0, 0, 0, 0, 0, 0, 17, 4, 24
"/home/david/DVHS Robotics/bubonic-corona/venv/lib/python3.12/site-packages/setuptools/_vendor/backports/__init__.py", "Python", 1, 0, 0, 0, 0, 0, 0, 0, 0, 0, 0, 0, 0, 1, 2
"/home/david/DVHS Robotics/bubonic-corona/venv/lib/python3.12/site-packages/setuptools/_vendor/backports/tarfile/__init__.py", "Python", 1681, 0, 0, 0, 0, 0, 0, 0, 0, 0, 0, 0, 955, 302, 2938
"/home/david/DVHS Robotics/bubonic-corona/venv/lib/python3.12/site-packages/setuptools/_vendor/backports/tarfile/__main__.py", "Python", 3, 0, 0, 0, 0, 0, 0, 0, 0, 0, 0, 0, 0, 3, 6
"/home/david/DVHS Robotics/bubonic-corona/venv/lib/python3.12/site-packages/setuptools/_vendor/backports/tarfile/compat/__init__.py", "Python", 0, 0, 0, 0, 0, 0, 0, 0, 0, 0, 0, 0, 0, 1, 1
"/home/david/DVHS Robotics/bubonic-corona/venv/lib/python3.12/site-packages/setuptools/_vendor/backports/tarfile/compat/py38.py", "Python", 17, 0, 0, 0, 0, 0, 0, 0, 0, 0, 0, 0, 1, 7, 25
"/home/david/DVHS Robotics/bubonic-corona/venv/lib/python3.12/site-packages/setuptools/_vendor/importlib_metadata/__init__.py", "Python", 505, 0, 0, 0, 0, 0, 0, 0, 0, 0, 0, 0, 515, 172, 1192
"/home/david/DVHS Robotics/bubonic-corona/venv/lib/python3.12/site-packages/setuptools/_vendor/importlib_metadata/_adapters.py", "Python", 53, 0, 0, 0, 0, 0, 0, 0, 0, 0, 0, 0, 73, 11, 137
"/home/david/DVHS Robotics/bubonic-corona/venv/lib/python3.12/site-packages/setuptools/_vendor/importlib_metadata/_collections.py", "Python", 13, 0, 0, 0, 0, 0, 0, 0, 0, 0, 0, 0, 14, 8, 35
"/home/david/DVHS Robotics/bubonic-corona/venv/lib/python3.12/site-packages/setuptools/_vendor/importlib_metadata/_compat.py", "Python", 21, 0, 0, 0, 0, 0, 0, 0, 0, 0, 0, 0, 23, 13, 57
"/home/david/DVHS Robotics/bubonic-corona/venv/lib/python3.12/site-packages/setuptools/_vendor/importlib_metadata/_functools.py", "Python", 26, 0, 0, 0, 0, 0, 0, 0, 0, 0, 0, 0, 92, 18, 136
"/home/david/DVHS Robotics/bubonic-corona/venv/lib/python3.12/site-packages/setuptools/_vendor/importlib_metadata/_itertools.py", "Python", 67, 0, 0, 0, 0, 0, 0, 0, 0, 0, 0, 0, 87, 18, 172
"/home/david/DVHS Robotics/bubonic-corona/venv/lib/python3.12/site-packages/setuptools/_vendor/importlib_metadata/_meta.py", "Python", 41, 0, 0, 0, 0, 0, 0, 0, 0, 0, 0, 0, 10, 21, 72
"/home/david/DVHS Robotics/bubonic-corona/venv/lib/python3.12/site-packages/setuptools/_vendor/importlib_metadata/_text.py", "Python", 26, 0, 0, 0, 0, 0, 0, 0, 0, 0, 0, 0, 60, 14, 100
"/home/david/DVHS Robotics/bubonic-corona/venv/lib/python3.12/site-packages/setuptools/_vendor/importlib_metadata/_typing.py", "Python", 4, 0, 0, 0, 0, 0, 0, 0, 0, 0, 0, 0, 9, 3, 16
"/home/david/DVHS Robotics/bubonic-corona/venv/lib/python3.12/site-packages/setuptools/_vendor/importlib_metadata/compat/__init__.py", "Python", 0, 0, 0, 0, 0, 0, 0, 0, 0, 0, 0, 0, 0, 1, 1
"/home/david/DVHS Robotics/bubonic-corona/venv/lib/python3.12/site-packages/setuptools/_vendor/importlib_metadata/compat/py311.py", "Python", 9, 0, 0, 0, 0, 0, 0, 0, 0, 0, 0, 0, 7, 7, 23
"/home/david/DVHS Robotics/bubonic-corona/venv/lib/python3.12/site-packages/setuptools/_vendor/importlib_metadata/compat/py39.py", "Python", 21, 0, 0, 0, 0, 0, 0, 0, 0, 0, 0, 0, 11, 11, 43
"/home/david/DVHS Robotics/bubonic-corona/venv/lib/python3.12/site-packages/setuptools/_vendor/importlib_metadata/diagnose.py", "Python", 14, 0, 0, 0, 0, 0, 0, 0, 0, 0, 0, 0, 0, 8, 22
"/home/david/DVHS Robotics/bubonic-corona/venv/lib/python3.12/site-packages/setuptools/_vendor/jaraco/context/__init__.py", "Python", 136, 0, 0, 0, 0, 0, 0, 0, 0, 0, 0, 0, 179, 53, 368
"/home/david/DVHS Robotics/bubonic-corona/venv/lib/python3.12/site-packages/setuptools/_vendor/jaraco/functools/__init__.py", "Python", 302, 0, 0, 0, 0, 0, 0, 0, 0, 0, 0, 0, 352, 69, 723
"/home/david/DVHS Robotics/bubonic-corona/venv/lib/python3.12/site-packages/setuptools/_vendor/jaraco/functools/__init__.pyi", "Python", 111, 0, 0, 0, 0, 0, 0, 0, 0, 0, 0, 0, 1, 12, 124
"/home/david/DVHS Robotics/bubonic-corona/venv/lib/python3.12/site-packages/setuptools/_vendor/jaraco/text/__init__.py", "Python", 255, 0, 0, 0, 0, 0, 0, 0, 0, 0, 0, 0, 319, 74, 648
"/home/david/DVHS Robotics/bubonic-corona/venv/lib/python3.12/site-packages/setuptools/_vendor/jaraco/text/layouts.py", "Python", 8, 0, 0, 0, 0, 0, 0, 0, 0, 0, 0, 0, 11, 7, 26
"/home/david/DVHS Robotics/bubonic-corona/venv/lib/python3.12/site-packages/setuptools/_vendor/jaraco/text/show-newlines.py", "Python", 16, 0, 0, 0, 0, 0, 0, 0, 0, 0, 0, 0, 13, 4, 33
"/home/david/DVHS Robotics/bubonic-corona/venv/lib/python3.12/site-packages/setuptools/_vendor/jaraco/text/strip-prefix.py", "Python", 11, 0, 0, 0, 0, 0, 0, 0, 0, 0, 0, 0, 6, 5, 22
"/home/david/DVHS Robotics/bubonic-corona/venv/lib/python3.12/site-packages/setuptools/_vendor/jaraco/text/to-dvorak.py", "Python", 3, 0, 0, 0, 0, 0, 0, 0, 0, 0, 0, 0, 0, 3, 6
"/home/david/DVHS Robotics/bubonic-corona/venv/lib/python3.12/site-packages/setuptools/_vendor/jaraco/text/to-qwerty.py", "Python", 3, 0, 0, 0, 0, 0, 0, 0, 0, 0, 0, 0, 0, 3, 6
"/home/david/DVHS Robotics/bubonic-corona/venv/lib/python3.12/site-packages/setuptools/_vendor/more_itertools/__init__.py", "Python", 3, 0, 0, 0, 0, 0, 0, 0, 0, 0, 0, 0, 1, 3, 7
"/home/david/DVHS Robotics/bubonic-corona/venv/lib/python3.12/site-packages/setuptools/_vendor/more_itertools/__init__.pyi", "Python", 2, 0, 0, 0, 0, 0, 0, 0, 0, 0, 0, 0, 0, 1, 3
"/home/david/DVHS Robotics/bubonic-corona/venv/lib/python3.12/site-packages/setuptools/_vendor/more_itertools/more.py", "Python", 1997, 0, 0, 0, 0, 0, 0, 0, 0, 0, 0, 0, 2746, 561, 5304
"/home/david/DVHS Robotics/bubonic-corona/venv/lib/python3.12/site-packages/setuptools/_vendor/more_itertools/more.pyi", "Python", 909, 0, 0, 0, 0, 0, 0, 0, 0, 0, 0, 0, 5, 36, 950
"/home/david/DVHS Robotics/bubonic-corona/venv/lib/python3.12/site-packages/setuptools/_vendor/more_itertools/recipes.py", "Python", 520, 0, 0, 0, 0, 0, 0, 0, 0, 0, 0, 0, 765, 187, 1472
"/home/david/DVHS Robotics/bubonic-corona/venv/lib/python3.12/site-packages/setuptools/_vendor/more_itertools/recipes.pyi", "Python", 196, 0, 0, 0, 0, 0, 0, 0, 0, 0, 0, 0, 2, 8, 206
"/home/david/DVHS Robotics/bubonic-corona/venv/lib/python3.12/site-packages/setuptools/_vendor/packaging/__init__.py", "Python", 8, 0, 0, 0, 0, 0, 0, 0, 0, 0, 0, 0, 3, 5, 16
"/home/david/DVHS Robotics/bubonic-corona/venv/lib/python3.12/site-packages/setuptools/_vendor/packaging/_elffile.py", "Python", 72, 0, 0, 0, 0, 0, 0, 0, 0, 0, 0, 0, 17, 20, 109
"/home/david/DVHS Robotics/bubonic-corona/venv/lib/python3.12/site-packages/setuptools/_vendor/packaging/_manylinux.py", "Python", 153, 0, 0, 0, 0, 0, 0, 0, 0, 0, 0, 0, 72, 38, 263
"/home/david/DVHS Robotics/bubonic-corona/venv/lib/python3.12/site-packages/setuptools/_vendor/packaging/_musllinux.py", "Python", 45, 0, 0, 0, 0, 0, 0, 0, 0, 0, 0, 0, 25, 16, 86
"/home/david/DVHS Robotics/bubonic-corona/venv/lib/python3.12/site-packages/setuptools/_vendor/packaging/_parser.py", "Python", 231, 0, 0, 0, 0, 0, 0, 0, 0, 0, 0, 0, 51, 84, 366
"/home/david/DVHS Robotics/bubonic-corona/venv/lib/python3.12/site-packages/setuptools/_vendor/packaging/_structures.py", "Python", 41, 0, 0, 0, 0, 0, 0, 0, 0, 0, 0, 0, 3, 26, 70
"/home/david/DVHS Robotics/bubonic-corona/venv/lib/python3.12/site-packages/setuptools/_vendor/packaging/_tokenizer.py", "Python", 116, 0, 0, 0, 0, 0, 0, 0, 0, 0, 0, 0, 64, 14, 194
"/home/david/DVHS Robotics/bubonic-corona/venv/lib/python3.12/site-packages/setuptools/_vendor/packaging/licenses/__init__.py", "Python", 80, 0, 0, 0, 0, 0, 0, 0, 0, 0, 0, 0, 47, 21, 148
"/home/david/DVHS Robotics/bubonic-corona/venv/lib/python3.12/site-packages/setuptools/_vendor/packaging/licenses/_spdx.py", "Python", 791, 0, 0, 0, 0, 0, 0, 0, 0, 0, 0, 0, 0, 9, 800
"/home/david/DVHS Robotics/bubonic-corona/venv/lib/python3.12/site-packages/setuptools/_vendor/packaging/markers.py", "Python", 209, 0, 0, 0, 0, 0, 0, 0, 0, 0, 0, 0, 113, 67, 389
"/home/david/DVHS Robotics/bubonic-corona/venv/lib/python3.12/site-packages/setuptools/_vendor/packaging/metadata.py", "Python", 571, 0, 0, 0, 0, 0, 0, 0, 0, 0, 0, 0, 298, 110, 979
"/home/david/DVHS Robotics/bubonic-corona/venv/lib/python3.12/site-packages/setuptools/_vendor/packaging/pylock.py", "Python", 511, 0, 0, 0, 0, 0, 0, 0, 0, 0, 0, 0, 37, 88, 636
"/home/david/DVHS Robotics/bubonic-corona/venv/lib/python3.12/site-packages/setuptools/_vendor/packaging/requirements.py", "Python", 51, 0, 0, 0, 0, 0, 0, 0, 0, 0, 0, 0, 16, 20, 87
"/home/david/DVHS Robotics/bubonic-corona/venv/lib/python3.12/site-packages/setuptools/_vendor/packaging/specifiers.py", "Python", 359, 0, 0, 0, 0, 0, 0, 0, 0, 0, 0, 0, 640, 70, 1069
"/home/david/DVHS Robotics/bubonic-corona/venv/lib/python3.12/site-packages/setuptools/_vendor/packaging/tags.py", "Python", 379, 0, 0, 0, 0, 0, 0, 0, 0, 0, 0, 0, 175, 98, 652
"/home/david/DVHS Robotics/bubonic-corona/venv/lib/python3.12/site-packages/setuptools/_vendor/packaging/utils.py", "Python", 88, 0, 0, 0, 0, 0, 0, 0, 0, 0, 0, 0, 40, 31, 159
"/home/david/DVHS Robotics/bubonic-corona/venv/lib/python3.12/site-packages/setuptools/_vendor/packaging/version.py", "Python", 273, 0, 0, 0, 0, 0, 0, 0, 0, 0, 0, 0, 457, 63, 793
"/home/david/DVHS Robotics/bubonic-corona/venv/lib/python3.12/site-packages/setuptools/_vendor/platformdirs/__init__.py", "Python", 373, 0, 0, 0, 0, 0, 0, 0, 0, 0, 0, 0, 179, 80, 632
"/home/david/DVHS Robotics/bubonic-corona/venv/lib/python3.12/site-packages/setuptools/_vendor/platformdirs/__main__.py", "Python", 41, 0, 0, 0, 0, 0, 0, 0, 0, 0, 0, 0, 2, 13, 56
"/home/david/DVHS Robotics/bubonic-corona/venv/lib/python3.12/site-packages/setuptools/_vendor/platformdirs/android.py", "Python", 149, 0, 0, 0, 0, 0, 0, 0, 0, 0, 0, 0, 53, 48, 250
"/home/david/DVHS Robotics/bubonic-corona/venv/lib/python3.12/site-packages/setuptools/_vendor/platformdirs/api.py", "Python", 162, 0, 0, 0, 0, 0, 0, 0, 0, 0, 0, 0, 88, 50, 300
"/home/david/DVHS Robotics/bubonic-corona/venv/lib/python3.12/site-packages/setuptools/_vendor/platformdirs/macos.py", "Python", 77, 0, 0, 0, 0, 0, 0, 0, 0, 0, 0, 0, 43, 27, 147
"/home/david/DVHS Robotics/bubonic-corona/venv/lib/python3.12/site-packages/setuptools/_vendor/platformdirs/unix.py", "Python", 148, 0, 0, 0, 0, 0, 0, 0, 0, 0, 0, 0, 81, 44, 273
"/home/david/DVHS Robotics/bubonic-corona/venv/lib/python3.12/site-packages/setuptools/_vendor/platformdirs/version.py", "Python", 26, 0, 0, 0, 0, 0, 0, 0, 0, 0, 0, 0, 2, 7, 35
"/home/david/DVHS Robotics/bubonic-corona/venv/lib/python3.12/site-packages/setuptools/_vendor/platformdirs/windows.py", "Python", 174, 0, 0, 0, 0, 0, 0, 0, 0, 0, 0, 0, 50, 49, 273
"/home/david/DVHS Robotics/bubonic-corona/venv/lib/python3.12/site-packages/setuptools/_vendor/tomli/__init__.py", "Python", 3, 0, 0, 0, 0, 0, 0, 0, 0, 0, 0, 0, 3, 3, 9
"/home/david/DVHS Robotics/bubonic-corona/venv/lib/python3.12/site-packages/setuptools/_vendor/tomli/_parser.py", "Python", 587, 0, 0, 0, 0, 0, 0, 0, 0, 0, 0, 0, 78, 118, 783
"/home/david/DVHS Robotics/bubonic-corona/venv/lib/python3.12/site-packages/setuptools/_vendor/tomli/_re.py", "Python", 38, 0, 0, 0, 0, 0, 0, 0, 0, 0, 0, 0, 76, 6, 120
"/home/david/DVHS Robotics/bubonic-corona/venv/lib/python3.12/site-packages/setuptools/_vendor/tomli/_types.py", "Python", 4, 0, 0, 0, 0, 0, 0, 0, 0, 0, 0, 0, 4, 3, 11
"/home/david/DVHS Robotics/bubonic-corona/venv/lib/python3.12/site-packages/setuptools/_vendor/wheel/__init__.py", "Python", 2, 0, 0, 0, 0, 0, 0, 0, 0, 0, 0, 0, 0, 2, 4
"/home/david/DVHS Robotics/bubonic-corona/venv/lib/python3.12/site-packages/setuptools/_vendor/wheel/__main__.py", "Python", 12, 0, 0, 0, 0, 0, 0, 0, 0, 0, 0, 0, 4, 10, 26
"/home/david/DVHS Robotics/bubonic-corona/venv/lib/python3.12/site-packages/setuptools/_vendor/wheel/_bdist_wheel.py", "Python", 450, 0, 0, 0, 0, 0, 0, 0, 0, 0, 0, 0, 64, 103, 617
"/home/david/DVHS Robotics/bubonic-corona/venv/lib/python3.12/site-packages/setuptools/_vendor/wheel/_commands/__init__.py", "Python", 114, 0, 0, 0, 0, 0, 0, 0, 0, 0, 0, 0, 3, 37, 154
"/home/david/DVHS Robotics/bubonic-corona/venv/lib/python3.12/site-packages/setuptools/_vendor/wheel/_commands/convert.py", "Python", 210, 0, 0, 0, 0, 0, 0, 0, 0, 0, 0, 0, 118, 10, 338
"/home/david/DVHS Robotics/bubonic-corona/venv/lib/python3.12/site-packages/setuptools/_vendor/wheel/_commands/pack.py", "Python", 50, 0, 0, 0, 0, 0, 0, 0, 0, 0, 0, 0, 19, 16, 85
"/home/david/DVHS Robotics/bubonic-corona/venv/lib/python3.12/site-packages/setuptools/_vendor/wheel/_commands/tags.py", "Python", 98, 0, 0, 0, 0, 0, 0, 0, 0, 0, 0, 0, 16, 27, 141
"/home/david/DVHS Robotics/bubonic-corona/venv/lib/python3.12/site-packages/setuptools/_vendor/wheel/_commands/unpack.py", "Python", 13, 0, 0, 0, 0, 0, 0, 0, 0, 0, 0, 0, 11, 7, 31
"/home/david/DVHS Robotics/bubonic-corona/venv/lib/python3.12/site-packages/setuptools/_vendor/wheel/_metadata.py", "Python", 72, 0, 0, 0, 0, 0, 0, 0, 0, 0, 0, 0, 105, 8, 185
"/home/david/DVHS Robotics/bubonic-corona/venv/lib/python3.12/site-packages/setuptools/_vendor/wheel/_setuptools_logging.py", "Python", 14, 0, 0, 0, 0, 0, 0, 0, 0, 0, 0, 0, 7, 6, 27
"/home/david/DVHS Robotics/bubonic-corona/venv/lib/python3.12/site-packages/setuptools/_vendor/wheel/bdist_wheel.py", "Python", 16, 0, 0, 0, 0, 0, 0, 0, 0, 0, 0, 0, 8, 3, 27
"/home/david/DVHS Robotics/bubonic-corona/venv/lib/python3.12/site-packages/setuptools/_vendor/wheel/macosx_libfile.py", "Python", 256, 0, 0, 0, 0, 0, 0, 0, 0, 0, 0, 0, 169, 62, 487
"/home/david/DVHS Robotics/bubonic-corona/venv/lib/python3.12/site-packages/setuptools/_vendor/wheel/metadata.py", "Python", 15, 0, 0, 0, 0, 0, 0, 0, 0, 0, 0, 0, 0, 3, 18
"/home/david/DVHS Robotics/bubonic-corona/venv/lib/python3.12/site-packages/setuptools/_vendor/wheel/wheelfile.py", "Python", 53, 0, 0, 0, 0, 0, 0, 0, 0, 0, 0, 0, 184, 5, 242
"/home/david/DVHS Robotics/bubonic-corona/venv/lib/python3.12/site-packages/setuptools/_vendor/zipp/__init__.py", "Python", 182, 0, 0, 0, 0, 0, 0, 0, 0, 0, 0, 0, 206, 69, 457
"/home/david/DVHS Robotics/bubonic-corona/venv/lib/python3.12/site-packages/setuptools/_vendor/zipp/_functools.py", "Python", 11, 0, 0, 0, 0, 0, 0, 0, 0, 0, 0, 0, 5, 5, 21
"/home/david/DVHS Robotics/bubonic-corona/venv/lib/python3.12/site-packages/setuptools/_vendor/zipp/compat/__init__.py", "Python", 0, 0, 0, 0, 0, 0, 0, 0, 0, 0, 0, 0, 0, 1, 1
"/home/david/DVHS Robotics/bubonic-corona/venv/lib/python3.12/site-packages/setuptools/_vendor/zipp/compat/overlay.py", "Python", 11, 0, 0, 0, 0, 0, 0, 0, 0, 0, 0, 0, 19, 8, 38
"/home/david/DVHS Robotics/bubonic-corona/venv/lib/python3.12/site-packages/setuptools/_vendor/zipp/compat/py310.py", "Python", 9, 0, 0, 0, 0, 0, 0, 0, 0, 0, 0, 0, 0, 5, 14
"/home/david/DVHS Robotics/bubonic-corona/venv/lib/python3.12/site-packages/setuptools/_vendor/zipp/compat/py313.py", "Python", 16, 0, 0, 0, 0, 0, 0, 0, 0, 0, 0, 0, 9, 10, 35
"/home/david/DVHS Robotics/bubonic-corona/venv/lib/python3.12/site-packages/setuptools/_vendor/zipp/glob.py", "Python", 40, 0, 0, 0, 0, 0, 0, 0, 0, 0, 0, 0, 63, 14, 117
"/home/david/DVHS Robotics/bubonic-corona/venv/lib/python3.12/site-packages/setuptools/archive_util.py", "Python", 127, 0, 0, 0, 0, 0, 0, 0, 0, 0, 0, 0, 53, 40, 220
"/home/david/DVHS Robotics/bubonic-corona/venv/lib/python3.12/site-packages/setuptools/build_meta.py", "Python", 303, 0, 0, 0, 0, 0, 0, 0, 0, 0, 0, 0, 178, 76, 557
"/home/david/DVHS Robotics/bubonic-corona/venv/lib/python3.12/site-packages/setuptools/command/__init__.py", "Python", 9, 0, 0, 0, 0, 0, 0, 0, 0, 0, 0, 0, 8, 5, 22
"/home/david/DVHS Robotics/bubonic-corona/venv/lib/python3.12/site-packages/setuptools/command/_requirestxt.py", "Python", 69, 0, 0, 0, 0, 0, 0, 0, 0, 0, 0, 0, 31, 32, 132
"/home/david/DVHS Robotics/bubonic-corona/venv/lib/python3.12/site-packages/setuptools/command/alias.py", "Python", 59, 0, 0, 0, 0, 0, 0, 0, 0, 0, 0, 0, 2, 17, 78
"/home/david/DVHS Robotics/bubonic-corona/venv/lib/python3.12/site-packages/setuptools/command/bdist_egg.py", "Python", 345, 0, 0, 0, 0, 0, 0, 0, 0, 0, 0, 0, 47, 80, 472
"/home/david/DVHS Robotics/bubonic-corona/venv/lib/python3.12/site-packages/setuptools/command/bdist_rpm.py", "Python", 23, 0, 0, 0, 0, 0, 0, 0, 0, 0, 0, 0, 11, 9, 43
"/home/david/DVHS Robotics/bubonic-corona/venv/lib/python3.12/site-packages/setuptools/command/bdist_wheel.py", "Python", 438, 0, 0, 0, 0, 0, 0, 0, 0, 0, 0, 0, 69, 97, 604
"/home/david/DVHS Robotics/bubonic-corona/venv/lib/python3.12/site-packages/setuptools/command/build.py", "Python", 23, 0, 0, 0, 0, 0, 0, 0, 0, 0, 0, 0, 95, 18, 136
"/home/david/DVHS Robotics/bubonic-corona/venv/lib/python3.12/site-packages/setuptools/command/build_clib.py", "Python", 64, 0, 0, 0, 0, 0, 0, 0, 0, 0, 0, 0, 27, 13, 104
"/home/david/DVHS Robotics/bubonic-corona/venv/lib/python3.12/site-packages/setuptools/command/build_ext.py", "Python", 284, 0, 0, 0, 0, 0, 0, 0, 0, 0, 0, 0, 132, 55, 471
"/home/david/DVHS Robotics/bubonic-corona/venv/lib/python3.12/site-packages/setuptools/command/build_py.py", "Python", 287, 0, 0, 0, 0, 0, 0, 0, 0, 0, 0, 0, 62, 55, 404
"/home/david/DVHS Robotics/bubonic-corona/venv/lib/python3.12/site-packages/setuptools/command/develop.py", "Python", 46, 0, 0, 0, 0, 0, 0, 0, 0, 0, 0, 0, 2, 11, 59
"/home/david/DVHS Robotics/bubonic-corona/venv/lib/python3.12/site-packages/setuptools/command/dist_info.py", "Python", 75, 0, 0, 0, 0, 0, 0, 0, 0, 0, 0, 0, 9, 20, 104
"/home/david/DVHS Robotics/bubonic-corona/venv/lib/python3.12/site-packages/setuptools/command/easy_install.py", "Python", 23, 0, 0, 0, 0, 0, 0, 0, 0, 0, 0, 0, 1, 7, 31
"/home/david/DVHS Robotics/bubonic-corona/venv/lib/python3.12/site-packages/setuptools/command/editable_wheel.py", "Python", 436, 0, 0, 0, 0, 0, 0, 0, 0, 0, 0, 0, 408, 71, 915
"/home/david/DVHS Robotics/bubonic-corona/venv/lib/python3.12/site-packages/setuptools/command/egg_info.py", "Python", 444, 0, 0, 0, 0, 0, 0, 0, 0, 0, 0, 0, 151, 122, 717
"/home/david/DVHS Robotics/bubonic-corona/venv/lib/python3.12/site-packages/setuptools/command/install.py", "Python", 87, 0, 0, 0, 0, 0, 0, 0, 0, 0, 0, 0, 22, 23, 132
"/home/david/DVHS Robotics/bubonic-corona/venv/lib/python3.12/site-packages/setuptools/command/install_egg_info.py", "Python", 39, 0, 0, 0, 0, 0, 0, 0, 0, 0, 0, 0, 5, 14, 58
"/home/david/DVHS Robotics/bubonic-corona/venv/lib/python3.12/site-packages/setuptools/command/install_lib.py", "Python", 81, 0, 0, 0, 0, 0, 0, 0, 0, 0, 0, 0, 28, 29, 138
"/home/david/DVHS Robotics/bubonic-corona/venv/lib/python3.12/site-packages/setuptools/command/install_scripts.py", "Python", 46, 0, 0, 0, 0, 0, 0, 0, 0, 0, 0, 0, 7, 14, 67
"/home/david/DVHS Robotics/bubonic-corona/venv/lib/python3.12/site-packages/setuptools/command/rotate.py", "Python", 51, 0, 0, 0, 0, 0, 0, 0, 0, 0, 0, 0, 1, 13, 65
"/home/david/DVHS Robotics/bubonic-corona/venv/lib/python3.12/site-packages/setuptools/command/saveopts.py", "Python", 13, 0, 0, 0, 0, 0, 0, 0, 0, 0, 0, 0, 1, 8, 22
"/home/david/DVHS Robotics/bubonic-corona/venv/lib/python3.12/site-packages/setuptools/command/sdist.py", "Python", 148, 0, 0, 0, 0, 0, 0, 0, 0, 0, 0, 0, 35, 36, 219
"/home/david/DVHS Robotics/bubonic-corona/venv/lib/python3.12/site-packages/setuptools/command/setopt.py", "Python", 103, 0, 0, 0, 0, 0, 0, 0, 0, 0, 0, 0, 13, 24, 140
"/home/david/DVHS Robotics/bubonic-corona/venv/lib/python3.12/site-packages/setuptools/command/test.py", "Python", 32, 0, 0, 0, 0, 0, 0, 0, 0, 0, 0, 0, 4, 12, 48
"/home/david/DVHS Robotics/bubonic-corona/venv/lib/python3.12/site-packages/setuptools/compat/__init__.py", "Python", 0, 0, 0, 0, 0, 0, 0, 0, 0, 0, 0, 0, 0, 1, 1
"/home/david/DVHS Robotics/bubonic-corona/venv/lib/python3.12/site-packages/setuptools/compat/py310.py", "Python", 12, 0, 0, 0, 0, 0, 0, 0, 0, 0, 0, 0, 0, 9, 21
"/home/david/DVHS Robotics/bubonic-corona/venv/lib/python3.12/site-packages/setuptools/compat/py311.py", "Python", 19, 0, 0, 0, 0, 0, 0, 0, 0, 0, 0, 0, 1, 8, 28
"/home/david/DVHS Robotics/bubonic-corona/venv/lib/python3.12/site-packages/setuptools/compat/py312.py", "Python", 7, 0, 0, 0, 0, 0, 0, 0, 0, 0, 0, 0, 3, 4, 14
"/home/david/DVHS Robotics/bubonic-corona/venv/lib/python3.12/site-packages/setuptools/compat/py39.py", "Python", 2, 0, 0, 0, 0, 0, 0, 0, 0, 0, 0, 0, 6, 2, 10
"/home/david/DVHS Robotics/bubonic-corona/venv/lib/python3.12/site-packages/setuptools/config/__init__.py", "Python", 21, 0, 0, 0, 0, 0, 0, 0, 0, 0, 0, 0, 15, 8, 44
"/home/david/DVHS Robotics/bubonic-corona/venv/lib/python3.12/site-packages/setuptools/config/_apply_pyprojecttoml.py", "Python", 292, 0, 0, 0, 0, 0, 0, 0, 0, 0, 0, 0, 139, 104, 535
"/home/david/DVHS Robotics/bubonic-corona/venv/lib/python3.12/site-packages/setuptools/config/_validate_pyproject/__init__.py", "Python", 25, 0, 0, 0, 0, 0, 0, 0, 0, 0, 0, 0, 3, 7, 35
"/home/david/DVHS Robotics/bubonic-corona/venv/lib/python3.12/site-packages/setuptools/config/_validate_pyproject/error_reporting.py", "Python", 258, 0, 0, 0, 0, 0, 0, 0, 0, 0, 0, 0, 26, 55, 339
"/home/david/DVHS Robotics/bubonic-corona/venv/lib/python3.12/site-packages/setuptools/config/_validate_pyproject/extra_validations.py", "Python", 119, 0, 0, 0, 0, 0, 0, 0, 0, 0, 0, 0, 5, 28, 152
"/home/david/DVHS Robotics/bubonic-corona/venv/lib/python3.12/site-packages/setuptools/config/_validate_pyproject/fastjsonschema_exceptions.py", "Python", 20, 0, 0, 0, 0, 0, 0, 0, 0, 0, 0, 0, 20, 12, 52
"/home/david/DVHS Robotics/bubonic-corona/venv/lib/python3.12/site-packages/setuptools/config/_validate_pyproject/fastjsonschema_validations.py", "Python", 1423, 0, 0, 0, 0, 0, 0, 0, 0, 0, 0, 0, 8, 23, 1454
"/home/david/DVHS Robotics/bubonic-corona/venv/lib/python3.12/site-packages/setuptools/config/_validate_pyproject/formats.py", "Python", 155, 0, 0, 0, 0, 0, 0, 0, 0, 0, 0, 0, 272, 38, 465
"/home/david/DVHS Robotics/bubonic-corona/venv/lib/python3.12/site-packages/setuptools/config/distutils.schema.json", "JSON", 0, 0, 0, 0, 0, 0, 0, 0, 0, 0, 0, 24, 0, 3, 27
"/home/david/DVHS Robotics/bubonic-corona/venv/lib/python3.12/site-packages/setuptools/config/expand.py", "Python", 248, 0, 0, 0, 0, 0, 0, 0, 0, 0, 0, 0, 127, 78, 453
"/home/david/DVHS Robotics/bubonic-corona/venv/lib/python3.12/site-packages/setuptools/config/pyprojecttoml.py", "Python", 326, 0, 0, 0, 0, 0, 0, 0, 0, 0, 0, 0, 74, 78, 478
"/home/david/DVHS Robotics/bubonic-corona/venv/lib/python3.12/site-packages/setuptools/config/setupcfg.py", "Python", 426, 0, 0, 0, 0, 0, 0, 0, 0, 0, 0, 0, 235, 122, 783
"/home/david/DVHS Robotics/bubonic-corona/venv/lib/python3.12/site-packages/setuptools/config/setuptools.schema.json", "JSON", 0, 0, 0, 0, 0, 0, 0, 0, 0, 0, 0, 430, 0, 4, 434
"/home/david/DVHS Robotics/bubonic-corona/venv/lib/python3.12/site-packages/setuptools/depends.py", "Python", 113, 0, 0, 0, 0, 0, 0, 0, 0, 0, 0, 0, 35, 38, 186
"/home/david/DVHS Robotics/bubonic-corona/venv/lib/python3.12/site-packages/setuptools/discovery.py", "Python", 336, 0, 0, 0, 0, 0, 0, 0, 0, 0, 0, 0, 196, 83, 615
"/home/david/DVHS Robotics/bubonic-corona/venv/lib/python3.12/site-packages/setuptools/dist.py", "Python", 567, 0, 0, 0, 0, 0, 0, 0, 0, 0, 0, 0, 446, 112, 1125
"/home/david/DVHS Robotics/bubonic-corona/venv/lib/python3.12/site-packages/setuptools/errors.py", "Python", 23, 0, 0, 0, 0, 0, 0, 0, 0, 0, 0, 0, 31, 14, 68
"/home/david/DVHS Robotics/bubonic-corona/venv/lib/python3.12/site-packages/setuptools/extension.py", "Python", 50, 0, 0, 0, 0, 0, 0, 0, 0, 0, 0, 0, 114, 16, 180
"/home/david/DVHS Robotics/bubonic-corona/venv/lib/python3.12/site-packages/setuptools/glob.py", "Python", 109, 0, 0, 0, 0, 0, 0, 0, 0, 0, 0, 0, 44, 33, 186
"/home/david/DVHS Robotics/bubonic-corona/venv/lib/python3.12/site-packages/setuptools/installer.py", "Python", 111, 0, 0, 0, 0, 0, 0, 0, 0, 0, 0, 0, 19, 26, 156
"/home/david/DVHS Robotics/bubonic-corona/venv/lib/python3.12/site-packages/setuptools/launch.py", "Python", 19, 0, 0, 0, 0, 0, 0, 0, 0, 0, 0, 0, 10, 8, 37
"/home/david/DVHS Robotics/bubonic-corona/venv/lib/python3.12/site-packages/setuptools/launcher manifest.xml", "XML", 0, 0, 0, 0, 0, 0, 0, 0, 0, 0, 14, 0, 1, 1, 16
"/home/david/DVHS Robotics/bubonic-corona/venv/lib/python3.12/site-packages/setuptools/logging.py", "Python", 22, 0, 0, 0, 0, 0, 0, 0, 0, 0, 0, 0, 10, 9, 41
"/home/david/DVHS Robotics/bubonic-corona/venv/lib/python3.12/site-packages/setuptools/modified.py", "Python", 15, 0, 0, 0, 0, 0, 0, 0, 0, 0, 0, 0, 2, 2, 19
"/home/david/DVHS Robotics/bubonic-corona/venv/lib/python3.12/site-packages/setuptools/monkey.py", "Python", 66, 0, 0, 0, 0, 0, 0, 0, 0, 0, 0, 0, 33, 28, 127
"/home/david/DVHS Robotics/bubonic-corona/venv/lib/python3.12/site-packages/setuptools/msvc.py", "Python", 446, 0, 0, 0, 0, 0, 0, 0, 0, 0, 0, 0, 1015, 97, 1558
"/home/david/DVHS Robotics/bubonic-corona/venv/lib/python3.12/site-packages/setuptools/namespaces.py", "Python", 71, 0, 0, 0, 0, 0, 0, 0, 0, 0, 0, 0, 11, 20, 102
"/home/david/DVHS Robotics/bubonic-corona/venv/lib/python3.12/site-packages/setuptools/tests/__init__.py", "Python", 10, 0, 0, 0, 0, 0, 0, 0, 0, 0, 0, 0, 0, 4, 14
"/home/david/DVHS Robotics/bubonic-corona/venv/lib/python3.12/site-packages/setuptools/tests/compat/__init__.py", "Python", 0, 0, 0, 0, 0, 0, 0, 0, 0, 0, 0, 0, 0, 1, 1
"/home/david/DVHS Robotics/bubonic-corona/venv/lib/python3.12/site-packages/setuptools/tests/compat/py39.py", "Python", 2, 0, 0, 0, 0, 0, 0, 0, 0, 0, 0, 0, 0, 2, 4
"/home/david/DVHS Robotics/bubonic-corona/venv/lib/python3.12/site-packages/setuptools/tests/config/__init__.py", "Python", 0, 0, 0, 0, 0, 0, 0, 0, 0, 0, 0, 0, 0, 1, 1
"/home/david/DVHS Robotics/bubonic-corona/venv/lib/python3.12/site-packages/setuptools/tests/config/downloads/__init__.py", "Python", 37, 0, 0, 0, 0, 0, 0, 0, 0, 0, 0, 0, 6, 17, 60
"/home/david/DVHS Robotics/bubonic-corona/venv/lib/python3.12/site-packages/setuptools/tests/config/downloads/preload.py", "Python", 6, 0, 0, 0, 0, 0, 0, 0, 0, 0, 0, 0, 9, 4, 19
"/home/david/DVHS Robotics/bubonic-corona/venv/lib/python3.12/site-packages/setuptools/tests/config/test_apply_pyprojecttoml.py", "Python", 565, 0, 0, 0, 0, 0, 0, 0, 0, 0, 0, 0, 133, 97, 795
"/home/david/DVHS Robotics/bubonic-corona/venv/lib/python3.12/site-packages/setuptools/tests/config/test_expand.py", "Python", 197, 0, 0, 0, 0, 0, 0, 0, 0, 0, 0, 0, 16, 35, 248
"/home/david/DVHS Robotics/bubonic-corona/venv/lib/python3.12/site-packages/setuptools/tests/config/test_pyprojecttoml.py", "Python", 276, 0, 0, 0, 0, 0, 0, 0, 0, 0, 0, 0, 100, 46, 422
"/home/david/DVHS Robotics/bubonic-corona/venv/lib/python3.12/site-packages/setuptools/tests/config/test_pyprojecttoml_dynamic_deps.py", "Python", 47, 0, 0, 0, 0, 0, 0, 0, 0, 0, 0, 0, 49, 16, 112
"/home/david/DVHS Robotics/bubonic-corona/venv/lib/python3.12/site-packages/setuptools/tests/config/test_setupcfg.py", "Python", 793, 0, 0, 0, 0, 0, 0, 0, 0, 0, 0, 0, 61, 134, 988
"/home/david/DVHS Robotics/bubonic-corona/venv/lib/python3.12/site-packages/setuptools/tests/contexts.py", "Python", 87, 0, 0, 0, 0, 0, 0, 0, 0, 0, 0, 0, 18, 27, 132
"/home/david/DVHS Robotics/bubonic-corona/venv/lib/python3.12/site-packages/setuptools/tests/environment.py", "Python", 57, 0, 0, 0, 0, 0, 0, 0, 0, 0, 0, 0, 22, 17, 96
"/home/david/DVHS Robotics/bubonic-corona/venv/lib/python3.12/site-packages/setuptools/tests/fixtures.py", "Python", 166, 0, 0, 0, 0, 0, 0, 0, 0, 0, 0, 0, 199, 42, 407
"/home/david/DVHS Robotics/bubonic-corona/venv/lib/python3.12/site-packages/setuptools/tests/indexes/test_links_priority/external.html", "HTML", 0, 0, 0, 0, 0, 0, 3, 0, 0, 0, 0, 0, 0, 1, 4
"/home/david/DVHS Robotics/bubonic-corona/venv/lib/python3.12/site-packages/setuptools/tests/indexes/test_links_priority/simple/foobar/index.html", "HTML", 0, 0, 0, 0, 0, 0, 4, 0, 0, 0, 0, 0, 0, 1, 5
"/home/david/DVHS Robotics/bubonic-corona/venv/lib/python3.12/site-packages/setuptools/tests/integration/__init__.py", "Python", 0, 0, 0, 0, 0, 0, 0, 0, 0, 0, 0, 0, 0, 1, 1
"/home/david/DVHS Robotics/bubonic-corona/venv/lib/python3.12/site-packages/setuptools/tests/integration/helpers.py", "Python", 54, 0, 0, 0, 0, 0, 0, 0, 0, 0, 0, 0, 10, 17, 81
"/home/david/DVHS Robotics/bubonic-corona/venv/lib/python3.12/site-packages/setuptools/tests/integration/test_pbr.py", "Python", 16, 0, 0, 0, 0, 0, 0, 0, 0, 0, 0, 0, 1, 4, 21
"/home/david/DVHS Robotics/bubonic-corona/venv/lib/python3.12/site-packages/setuptools/tests/integration/test_pip_install_sdist.py", "Python", 116, 0, 0, 0, 0, 0, 0, 0, 0, 0, 0, 0, 60, 48, 224
"/home/david/DVHS Robotics/bubonic-corona/venv/lib/python3.12/site-packages/setuptools/tests/mod_with_constant.py", "Python", 1, 0, 0, 0, 0, 0, 0, 0, 0, 0, 0, 0, 0, 1, 2
"/home/david/DVHS Robotics/bubonic-corona/venv/lib/python3.12/site-packages/setuptools/tests/namespaces.py", "Python", 55, 0, 0, 0, 0, 0, 0, 0, 0, 0, 0, 0, 23, 13, 91
"/home/david/DVHS Robotics/bubonic-corona/venv/lib/python3.12/site-packages/setuptools/tests/script-with-bom.py", "Python", 1, 0, 0, 0, 0, 0, 0, 0, 0, 0, 0, 0, 0, 1, 2
"/home/david/DVHS Robotics/bubonic-corona/venv/lib/python3.12/site-packages/setuptools/tests/test_archive_util.py", "Python", 21, 0, 0, 0, 0, 0, 0, 0, 0, 0, 0, 0, 4, 12, 37
"/home/david/DVHS Robotics/bubonic-corona/venv/lib/python3.12/site-packages/setuptools/tests/test_bdist_deprecations.py", "Python", 21, 0, 0, 0, 0, 0, 0, 0, 0, 0, 0, 0, 1, 7, 29
"/home/david/DVHS Robotics/bubonic-corona/venv/lib/python3.12/site-packages/setuptools/tests/test_bdist_egg.py", "Python", 60, 0, 0, 0, 0, 0, 0, 0, 0, 0, 0, 0, 2, 12, 74
"/home/david/DVHS Robotics/bubonic-corona/venv/lib/python3.12/site-packages/setuptools/tests/test_bdist_wheel.py", "Python", 388, 0, 0, 0, 0, 0, 0, 0, 0, 0, 0, 0, 239, 82, 709
"/home/david/DVHS Robotics/bubonic-corona/venv/lib/python3.12/site-packages/setuptools/tests/test_build.py", "Python", 20, 0, 0, 0, 0, 0, 0, 0, 0, 0, 0, 0, 5, 9, 34
"/home/david/DVHS Robotics/bubonic-corona/venv/lib/python3.12/site-packages/setuptools/tests/test_build_clib.py", "Python", 56, 0, 0, 0, 0, 0, 0, 0, 0, 0, 0, 0, 7, 22, 85
"/home/david/DVHS Robotics/bubonic-corona/venv/lib/python3.12/site-packages/setuptools/tests/test_build_ext.py", "Python", 172, 0, 0, 0, 0, 0, 0, 0, 0, 0, 0, 0, 87, 35, 294
"/home/david/DVHS Robotics/bubonic-corona/venv/lib/python3.12/site-packages/setuptools/tests/test_build_meta.py", "Python", 528, 0, 0, 0, 0, 0, 0, 0, 0, 0, 0, 0, 317, 115, 960
"/home/david/DVHS Robotics/bubonic-corona/venv/lib/python3.12/site-packages/setuptools/tests/test_build_py.py", "Python", 311, 0, 0, 0, 0, 0, 0, 0, 0, 0, 0, 0, 116, 54, 481
"/home/david/DVHS Robotics/bubonic-corona/venv/lib/python3.12/site-packages/setuptools/tests/test_config_discovery.py", "Python", 468, 0, 0, 0, 0, 0, 0, 0, 0, 0, 0, 0, 93, 87, 648
"/home/david/DVHS Robotics/bubonic-corona/venv/lib/python3.12/site-packages/setuptools/tests/test_core_metadata.py", "Python", 370, 0, 0, 0, 0, 0, 0, 0, 0, 0, 0, 0, 146, 35, 551
"/home/david/DVHS Robotics/bubonic-corona/venv/lib/python3.12/site-packages/setuptools/tests/test_depends.py", "Python", 8, 0, 0, 0, 0, 0, 0, 0, 0, 0, 0, 0, 4, 4, 16
"/home/david/DVHS Robotics/bubonic-corona/venv/lib/python3.12/site-packages/setuptools/tests/test_develop.py", "Python", 90, 0, 0, 0, 0, 0, 0, 0, 0, 0, 0, 0, 9, 15, 114
"/home/david/DVHS Robotics/bubonic-corona/venv/lib/python3.12/site-packages/setuptools/tests/test_dist.py", "Python", 218, 0, 0, 0, 0, 0, 0, 0, 0, 0, 0, 0, 29, 34, 281
"/home/david/DVHS Robotics/bubonic-corona/venv/lib/python3.12/site-packages/setuptools/tests/test_dist_info.py", "Python", 97, 0, 0, 0, 0, 0, 0, 0, 0, 0, 0, 0, 26, 25, 148
"/home/david/DVHS Robotics/bubonic-corona/venv/lib/python3.12/site-packages/setuptools/tests/test_distutils_adoption.py", "Python", 67, 0, 0, 0, 0, 0, 0, 0, 0, 0, 0, 0, 104, 28, 199
"/home/david/DVHS Robotics/bubonic-corona/venv/lib/python3.12/site-packages/setuptools/tests/test_editable_install.py", "Python", 865, 0, 0, 0, 0, 0, 0, 0, 0, 0, 0, 0, 217, 180, 1262
"/home/david/DVHS Robotics/bubonic-corona/venv/lib/python3.12/site-packages/setuptools/tests/test_egg_info.py", "Python", 838, 0, 0, 0, 0, 0, 0, 0, 0, 0, 0, 0, 381, 88, 1307
"/home/david/DVHS Robotics/bubonic-corona/venv/lib/python3.12/site-packages/setuptools/tests/test_extern.py", "Python", 9, 0, 0, 0, 0, 0, 0, 0, 0, 0, 0, 0, 0, 7, 16
"/home/david/DVHS Robotics/bubonic-corona/venv/lib/python3.12/site-packages/setuptools/tests/test_find_packages.py", "Python", 155, 0, 0, 0, 0, 0, 0, 0, 0, 0, 0, 0, 35, 29, 219
"/home/david/DVHS Robotics/bubonic-corona/venv/lib/python3.12/site-packages/setuptools/tests/test_find_py_modules.py", "Python", 57, 0, 0, 0, 0, 0, 0, 0, 0, 0, 0, 0, 3, 14, 74
"/home/david/DVHS Robotics/bubonic-corona/venv/lib/python3.12/site-packages/setuptools/tests/test_glob.py", "Python", 24, 0, 0, 0, 0, 0, 0, 0, 0, 0, 0, 0, 18, 4, 46
"/home/david/DVHS Robotics/bubonic-corona/venv/lib/python3.12/site-packages/setuptools/tests/test_install_scripts.py", "Python", 59, 0, 0, 0, 0, 0, 0, 0, 0, 0, 0, 0, 19, 12, 90
"/home/david/DVHS Robotics/bubonic-corona/venv/lib/python3.12/site-packages/setuptools/tests/test_logging.py", "Python", 54, 0, 0, 0, 0, 0, 0, 0, 0, 0, 0, 0, 3, 20, 77
"/home/david/DVHS Robotics/bubonic-corona/venv/lib/python3.12/site-packages/setuptools/tests/test_manifest.py", "Python", 208, 0, 0, 0, 0, 0, 0, 0, 0, 0, 0, 0, 403, 12, 623
"/home/david/DVHS Robotics/bubonic-corona/venv/lib/python3.12/site-packages/setuptools/tests/test_namespaces.py", "Python", 60, 0, 0, 0, 0, 0, 0, 0, 0, 0, 0, 0, 13, 7, 80
"/home/david/DVHS Robotics/bubonic-corona/venv/lib/python3.12/site-packages/setuptools/tests/test_scripts.py", "Python", 9, 0, 0, 0, 0, 0, 0, 0, 0, 0, 0, 0, 1, 3, 13
"/home/david/DVHS Robotics/bubonic-corona/venv/lib/python3.12/site-packages/setuptools/tests/test_sdist.py", "Python", 141, 0, 0, 0, 0, 0, 0, 0, 0, 0, 0, 0, 830, 10, 981
"/home/david/DVHS Robotics/bubonic-corona/venv/lib/python3.12/site-packages/setuptools/tests/test_setopt.py", "Python", 27, 0, 0, 0, 0, 0, 0, 0, 0, 0, 0, 0, 7, 7, 41
"/home/david/DVHS Robotics/bubonic-corona/venv/lib/python3.12/site-packages/setuptools/tests/test_setuptools.py", "Python", 207, 0, 0, 0, 0, 0, 0, 0, 0, 0, 0, 0, 18, 70, 295
"/home/david/DVHS Robotics/bubonic-corona/venv/lib/python3.12/site-packages/setuptools/tests/test_shutil_wrapper.py", "Python", 16, 0, 0, 0, 0, 0, 0, 0, 0, 0, 0, 0, 1, 7, 24
"/home/david/DVHS Robotics/bubonic-corona/venv/lib/python3.12/site-packages/setuptools/tests/test_unicode_utils.py", "Python", 4, 0, 0, 0, 0, 0, 0, 0, 0, 0, 0, 0, 4, 3, 11
"/home/david/DVHS Robotics/bubonic-corona/venv/lib/python3.12/site-packages/setuptools/tests/test_virtualenv.py", "Python", 78, 0, 0, 0, 0, 0, 0, 0, 0, 0, 0, 0, 22, 14, 114
"/home/david/DVHS Robotics/bubonic-corona/venv/lib/python3.12/site-packages/setuptools/tests/test_warnings.py", "Python", 91, 0, 0, 0, 0, 0, 0, 0, 0, 0, 0, 0, 3, 13, 107
"/home/david/DVHS Robotics/bubonic-corona/venv/lib/python3.12/site-packages/setuptools/tests/test_wheel.py", "Python", 303, 0, 0, 0, 0, 0, 0, 0, 0, 0, 0, 0, 359, 29, 691
"/home/david/DVHS Robotics/bubonic-corona/venv/lib/python3.12/site-packages/setuptools/tests/test_windows_wrappers.py", "Python", 111, 0, 0, 0, 0, 0, 0, 0, 0, 0, 0, 0, 131, 17, 259
"/home/david/DVHS Robotics/bubonic-corona/venv/lib/python3.12/site-packages/setuptools/tests/text.py", "Python", 4, 0, 0, 0, 0, 0, 0, 0, 0, 0, 0, 0, 0, 1, 5
"/home/david/DVHS Robotics/bubonic-corona/venv/lib/python3.12/site-packages/setuptools/tests/textwrap.py", "Python", 4, 0, 0, 0, 0, 0, 0, 0, 0, 0, 0, 0, 0, 3, 7
"/home/david/DVHS Robotics/bubonic-corona/venv/lib/python3.12/site-packages/setuptools/unicode_utils.py", "Python", 64, 0, 0, 0, 0, 0, 0, 0, 0, 0, 0, 0, 20, 19, 103
"/home/david/DVHS Robotics/bubonic-corona/venv/lib/python3.12/site-packages/setuptools/version.py", "Python", 5, 0, 0, 0, 0, 0, 0, 0, 0, 0, 0, 0, 0, 2, 7
"/home/david/DVHS Robotics/bubonic-corona/venv/lib/python3.12/site-packages/setuptools/warnings.py", "Python", 72, 0, 0, 0, 0, 0, 0, 0, 0, 0, 0, 0, 23, 16, 111
"/home/david/DVHS Robotics/bubonic-corona/venv/lib/python3.12/site-packages/setuptools/wheel.py", "Python", 214, 0, 0, 0, 0, 0, 0, 0, 0, 0, 0, 0, 19, 30, 263
"/home/david/DVHS Robotics/bubonic-corona/venv/lib/python3.12/site-packages/setuptools/windows_support.py", "Python", 16, 0, 0, 0, 0, 0, 0, 0, 0, 0, 0, 0, 7, 8, 31
"/home/david/DVHS Robotics/bubonic-corona/venv/lib64/python3.12/site-packages/PyInstaller/__init__.py", "Python", 14, 0, 0, 0, 0, 0, 0, 0, 0, 0, 0, 0, 21, 10, 45
"/home/david/DVHS Robotics/bubonic-corona/venv/lib64/python3.12/site-packages/PyInstaller/__main__.py", "Python", 195, 0, 0, 0, 0, 0, 0, 0, 0, 0, 0, 0, 70, 57, 322
"/home/david/DVHS Robotics/bubonic-corona/venv/lib64/python3.12/site-packages/PyInstaller/_recursion_too_deep_message.py", "Python", 32, 0, 0, 0, 0, 0, 0, 0, 0, 0, 0, 0, 10, 4, 46
"/home/david/DVHS Robotics/bubonic-corona/venv/lib64/python3.12/site-packages/PyInstaller/_shared_with_waf.py", "Python", 37, 0, 0, 0, 0, 0, 0, 0, 0, 0, 0, 0, 52, 10, 99
"/home/david/DVHS Robotics/bubonic-corona/venv/lib64/python3.12/site-packages/PyInstaller/archive/__init__.py", "Python", 1, 0, 0, 0, 0, 0, 0, 0, 0, 0, 0, 0, 0, 1, 2
"/home/david/DVHS Robotics/bubonic-corona/venv/lib64/python3.12/site-packages/PyInstaller/archive/pyz_crypto.py", "Python", 4, 0, 0, 0, 0, 0, 0, 0, 0, 0, 0, 0, 10, 3, 17
"/home/david/DVHS Robotics/bubonic-corona/venv/lib64/python3.12/site-packages/PyInstaller/archive/readers.py", "Python", 121, 0, 0, 0, 0, 0, 0, 0, 0, 0, 0, 0, 75, 43, 239
"/home/david/DVHS Robotics/bubonic-corona/venv/lib64/python3.12/site-packages/PyInstaller/archive/writers.py", "Python", 230, 0, 0, 0, 0, 0, 0, 0, 0, 0, 0, 0, 168, 61, 459
"/home/david/DVHS Robotics/bubonic-corona/venv/lib64/python3.12/site-packages/PyInstaller/building/__init__.py", "Python", 0, 0, 0, 0, 0, 0, 0, 0, 0, 0, 0, 0, 1, 1, 2
"/home/david/DVHS Robotics/bubonic-corona/venv/lib64/python3.12/site-packages/PyInstaller/building/api.py", "Python", 792, 0, 0, 0, 0, 0, 0, 0, 0, 0, 0, 0, 406, 140, 1338
"/home/david/DVHS Robotics/bubonic-corona/venv/lib64/python3.12/site-packages/PyInstaller/building/build_main.py", "Python", 720, 0, 0, 0, 0, 0, 0, 0, 0, 0, 0, 0, 380, 176, 1276
"/home/david/DVHS Robotics/bubonic-corona/venv/lib64/python3.12/site-packages/PyInstaller/building/datastruct.py", "Python", 264, 0, 0, 0, 0, 0, 0, 0, 0, 0, 0, 0, 124, 72, 460
"/home/david/DVHS Robotics/bubonic-corona/venv/lib64/python3.12/site-packages/PyInstaller/building/icon.py", "Python", 45, 0, 0, 0, 0, 0, 0, 0, 0, 0, 0, 0, 32, 14, 91
"/home/david/DVHS Robotics/bubonic-corona/venv/lib64/python3.12/site-packages/PyInstaller/building/makespec.py", "Python", 732, 0, 0, 0, 0, 0, 0, 0, 0, 0, 0, 0, 102, 76, 910
"/home/david/DVHS Robotics/bubonic-corona/venv/lib64/python3.12/site-packages/PyInstaller/building/osx.py", "Python", 356, 0, 0, 0, 0, 0, 0, 0, 0, 0, 0, 0, 330, 90, 776
"/home/david/DVHS Robotics/bubonic-corona/venv/lib64/python3.12/site-packages/PyInstaller/building/splash.py", "Python", 270, 0, 0, 0, 0, 0, 0, 0, 0, 0, 0, 0, 159, 58, 487
"/home/david/DVHS Robotics/bubonic-corona/venv/lib64/python3.12/site-packages/PyInstaller/building/splash_templates.py", "Python", 83, 0, 0, 0, 0, 0, 0, 0, 0, 0, 0, 0, 132, 15, 230
"/home/david/DVHS Robotics/bubonic-corona/venv/lib64/python3.12/site-packages/PyInstaller/building/templates.py", "Python", 108, 0, 0, 0, 0, 0, 0, 0, 0, 0, 0, 0, 13, 6, 127
"/home/david/DVHS Robotics/bubonic-corona/venv/lib64/python3.12/site-packages/PyInstaller/building/utils.py", "Python", 455, 0, 0, 0, 0, 0, 0, 0, 0, 0, 0, 0, 287, 112, 854
"/home/david/DVHS Robotics/bubonic-corona/venv/lib64/python3.12/site-packages/PyInstaller/compat.py", "Python", 361, 0, 0, 0, 0, 0, 0, 0, 0, 0, 0, 0, 274, 96, 731
"/home/david/DVHS Robotics/bubonic-corona/venv/lib64/python3.12/site-packages/PyInstaller/config.py", "Python", 3, 0, 0, 0, 0, 0, 0, 0, 0, 0, 0, 0, 51, 3, 57
"/home/david/DVHS Robotics/bubonic-corona/venv/lib64/python3.12/site-packages/PyInstaller/configure.py", "Python", 69, 0, 0, 0, 0, 0, 0, 0, 0, 0, 0, 0, 22, 17, 108
"/home/david/DVHS Robotics/bubonic-corona/venv/lib64/python3.12/site-packages/PyInstaller/depend/__init__.py", "Python", 0, 0, 0, 0, 0, 0, 0, 0, 0, 0, 0, 0, 1, 1, 2
"/home/david/DVHS Robotics/bubonic-corona/venv/lib64/python3.12/site-packages/PyInstaller/depend/analysis.py", "Python", 478, 0, 0, 0, 0, 0, 0, 0, 0, 0, 0, 0, 443, 105, 1026
"/home/david/DVHS Robotics/bubonic-corona/venv/lib64/python3.12/site-packages/PyInstaller/depend/bindepend.py", "Python", 568, 0, 0, 0, 0, 0, 0, 0, 0, 0, 0, 0, 405, 174, 1147
"/home/david/DVHS Robotics/bubonic-corona/venv/lib64/python3.12/site-packages/PyInstaller/depend/bytecode.py", "Python", 126, 0, 0, 0, 0, 0, 0, 0, 0, 0, 0, 0, 209, 32, 367
"/home/david/DVHS Robotics/bubonic-corona/venv/lib64/python3.12/site-packages/PyInstaller/depend/dylib.py", "Python", 231, 0, 0, 0, 0, 0, 0, 0, 0, 0, 0, 0, 112, 49, 392
"/home/david/DVHS Robotics/bubonic-corona/venv/lib64/python3.12/site-packages/PyInstaller/depend/imphook.py", "Python", 178, 0, 0, 0, 0, 0, 0, 0, 0, 0, 0, 0, 329, 76, 583
"/home/david/DVHS Robotics/bubonic-corona/venv/lib64/python3.12/site-packages/PyInstaller/depend/imphookapi.py", "Python", 105, 0, 0, 0, 0, 0, 0, 0, 0, 0, 0, 0, 340, 42, 487
"/home/david/DVHS Robotics/bubonic-corona/venv/lib64/python3.12/site-packages/PyInstaller/depend/utils.py", "Python", 90, 0, 0, 0, 0, 0, 0, 0, 0, 0, 0, 0, 235, 20, 345
"/home/david/DVHS Robotics/bubonic-corona/venv/lib64/python3.12/site-packages/PyInstaller/exceptions.py", "Python", 39, 0, 0, 0, 0, 0, 0, 0, 0, 0, 0, 0, 13, 19, 71
"/home/david/DVHS Robotics/bubonic-corona/venv/lib64/python3.12/site-packages/PyInstaller/fake-modules/_pyi_rth_utils/__init__.py", "Python", 12, 0, 0, 0, 0, 0, 0, 0, 0, 0, 0, 0, 20, 5, 37
"/home/david/DVHS Robotics/bubonic-corona/venv/lib64/python3.12/site-packages/PyInstaller/fake-modules/_pyi_rth_utils/_win32.py", "Python", 205, 0, 0, 0, 0, 0, 0, 0, 0, 0, 0, 0, 64, 65, 334
"/home/david/DVHS Robotics/bubonic-corona/venv/lib64/python3.12/site-packages/PyInstaller/fake-modules/_pyi_rth_utils/qt.py", "Python", 67, 0, 0, 0, 0, 0, 0, 0, 0, 0, 0, 0, 34, 18, 119
"/home/david/DVHS Robotics/bubonic-corona/venv/lib64/python3.12/site-packages/PyInstaller/fake-modules/_pyi_rth_utils/tempfile.py", "Python", 28, 0, 0, 0, 0, 0, 0, 0, 0, 0, 0, 0, 19, 10, 57
"/home/david/DVHS Robotics/bubonic-corona/venv/lib64/python3.12/site-packages/PyInstaller/fake-modules/pyi_splash.py", "Python", 80, 0, 0, 0, 0, 0, 0, 0, 0, 0, 0, 0, 97, 35, 212
"/home/david/DVHS Robotics/bubonic-corona/venv/lib64/python3.12/site-packages/PyInstaller/hooks/__init__.py", "Python", 0, 0, 0, 0, 0, 0, 0, 0, 0, 0, 0, 0, 1, 1, 2
"/home/david/DVHS Robotics/bubonic-corona/venv/lib64/python3.12/site-packages/PyInstaller/hooks/hook-PIL.Image.py", "Python", 2, 0, 0, 0, 0, 0, 0, 0, 0, 0, 0, 0, 12, 4, 18
"/home/david/DVHS Robotics/bubonic-corona/venv/lib64/python3.12/site-packages/PyInstaller/hooks/hook-PIL.ImageFilter.py", "Python", 1, 0, 0, 0, 0, 0, 0, 0, 0, 0, 0, 0, 11, 2, 14
"/home/david/DVHS Robotics/bubonic-corona/venv/lib64/python3.12/site-packages/PyInstaller/hooks/hook-PIL.SpiderImagePlugin.py", "Python", 1, 0, 0, 0, 0, 0, 0, 0, 0, 0, 0, 0, 12, 2, 15
"/home/david/DVHS Robotics/bubonic-corona/venv/lib64/python3.12/site-packages/PyInstaller/hooks/hook-PIL.py", "Python", 2, 0, 0, 0, 0, 0, 0, 0, 0, 0, 0, 0, 16, 4, 22
"/home/david/DVHS Robotics/bubonic-corona/venv/lib64/python3.12/site-packages/PyInstaller/hooks/hook-PyQt5.QAxContainer.py", "Python", 2, 0, 0, 0, 0, 0, 0, 0, 0, 0, 0, 0, 10, 3, 15
"/home/david/DVHS Robotics/bubonic-corona/venv/lib64/python3.12/site-packages/PyInstaller/hooks/hook-PyQt5.Qsci.py", "Python", 2, 0, 0, 0, 0, 0, 0, 0, 0, 0, 0, 0, 10, 3, 15
"/home/david/DVHS Robotics/bubonic-corona/venv/lib64/python3.12/site-packages/PyInstaller/hooks/hook-PyQt5.Qt.py", "Python", 11, 0, 0, 0, 0, 0, 0, 0, 0, 0, 0, 0, 15, 4, 30
"/home/david/DVHS Robotics/bubonic-corona/venv/lib64/python3.12/site-packages/PyInstaller/hooks/hook-PyQt5.Qt3DAnimation.py", "Python", 2, 0, 0, 0, 0, 0, 0, 0, 0, 0, 0, 0, 10, 3, 15
"/home/david/DVHS Robotics/bubonic-corona/venv/lib64/python3.12/site-packages/PyInstaller/hooks/hook-PyQt5.Qt3DCore.py", "Python", 2, 0, 0, 0, 0, 0, 0, 0, 0, 0, 0, 0, 10, 3, 15
"/home/david/DVHS Robotics/bubonic-corona/venv/lib64/python3.12/site-packages/PyInstaller/hooks/hook-PyQt5.Qt3DExtras.py", "Python", 2, 0, 0, 0, 0, 0, 0, 0, 0, 0, 0, 0, 10, 3, 15
"/home/david/DVHS Robotics/bubonic-corona/venv/lib64/python3.12/site-packages/PyInstaller/hooks/hook-PyQt5.Qt3DInput.py", "Python", 2, 0, 0, 0, 0, 0, 0, 0, 0, 0, 0, 0, 10, 3, 15
"/home/david/DVHS Robotics/bubonic-corona/venv/lib64/python3.12/site-packages/PyInstaller/hooks/hook-PyQt5.Qt3DLogic.py", "Python", 2, 0, 0, 0, 0, 0, 0, 0, 0, 0, 0, 0, 10, 3, 15
"/home/david/DVHS Robotics/bubonic-corona/venv/lib64/python3.12/site-packages/PyInstaller/hooks/hook-PyQt5.Qt3DRender.py", "Python", 2, 0, 0, 0, 0, 0, 0, 0, 0, 0, 0, 0, 10, 3, 15
"/home/david/DVHS Robotics/bubonic-corona/venv/lib64/python3.12/site-packages/PyInstaller/hooks/hook-PyQt5.QtBluetooth.py", "Python", 2, 0, 0, 0, 0, 0, 0, 0, 0, 0, 0, 0, 10, 3, 15
"/home/david/DVHS Robotics/bubonic-corona/venv/lib64/python3.12/site-packages/PyInstaller/hooks/hook-PyQt5.QtChart.py", "Python", 2, 0, 0, 0, 0, 0, 0, 0, 0, 0, 0, 0, 10, 3, 15
"/home/david/DVHS Robotics/bubonic-corona/venv/lib64/python3.12/site-packages/PyInstaller/hooks/hook-PyQt5.QtCore.py", "Python", 2, 0, 0, 0, 0, 0, 0, 0, 0, 0, 0, 0, 10, 3, 15
"/home/david/DVHS Robotics/bubonic-corona/venv/lib64/python3.12/site-packages/PyInstaller/hooks/hook-PyQt5.QtDBus.py", "Python", 2, 0, 0, 0, 0, 0, 0, 0, 0, 0, 0, 0, 10, 3, 15
"/home/david/DVHS Robotics/bubonic-corona/venv/lib64/python3.12/site-packages/PyInstaller/hooks/hook-PyQt5.QtDataVisualization.py", "Python", 2, 0, 0, 0, 0, 0, 0, 0, 0, 0, 0, 0, 10, 3, 15
"/home/david/DVHS Robotics/bubonic-corona/venv/lib64/python3.12/site-packages/PyInstaller/hooks/hook-PyQt5.QtDesigner.py", "Python", 2, 0, 0, 0, 0, 0, 0, 0, 0, 0, 0, 0, 10, 3, 15
"/home/david/DVHS Robotics/bubonic-corona/venv/lib64/python3.12/site-packages/PyInstaller/hooks/hook-PyQt5.QtGui.py", "Python", 2, 0, 0, 0, 0, 0, 0, 0, 0, 0, 0, 0, 10, 3, 15
"/home/david/DVHS Robotics/bubonic-corona/venv/lib64/python3.12/site-packages/PyInstaller/hooks/hook-PyQt5.QtHelp.py", "Python", 2, 0, 0, 0, 0, 0, 0, 0, 0, 0, 0, 0, 10, 3, 15
"/home/david/DVHS Robotics/bubonic-corona/venv/lib64/python3.12/site-packages/PyInstaller/hooks/hook-PyQt5.QtLocation.py", "Python", 2, 0, 0, 0, 0, 0, 0, 0, 0, 0, 0, 0, 10, 3, 15
"/home/david/DVHS Robotics/bubonic-corona/venv/lib64/python3.12/site-packages/PyInstaller/hooks/hook-PyQt5.QtMacExtras.py", "Python", 2, 0, 0, 0, 0, 0, 0, 0, 0, 0, 0, 0, 10, 3, 15
"/home/david/DVHS Robotics/bubonic-corona/venv/lib64/python3.12/site-packages/PyInstaller/hooks/hook-PyQt5.QtMultimedia.py", "Python", 2, 0, 0, 0, 0, 0, 0, 0, 0, 0, 0, 0, 10, 3, 15
"/home/david/DVHS Robotics/bubonic-corona/venv/lib64/python3.12/site-packages/PyInstaller/hooks/hook-PyQt5.QtMultimediaWidgets.py", "Python", 2, 0, 0, 0, 0, 0, 0, 0, 0, 0, 0, 0, 10, 3, 15
"/home/david/DVHS Robotics/bubonic-corona/venv/lib64/python3.12/site-packages/PyInstaller/hooks/hook-PyQt5.QtNetwork.py", "Python", 3, 0, 0, 0, 0, 0, 0, 0, 0, 0, 0, 0, 10, 3, 16
"/home/david/DVHS Robotics/bubonic-corona/venv/lib64/python3.12/site-packages/PyInstaller/hooks/hook-PyQt5.QtNetworkAuth.py", "Python", 2, 0, 0, 0, 0, 0, 0, 0, 0, 0, 0, 0, 10, 3, 15
"/home/david/DVHS Robotics/bubonic-corona/venv/lib64/python3.12/site-packages/PyInstaller/hooks/hook-PyQt5.QtNfc.py", "Python", 2, 0, 0, 0, 0, 0, 0, 0, 0, 0, 0, 0, 10, 3, 15
"/home/david/DVHS Robotics/bubonic-corona/venv/lib64/python3.12/site-packages/PyInstaller/hooks/hook-PyQt5.QtOpenGL.py", "Python", 2, 0, 0, 0, 0, 0, 0, 0, 0, 0, 0, 0, 10, 3, 15
"/home/david/DVHS Robotics/bubonic-corona/venv/lib64/python3.12/site-packages/PyInstaller/hooks/hook-PyQt5.QtPositioning.py", "Python", 2, 0, 0, 0, 0, 0, 0, 0, 0, 0, 0, 0, 10, 3, 15
"/home/david/DVHS Robotics/bubonic-corona/venv/lib64/python3.12/site-packages/PyInstaller/hooks/hook-PyQt5.QtPrintSupport.py", "Python", 2, 0, 0, 0, 0, 0, 0, 0, 0, 0, 0, 0, 10, 3, 15
"/home/david/DVHS Robotics/bubonic-corona/venv/lib64/python3.12/site-packages/PyInstaller/hooks/hook-PyQt5.QtPurchasing.py", "Python", 2, 0, 0, 0, 0, 0, 0, 0, 0, 0, 0, 0, 10, 3, 15
"/home/david/DVHS Robotics/bubonic-corona/venv/lib64/python3.12/site-packages/PyInstaller/hooks/hook-PyQt5.QtQml.py", "Python", 5, 0, 0, 0, 0, 0, 0, 0, 0, 0, 0, 0, 10, 3, 18
"/home/david/DVHS Robotics/bubonic-corona/venv/lib64/python3.12/site-packages/PyInstaller/hooks/hook-PyQt5.QtQuick.py", "Python", 2, 0, 0, 0, 0, 0, 0, 0, 0, 0, 0, 0, 10, 3, 15
"/home/david/DVHS Robotics/bubonic-corona/venv/lib64/python3.12/site-packages/PyInstaller/hooks/hook-PyQt5.QtQuick3D.py", "Python", 2, 0, 0, 0, 0, 0, 0, 0, 0, 0, 0, 0, 10, 3, 15
"/home/david/DVHS Robotics/bubonic-corona/venv/lib64/python3.12/site-packages/PyInstaller/hooks/hook-PyQt5.QtQuickWidgets.py", "Python", 2, 0, 0, 0, 0, 0, 0, 0, 0, 0, 0, 0, 10, 3, 15
"/home/david/DVHS Robotics/bubonic-corona/venv/lib64/python3.12/site-packages/PyInstaller/hooks/hook-PyQt5.QtRemoteObjects.py", "Python", 2, 0, 0, 0, 0, 0, 0, 0, 0, 0, 0, 0, 10, 3, 15
"/home/david/DVHS Robotics/bubonic-corona/venv/lib64/python3.12/site-packages/PyInstaller/hooks/hook-PyQt5.QtScript.py", "Python", 2, 0, 0, 0, 0, 0, 0, 0, 0, 0, 0, 0, 10, 3, 15
"/home/david/DVHS Robotics/bubonic-corona/venv/lib64/python3.12/site-packages/PyInstaller/hooks/hook-PyQt5.QtSensors.py", "Python", 2, 0, 0, 0, 0, 0, 0, 0, 0, 0, 0, 0, 10, 3, 15
"/home/david/DVHS Robotics/bubonic-corona/venv/lib64/python3.12/site-packages/PyInstaller/hooks/hook-PyQt5.QtSerialPort.py", "Python", 2, 0, 0, 0, 0, 0, 0, 0, 0, 0, 0, 0, 10, 3, 15
"/home/david/DVHS Robotics/bubonic-corona/venv/lib64/python3.12/site-packages/PyInstaller/hooks/hook-PyQt5.QtSql.py", "Python", 2, 0, 0, 0, 0, 0, 0, 0, 0, 0, 0, 0, 10, 3, 15
"/home/david/DVHS Robotics/bubonic-corona/venv/lib64/python3.12/site-packages/PyInstaller/hooks/hook-PyQt5.QtSvg.py", "Python", 2, 0, 0, 0, 0, 0, 0, 0, 0, 0, 0, 0, 10, 3, 15
"/home/david/DVHS Robotics/bubonic-corona/venv/lib64/python3.12/site-packages/PyInstaller/hooks/hook-PyQt5.QtTest.py", "Python", 2, 0, 0, 0, 0, 0, 0, 0, 0, 0, 0, 0, 10, 3, 15
"/home/david/DVHS Robotics/bubonic-corona/venv/lib64/python3.12/site-packages/PyInstaller/hooks/hook-PyQt5.QtTextToSpeech.py", "Python", 2, 0, 0, 0, 0, 0, 0, 0, 0, 0, 0, 0, 10, 3, 15
"/home/david/DVHS Robotics/bubonic-corona/venv/lib64/python3.12/site-packages/PyInstaller/hooks/hook-PyQt5.QtWebChannel.py", "Python", 2, 0, 0, 0, 0, 0, 0, 0, 0, 0, 0, 0, 10, 3, 15
"/home/david/DVHS Robotics/bubonic-corona/venv/lib64/python3.12/site-packages/PyInstaller/hooks/hook-PyQt5.QtWebEngine.py", "Python", 2, 0, 0, 0, 0, 0, 0, 0, 0, 0, 0, 0, 10, 3, 15
"/home/david/DVHS Robotics/bubonic-corona/venv/lib64/python3.12/site-packages/PyInstaller/hooks/hook-PyQt5.QtWebEngineCore.py", "Python", 7, 0, 0, 0, 0, 0, 0, 0, 0, 0, 0, 0, 12, 4, 23
"/home/david/DVHS Robotics/bubonic-corona/venv/lib64/python3.12/site-packages/PyInstaller/hooks/hook-PyQt5.QtWebEngineWidgets.py", "Python", 2, 0, 0, 0, 0, 0, 0, 0, 0, 0, 0, 0, 10, 3, 15
"/home/david/DVHS Robotics/bubonic-corona/venv/lib64/python3.12/site-packages/PyInstaller/hooks/hook-PyQt5.QtWebKit.py", "Python", 2, 0, 0, 0, 0, 0, 0, 0, 0, 0, 0, 0, 10, 3, 15
"/home/david/DVHS Robotics/bubonic-corona/venv/lib64/python3.12/site-packages/PyInstaller/hooks/hook-PyQt5.QtWebKitWidgets.py", "Python", 2, 0, 0, 0, 0, 0, 0, 0, 0, 0, 0, 0, 10, 3, 15
"/home/david/DVHS Robotics/bubonic-corona/venv/lib64/python3.12/site-packages/PyInstaller/hooks/hook-PyQt5.QtWebSockets.py", "Python", 2, 0, 0, 0, 0, 0, 0, 0, 0, 0, 0, 0, 10, 3, 15
"/home/david/DVHS Robotics/bubonic-corona/venv/lib64/python3.12/site-packages/PyInstaller/hooks/hook-PyQt5.QtWidgets.py", "Python", 2, 0, 0, 0, 0, 0, 0, 0, 0, 0, 0, 0, 10, 3, 15
"/home/david/DVHS Robotics/bubonic-corona/venv/lib64/python3.12/site-packages/PyInstaller/hooks/hook-PyQt5.QtWinExtras.py", "Python", 2, 0, 0, 0, 0, 0, 0, 0, 0, 0, 0, 0, 10, 3, 15
"/home/david/DVHS Robotics/bubonic-corona/venv/lib64/python3.12/site-packages/PyInstaller/hooks/hook-PyQt5.QtX11Extras.py", "Python", 2, 0, 0, 0, 0, 0, 0, 0, 0, 0, 0, 0, 10, 3, 15
"/home/david/DVHS Robotics/bubonic-corona/venv/lib64/python3.12/site-packages/PyInstaller/hooks/hook-PyQt5.QtXml.py", "Python", 2, 0, 0, 0, 0, 0, 0, 0, 0, 0, 0, 0, 10, 3, 15
"/home/david/DVHS Robotics/bubonic-corona/venv/lib64/python3.12/site-packages/PyInstaller/hooks/hook-PyQt5.QtXmlPatterns.py", "Python", 2, 0, 0, 0, 0, 0, 0, 0, 0, 0, 0, 0, 10, 3, 15
"/home/david/DVHS Robotics/bubonic-corona/venv/lib64/python3.12/site-packages/PyInstaller/hooks/hook-PyQt5.py", "Python", 9, 0, 0, 0, 0, 0, 0, 0, 0, 0, 0, 0, 16, 5, 30
"/home/david/DVHS Robotics/bubonic-corona/venv/lib64/python3.12/site-packages/PyInstaller/hooks/hook-PyQt5.uic.py", "Python", 2, 0, 0, 0, 0, 0, 0, 0, 0, 0, 0, 0, 13, 3, 18
"/home/david/DVHS Robotics/bubonic-corona/venv/lib64/python3.12/site-packages/PyInstaller/hooks/hook-PyQt6.QAxContainer.py", "Python", 2, 0, 0, 0, 0, 0, 0, 0, 0, 0, 0, 0, 10, 3, 15
"/home/david/DVHS Robotics/bubonic-corona/venv/lib64/python3.12/site-packages/PyInstaller/hooks/hook-PyQt6.Qsci.py", "Python", 2, 0, 0, 0, 0, 0, 0, 0, 0, 0, 0, 0, 10, 3, 15
"/home/david/DVHS Robotics/bubonic-corona/venv/lib64/python3.12/site-packages/PyInstaller/hooks/hook-PyQt6.Qt3DAnimation.py", "Python", 2, 0, 0, 0, 0, 0, 0, 0, 0, 0, 0, 0, 10, 3, 15
"/home/david/DVHS Robotics/bubonic-corona/venv/lib64/python3.12/site-packages/PyInstaller/hooks/hook-PyQt6.Qt3DCore.py", "Python", 2, 0, 0, 0, 0, 0, 0, 0, 0, 0, 0, 0, 10, 3, 15
"/home/david/DVHS Robotics/bubonic-corona/venv/lib64/python3.12/site-packages/PyInstaller/hooks/hook-PyQt6.Qt3DExtras.py", "Python", 2, 0, 0, 0, 0, 0, 0, 0, 0, 0, 0, 0, 10, 3, 15
"/home/david/DVHS Robotics/bubonic-corona/venv/lib64/python3.12/site-packages/PyInstaller/hooks/hook-PyQt6.Qt3DInput.py", "Python", 2, 0, 0, 0, 0, 0, 0, 0, 0, 0, 0, 0, 10, 3, 15
"/home/david/DVHS Robotics/bubonic-corona/venv/lib64/python3.12/site-packages/PyInstaller/hooks/hook-PyQt6.Qt3DLogic.py", "Python", 2, 0, 0, 0, 0, 0, 0, 0, 0, 0, 0, 0, 10, 3, 15
"/home/david/DVHS Robotics/bubonic-corona/venv/lib64/python3.12/site-packages/PyInstaller/hooks/hook-PyQt6.Qt3DRender.py", "Python", 3, 0, 0, 0, 0, 0, 0, 0, 0, 0, 0, 0, 10, 4, 17
"/home/david/DVHS Robotics/bubonic-corona/venv/lib64/python3.12/site-packages/PyInstaller/hooks/hook-PyQt6.QtBluetooth.py", "Python", 2, 0, 0, 0, 0, 0, 0, 0, 0, 0, 0, 0, 10, 3, 15
"/home/david/DVHS Robotics/bubonic-corona/venv/lib64/python3.12/site-packages/PyInstaller/hooks/hook-PyQt6.QtCharts.py", "Python", 2, 0, 0, 0, 0, 0, 0, 0, 0, 0, 0, 0, 10, 3, 15
"/home/david/DVHS Robotics/bubonic-corona/venv/lib64/python3.12/site-packages/PyInstaller/hooks/hook-PyQt6.QtCore.py", "Python", 2, 0, 0, 0, 0, 0, 0, 0, 0, 0, 0, 0, 10, 3, 15
"/home/david/DVHS Robotics/bubonic-corona/venv/lib64/python3.12/site-packages/PyInstaller/hooks/hook-PyQt6.QtDBus.py", "Python", 2, 0, 0, 0, 0, 0, 0, 0, 0, 0, 0, 0, 10, 3, 15
"/home/david/DVHS Robotics/bubonic-corona/venv/lib64/python3.12/site-packages/PyInstaller/hooks/hook-PyQt6.QtDataVisualization.py", "Python", 2, 0, 0, 0, 0, 0, 0, 0, 0, 0, 0, 0, 10, 3, 15
"/home/david/DVHS Robotics/bubonic-corona/venv/lib64/python3.12/site-packages/PyInstaller/hooks/hook-PyQt6.QtDesigner.py", "Python", 2, 0, 0, 0, 0, 0, 0, 0, 0, 0, 0, 0, 10, 3, 15
"/home/david/DVHS Robotics/bubonic-corona/venv/lib64/python3.12/site-packages/PyInstaller/hooks/hook-PyQt6.QtGraphs.py", "Python", 3, 0, 0, 0, 0, 0, 0, 0, 0, 0, 0, 0, 11, 4, 18
"/home/david/DVHS Robotics/bubonic-corona/venv/lib64/python3.12/site-packages/PyInstaller/hooks/hook-PyQt6.QtGraphsWidgets.py", "Python", 3, 0, 0, 0, 0, 0, 0, 0, 0, 0, 0, 0, 11, 4, 18
"/home/david/DVHS Robotics/bubonic-corona/venv/lib64/python3.12/site-packages/PyInstaller/hooks/hook-PyQt6.QtGui.py", "Python", 2, 0, 0, 0, 0, 0, 0, 0, 0, 0, 0, 0, 10, 3, 15
"/home/david/DVHS Robotics/bubonic-corona/venv/lib64/python3.12/site-packages/PyInstaller/hooks/hook-PyQt6.QtHelp.py", "Python", 2, 0, 0, 0, 0, 0, 0, 0, 0, 0, 0, 0, 10, 3, 15
"/home/david/DVHS Robotics/bubonic-corona/venv/lib64/python3.12/site-packages/PyInstaller/hooks/hook-PyQt6.QtMultimedia.py", "Python", 2, 0, 0, 0, 0, 0, 0, 0, 0, 0, 0, 0, 10, 3, 15
"/home/david/DVHS Robotics/bubonic-corona/venv/lib64/python3.12/site-packages/PyInstaller/hooks/hook-PyQt6.QtMultimediaWidgets.py", "Python", 2, 0, 0, 0, 0, 0, 0, 0, 0, 0, 0, 0, 10, 3, 15
"/home/david/DVHS Robotics/bubonic-corona/venv/lib64/python3.12/site-packages/PyInstaller/hooks/hook-PyQt6.QtNetwork.py", "Python", 3, 0, 0, 0, 0, 0, 0, 0, 0, 0, 0, 0, 10, 3, 16
"/home/david/DVHS Robotics/bubonic-corona/venv/lib64/python3.12/site-packages/PyInstaller/hooks/hook-PyQt6.QtNetworkAuth.py", "Python", 2, 0, 0, 0, 0, 0, 0, 0, 0, 0, 0, 0, 10, 3, 15
"/home/david/DVHS Robotics/bubonic-corona/venv/lib64/python3.12/site-packages/PyInstaller/hooks/hook-PyQt6.QtNfc.py", "Python", 2, 0, 0, 0, 0, 0, 0, 0, 0, 0, 0, 0, 10, 3, 15
"/home/david/DVHS Robotics/bubonic-corona/venv/lib64/python3.12/site-packages/PyInstaller/hooks/hook-PyQt6.QtOpenGL.py", "Python", 2, 0, 0, 0, 0, 0, 0, 0, 0, 0, 0, 0, 10, 3, 15
"/home/david/DVHS Robotics/bubonic-corona/venv/lib64/python3.12/site-packages/PyInstaller/hooks/hook-PyQt6.QtOpenGLWidgets.py", "Python", 2, 0, 0, 0, 0, 0, 0, 0, 0, 0, 0, 0, 10, 3, 15
"/home/david/DVHS Robotics/bubonic-corona/venv/lib64/python3.12/site-packages/PyInstaller/hooks/hook-PyQt6.QtPdf.py", "Python", 2, 0, 0, 0, 0, 0, 0, 0, 0, 0, 0, 0, 10, 3, 15
"/home/david/DVHS Robotics/bubonic-corona/venv/lib64/python3.12/site-packages/PyInstaller/hooks/hook-PyQt6.QtPdfWidgets.py", "Python", 2, 0, 0, 0, 0, 0, 0, 0, 0, 0, 0, 0, 10, 3, 15
"/home/david/DVHS Robotics/bubonic-corona/venv/lib64/python3.12/site-packages/PyInstaller/hooks/hook-PyQt6.QtPositioning.py", "Python", 2, 0, 0, 0, 0, 0, 0, 0, 0, 0, 0, 0, 10, 3, 15
"/home/david/DVHS Robotics/bubonic-corona/venv/lib64/python3.12/site-packages/PyInstaller/hooks/hook-PyQt6.QtPrintSupport.py", "Python", 2, 0, 0, 0, 0, 0, 0, 0, 0, 0, 0, 0, 10, 3, 15
"/home/david/DVHS Robotics/bubonic-corona/venv/lib64/python3.12/site-packages/PyInstaller/hooks/hook-PyQt6.QtQml.py", "Python", 5, 0, 0, 0, 0, 0, 0, 0, 0, 0, 0, 0, 10, 3, 18
"/home/david/DVHS Robotics/bubonic-corona/venv/lib64/python3.12/site-packages/PyInstaller/hooks/hook-PyQt6.QtQuick.py", "Python", 2, 0, 0, 0, 0, 0, 0, 0, 0, 0, 0, 0, 10, 3, 15
"/home/david/DVHS Robotics/bubonic-corona/venv/lib64/python3.12/site-packages/PyInstaller/hooks/hook-PyQt6.QtQuick3D.py", "Python", 2, 0, 0, 0, 0, 0, 0, 0, 0, 0, 0, 0, 10, 3, 15
"/home/david/DVHS Robotics/bubonic-corona/venv/lib64/python3.12/site-packages/PyInstaller/hooks/hook-PyQt6.QtQuickWidgets.py", "Python", 2, 0, 0, 0, 0, 0, 0, 0, 0, 0, 0, 0, 10, 3, 15
"/home/david/DVHS Robotics/bubonic-corona/venv/lib64/python3.12/site-packages/PyInstaller/hooks/hook-PyQt6.QtRemoteObjects.py", "Python", 2, 0, 0, 0, 0, 0, 0, 0, 0, 0, 0, 0, 10, 3, 15
"/home/david/DVHS Robotics/bubonic-corona/venv/lib64/python3.12/site-packages/PyInstaller/hooks/hook-PyQt6.QtSensors.py", "Python", 2, 0, 0, 0, 0, 0, 0, 0, 0, 0, 0, 0, 10, 3, 15
"/home/david/DVHS Robotics/bubonic-corona/venv/lib64/python3.12/site-packages/PyInstaller/hooks/hook-PyQt6.QtSerialPort.py", "Python", 2, 0, 0, 0, 0, 0, 0, 0, 0, 0, 0, 0, 10, 3, 15
"/home/david/DVHS Robotics/bubonic-corona/venv/lib64/python3.12/site-packages/PyInstaller/hooks/hook-PyQt6.QtSpatialAudio.py", "Python", 2, 0, 0, 0, 0, 0, 0, 0, 0, 0, 0, 0, 10, 3, 15
"/home/david/DVHS Robotics/bubonic-corona/venv/lib64/python3.12/site-packages/PyInstaller/hooks/hook-PyQt6.QtSql.py", "Python", 2, 0, 0, 0, 0, 0, 0, 0, 0, 0, 0, 0, 10, 3, 15
"/home/david/DVHS Robotics/bubonic-corona/venv/lib64/python3.12/site-packages/PyInstaller/hooks/hook-PyQt6.QtStateMachine.py", "Python", 3, 0, 0, 0, 0, 0, 0, 0, 0, 0, 0, 0, 11, 4, 18
"/home/david/DVHS Robotics/bubonic-corona/venv/lib64/python3.12/site-packages/PyInstaller/hooks/hook-PyQt6.QtSvg.py", "Python", 2, 0, 0, 0, 0, 0, 0, 0, 0, 0, 0, 0, 10, 3, 15
"/home/david/DVHS Robotics/bubonic-corona/venv/lib64/python3.12/site-packages/PyInstaller/hooks/hook-PyQt6.QtSvgWidgets.py", "Python", 2, 0, 0, 0, 0, 0, 0, 0, 0, 0, 0, 0, 10, 3, 15
"/home/david/DVHS Robotics/bubonic-corona/venv/lib64/python3.12/site-packages/PyInstaller/hooks/hook-PyQt6.QtTest.py", "Python", 2, 0, 0, 0, 0, 0, 0, 0, 0, 0, 0, 0, 10, 3, 15
"/home/david/DVHS Robotics/bubonic-corona/venv/lib64/python3.12/site-packages/PyInstaller/hooks/hook-PyQt6.QtTextToSpeech.py", "Python", 2, 0, 0, 0, 0, 0, 0, 0, 0, 0, 0, 0, 10, 3, 15
"/home/david/DVHS Robotics/bubonic-corona/venv/lib64/python3.12/site-packages/PyInstaller/hooks/hook-PyQt6.QtWebChannel.py", "Python", 2, 0, 0, 0, 0, 0, 0, 0, 0, 0, 0, 0, 10, 3, 15
"/home/david/DVHS Robotics/bubonic-corona/venv/lib64/python3.12/site-packages/PyInstaller/hooks/hook-PyQt6.QtWebEngineCore.py", "Python", 9, 0, 0, 0, 0, 0, 0, 0, 0, 0, 0, 0, 14, 5, 28
"/home/david/DVHS Robotics/bubonic-corona/venv/lib64/python3.12/site-packages/PyInstaller/hooks/hook-PyQt6.QtWebEngineQuick.py", "Python", 2, 0, 0, 0, 0, 0, 0, 0, 0, 0, 0, 0, 10, 3, 15
"/home/david/DVHS Robotics/bubonic-corona/venv/lib64/python3.12/site-packages/PyInstaller/hooks/hook-PyQt6.QtWebEngineWidgets.py", "Python", 2, 0, 0, 0, 0, 0, 0, 0, 0, 0, 0, 0, 10, 3, 15
"/home/david/DVHS Robotics/bubonic-corona/venv/lib64/python3.12/site-packages/PyInstaller/hooks/hook-PyQt6.QtWebSockets.py", "Python", 2, 0, 0, 0, 0, 0, 0, 0, 0, 0, 0, 0, 10, 3, 15
"/home/david/DVHS Robotics/bubonic-corona/venv/lib64/python3.12/site-packages/PyInstaller/hooks/hook-PyQt6.QtWidgets.py", "Python", 2, 0, 0, 0, 0, 0, 0, 0, 0, 0, 0, 0, 10, 3, 15
"/home/david/DVHS Robotics/bubonic-corona/venv/lib64/python3.12/site-packages/PyInstaller/hooks/hook-PyQt6.QtXml.py", "Python", 2, 0, 0, 0, 0, 0, 0, 0, 0, 0, 0, 0, 10, 3, 15
"/home/david/DVHS Robotics/bubonic-corona/venv/lib64/python3.12/site-packages/PyInstaller/hooks/hook-PyQt6.py", "Python", 8, 0, 0, 0, 0, 0, 0, 0, 0, 0, 0, 0, 14, 5, 27
"/home/david/DVHS Robotics/bubonic-corona/venv/lib64/python3.12/site-packages/PyInstaller/hooks/hook-PyQt6.uic.py", "Python", 2, 0, 0, 0, 0, 0, 0, 0, 0, 0, 0, 0, 13, 3, 18
"/home/david/DVHS Robotics/bubonic-corona/venv/lib64/python3.12/site-packages/PyInstaller/hooks/hook-PySide2.Qt3DAnimation.py", "Python", 2, 0, 0, 0, 0, 0, 0, 0, 0, 0, 0, 0, 10, 3, 15
"/home/david/DVHS Robotics/bubonic-corona/venv/lib64/python3.12/site-packages/PyInstaller/hooks/hook-PySide2.Qt3DCore.py", "Python", 2, 0, 0, 0, 0, 0, 0, 0, 0, 0, 0, 0, 10, 3, 15
"/home/david/DVHS Robotics/bubonic-corona/venv/lib64/python3.12/site-packages/PyInstaller/hooks/hook-PySide2.Qt3DExtras.py", "Python", 2, 0, 0, 0, 0, 0, 0, 0, 0, 0, 0, 0, 10, 3, 15
"/home/david/DVHS Robotics/bubonic-corona/venv/lib64/python3.12/site-packages/PyInstaller/hooks/hook-PySide2.Qt3DInput.py", "Python", 2, 0, 0, 0, 0, 0, 0, 0, 0, 0, 0, 0, 10, 3, 15
"/home/david/DVHS Robotics/bubonic-corona/venv/lib64/python3.12/site-packages/PyInstaller/hooks/hook-PySide2.Qt3DLogic.py", "Python", 2, 0, 0, 0, 0, 0, 0, 0, 0, 0, 0, 0, 10, 3, 15
"/home/david/DVHS Robotics/bubonic-corona/venv/lib64/python3.12/site-packages/PyInstaller/hooks/hook-PySide2.Qt3DRender.py", "Python", 2, 0, 0, 0, 0, 0, 0, 0, 0, 0, 0, 0, 10, 3, 15
"/home/david/DVHS Robotics/bubonic-corona/venv/lib64/python3.12/site-packages/PyInstaller/hooks/hook-PySide2.QtAxContainer.py", "Python", 2, 0, 0, 0, 0, 0, 0, 0, 0, 0, 0, 0, 10, 3, 15
"/home/david/DVHS Robotics/bubonic-corona/venv/lib64/python3.12/site-packages/PyInstaller/hooks/hook-PySide2.QtCharts.py", "Python", 2, 0, 0, 0, 0, 0, 0, 0, 0, 0, 0, 0, 10, 3, 15
"/home/david/DVHS Robotics/bubonic-corona/venv/lib64/python3.12/site-packages/PyInstaller/hooks/hook-PySide2.QtConcurrent.py", "Python", 2, 0, 0, 0, 0, 0, 0, 0, 0, 0, 0, 0, 10, 3, 15
"/home/david/DVHS Robotics/bubonic-corona/venv/lib64/python3.12/site-packages/PyInstaller/hooks/hook-PySide2.QtCore.py", "Python", 2, 0, 0, 0, 0, 0, 0, 0, 0, 0, 0, 0, 10, 3, 15
"/home/david/DVHS Robotics/bubonic-corona/venv/lib64/python3.12/site-packages/PyInstaller/hooks/hook-PySide2.QtDataVisualization.py", "Python", 2, 0, 0, 0, 0, 0, 0, 0, 0, 0, 0, 0, 10, 3, 15
"/home/david/DVHS Robotics/bubonic-corona/venv/lib64/python3.12/site-packages/PyInstaller/hooks/hook-PySide2.QtGui.py", "Python", 2, 0, 0, 0, 0, 0, 0, 0, 0, 0, 0, 0, 10, 3, 15
"/home/david/DVHS Robotics/bubonic-corona/venv/lib64/python3.12/site-packages/PyInstaller/hooks/hook-PySide2.QtHelp.py", "Python", 2, 0, 0, 0, 0, 0, 0, 0, 0, 0, 0, 0, 10, 3, 15
"/home/david/DVHS Robotics/bubonic-corona/venv/lib64/python3.12/site-packages/PyInstaller/hooks/hook-PySide2.QtLocation.py", "Python", 2, 0, 0, 0, 0, 0, 0, 0, 0, 0, 0, 0, 10, 3, 15
"/home/david/DVHS Robotics/bubonic-corona/venv/lib64/python3.12/site-packages/PyInstaller/hooks/hook-PySide2.QtMacExtras.py", "Python", 2, 0, 0, 0, 0, 0, 0, 0, 0, 0, 0, 0, 10, 3, 15
"/home/david/DVHS Robotics/bubonic-corona/venv/lib64/python3.12/site-packages/PyInstaller/hooks/hook-PySide2.QtMultimedia.py", "Python", 3, 0, 0, 0, 0, 0, 0, 0, 0, 0, 0, 0, 13, 4, 20
"/home/david/DVHS Robotics/bubonic-corona/venv/lib64/python3.12/site-packages/PyInstaller/hooks/hook-PySide2.QtMultimediaWidgets.py", "Python", 2, 0, 0, 0, 0, 0, 0, 0, 0, 0, 0, 0, 10, 3, 15
"/home/david/DVHS Robotics/bubonic-corona/venv/lib64/python3.12/site-packages/PyInstaller/hooks/hook-PySide2.QtNetwork.py", "Python", 3, 0, 0, 0, 0, 0, 0, 0, 0, 0, 0, 0, 10, 3, 16
"/home/david/DVHS Robotics/bubonic-corona/venv/lib64/python3.12/site-packages/PyInstaller/hooks/hook-PySide2.QtOpenGL.py", "Python", 2, 0, 0, 0, 0, 0, 0, 0, 0, 0, 0, 0, 10, 3, 15
"/home/david/DVHS Robotics/bubonic-corona/venv/lib64/python3.12/site-packages/PyInstaller/hooks/hook-PySide2.QtOpenGLFunctions.py", "Python", 2, 0, 0, 0, 0, 0, 0, 0, 0, 0, 0, 0, 10, 3, 15
"/home/david/DVHS Robotics/bubonic-corona/venv/lib64/python3.12/site-packages/PyInstaller/hooks/hook-PySide2.QtPositioning.py", "Python", 2, 0, 0, 0, 0, 0, 0, 0, 0, 0, 0, 0, 10, 3, 15
"/home/david/DVHS Robotics/bubonic-corona/venv/lib64/python3.12/site-packages/PyInstaller/hooks/hook-PySide2.QtPrintSupport.py", "Python", 2, 0, 0, 0, 0, 0, 0, 0, 0, 0, 0, 0, 10, 3, 15
"/home/david/DVHS Robotics/bubonic-corona/venv/lib64/python3.12/site-packages/PyInstaller/hooks/hook-PySide2.QtQml.py", "Python", 6, 0, 0, 0, 0, 0, 0, 0, 0, 0, 0, 0, 10, 4, 20
"/home/david/DVHS Robotics/bubonic-corona/venv/lib64/python3.12/site-packages/PyInstaller/hooks/hook-PySide2.QtQuick.py", "Python", 2, 0, 0, 0, 0, 0, 0, 0, 0, 0, 0, 0, 10, 3, 15
"/home/david/DVHS Robotics/bubonic-corona/venv/lib64/python3.12/site-packages/PyInstaller/hooks/hook-PySide2.QtQuickControls2.py", "Python", 2, 0, 0, 0, 0, 0, 0, 0, 0, 0, 0, 0, 10, 3, 15
"/home/david/DVHS Robotics/bubonic-corona/venv/lib64/python3.12/site-packages/PyInstaller/hooks/hook-PySide2.QtQuickWidgets.py", "Python", 2, 0, 0, 0, 0, 0, 0, 0, 0, 0, 0, 0, 10, 3, 15
"/home/david/DVHS Robotics/bubonic-corona/venv/lib64/python3.12/site-packages/PyInstaller/hooks/hook-PySide2.QtRemoteObjects.py", "Python", 2, 0, 0, 0, 0, 0, 0, 0, 0, 0, 0, 0, 10, 3, 15
"/home/david/DVHS Robotics/bubonic-corona/venv/lib64/python3.12/site-packages/PyInstaller/hooks/hook-PySide2.QtScript.py", "Python", 2, 0, 0, 0, 0, 0, 0, 0, 0, 0, 0, 0, 10, 3, 15
"/home/david/DVHS Robotics/bubonic-corona/venv/lib64/python3.12/site-packages/PyInstaller/hooks/hook-PySide2.QtScriptTools.py", "Python", 2, 0, 0, 0, 0, 0, 0, 0, 0, 0, 0, 0, 10, 3, 15
"/home/david/DVHS Robotics/bubonic-corona/venv/lib64/python3.12/site-packages/PyInstaller/hooks/hook-PySide2.QtScxml.py", "Python", 2, 0, 0, 0, 0, 0, 0, 0, 0, 0, 0, 0, 10, 3, 15
"/home/david/DVHS Robotics/bubonic-corona/venv/lib64/python3.12/site-packages/PyInstaller/hooks/hook-PySide2.QtSensors.py", "Python", 2, 0, 0, 0, 0, 0, 0, 0, 0, 0, 0, 0, 10, 3, 15
"/home/david/DVHS Robotics/bubonic-corona/venv/lib64/python3.12/site-packages/PyInstaller/hooks/hook-PySide2.QtSerialPort.py", "Python", 2, 0, 0, 0, 0, 0, 0, 0, 0, 0, 0, 0, 10, 3, 15
"/home/david/DVHS Robotics/bubonic-corona/venv/lib64/python3.12/site-packages/PyInstaller/hooks/hook-PySide2.QtSql.py", "Python", 2, 0, 0, 0, 0, 0, 0, 0, 0, 0, 0, 0, 10, 3, 15
"/home/david/DVHS Robotics/bubonic-corona/venv/lib64/python3.12/site-packages/PyInstaller/hooks/hook-PySide2.QtSvg.py", "Python", 2, 0, 0, 0, 0, 0, 0, 0, 0, 0, 0, 0, 10, 3, 15
"/home/david/DVHS Robotics/bubonic-corona/venv/lib64/python3.12/site-packages/PyInstaller/hooks/hook-PySide2.QtTest.py", "Python", 2, 0, 0, 0, 0, 0, 0, 0, 0, 0, 0, 0, 10, 3, 15
"/home/david/DVHS Robotics/bubonic-corona/venv/lib64/python3.12/site-packages/PyInstaller/hooks/hook-PySide2.QtTextToSpeech.py", "Python", 2, 0, 0, 0, 0, 0, 0, 0, 0, 0, 0, 0, 10, 3, 15
"/home/david/DVHS Robotics/bubonic-corona/venv/lib64/python3.12/site-packages/PyInstaller/hooks/hook-PySide2.QtUiTools.py", "Python", 3, 0, 0, 0, 0, 0, 0, 0, 0, 0, 0, 0, 10, 3, 16
"/home/david/DVHS Robotics/bubonic-corona/venv/lib64/python3.12/site-packages/PyInstaller/hooks/hook-PySide2.QtWebChannel.py", "Python", 2, 0, 0, 0, 0, 0, 0, 0, 0, 0, 0, 0, 10, 3, 15
"/home/david/DVHS Robotics/bubonic-corona/venv/lib64/python3.12/site-packages/PyInstaller/hooks/hook-PySide2.QtWebEngine.py", "Python", 2, 0, 0, 0, 0, 0, 0, 0, 0, 0, 0, 0, 10, 3, 15
"/home/david/DVHS Robotics/bubonic-corona/venv/lib64/python3.12/site-packages/PyInstaller/hooks/hook-PySide2.QtWebEngineCore.py", "Python", 7, 0, 0, 0, 0, 0, 0, 0, 0, 0, 0, 0, 12, 4, 23
"/home/david/DVHS Robotics/bubonic-corona/venv/lib64/python3.12/site-packages/PyInstaller/hooks/hook-PySide2.QtWebEngineWidgets.py", "Python", 2, 0, 0, 0, 0, 0, 0, 0, 0, 0, 0, 0, 10, 3, 15
"/home/david/DVHS Robotics/bubonic-corona/venv/lib64/python3.12/site-packages/PyInstaller/hooks/hook-PySide2.QtWebKit.py", "Python", 2, 0, 0, 0, 0, 0, 0, 0, 0, 0, 0, 0, 10, 3, 15
"/home/david/DVHS Robotics/bubonic-corona/venv/lib64/python3.12/site-packages/PyInstaller/hooks/hook-PySide2.QtWebKitWidgets.py", "Python", 2, 0, 0, 0, 0, 0, 0, 0, 0, 0, 0, 0, 10, 3, 15
"/home/david/DVHS Robotics/bubonic-corona/venv/lib64/python3.12/site-packages/PyInstaller/hooks/hook-PySide2.QtWebSockets.py", "Python", 2, 0, 0, 0, 0, 0, 0, 0, 0, 0, 0, 0, 10, 3, 15
"/home/david/DVHS Robotics/bubonic-corona/venv/lib64/python3.12/site-packages/PyInstaller/hooks/hook-PySide2.QtWidgets.py", "Python", 2, 0, 0, 0, 0, 0, 0, 0, 0, 0, 0, 0, 10, 3, 15
"/home/david/DVHS Robotics/bubonic-corona/venv/lib64/python3.12/site-packages/PyInstaller/hooks/hook-PySide2.QtWinExtras.py", "Python", 2, 0, 0, 0, 0, 0, 0, 0, 0, 0, 0, 0, 10, 3, 15
"/home/david/DVHS Robotics/bubonic-corona/venv/lib64/python3.12/site-packages/PyInstaller/hooks/hook-PySide2.QtX11Extras.py", "Python", 2, 0, 0, 0, 0, 0, 0, 0, 0, 0, 0, 0, 10, 3, 15
"/home/david/DVHS Robotics/bubonic-corona/venv/lib64/python3.12/site-packages/PyInstaller/hooks/hook-PySide2.QtXml.py", "Python", 2, 0, 0, 0, 0, 0, 0, 0, 0, 0, 0, 0, 10, 3, 15
"/home/david/DVHS Robotics/bubonic-corona/venv/lib64/python3.12/site-packages/PyInstaller/hooks/hook-PySide2.QtXmlPatterns.py", "Python", 2, 0, 0, 0, 0, 0, 0, 0, 0, 0, 0, 0, 10, 3, 15
"/home/david/DVHS Robotics/bubonic-corona/venv/lib64/python3.12/site-packages/PyInstaller/hooks/hook-PySide2.Qwt5.py", "Python", 14, 0, 0, 0, 0, 0, 0, 0, 0, 0, 0, 0, 10, 8, 32
"/home/david/DVHS Robotics/bubonic-corona/venv/lib64/python3.12/site-packages/PyInstaller/hooks/hook-PySide2.py", "Python", 7, 0, 0, 0, 0, 0, 0, 0, 0, 0, 0, 0, 14, 5, 26
"/home/david/DVHS Robotics/bubonic-corona/venv/lib64/python3.12/site-packages/PyInstaller/hooks/hook-PySide6.Qt3DAnimation.py", "Python", 2, 0, 0, 0, 0, 0, 0, 0, 0, 0, 0, 0, 10, 3, 15
"/home/david/DVHS Robotics/bubonic-corona/venv/lib64/python3.12/site-packages/PyInstaller/hooks/hook-PySide6.Qt3DCore.py", "Python", 2, 0, 0, 0, 0, 0, 0, 0, 0, 0, 0, 0, 10, 3, 15
"/home/david/DVHS Robotics/bubonic-corona/venv/lib64/python3.12/site-packages/PyInstaller/hooks/hook-PySide6.Qt3DExtras.py", "Python", 2, 0, 0, 0, 0, 0, 0, 0, 0, 0, 0, 0, 10, 3, 15
"/home/david/DVHS Robotics/bubonic-corona/venv/lib64/python3.12/site-packages/PyInstaller/hooks/hook-PySide6.Qt3DInput.py", "Python", 2, 0, 0, 0, 0, 0, 0, 0, 0, 0, 0, 0, 10, 3, 15
"/home/david/DVHS Robotics/bubonic-corona/venv/lib64/python3.12/site-packages/PyInstaller/hooks/hook-PySide6.Qt3DLogic.py", "Python", 2, 0, 0, 0, 0, 0, 0, 0, 0, 0, 0, 0, 10, 3, 15
"/home/david/DVHS Robotics/bubonic-corona/venv/lib64/python3.12/site-packages/PyInstaller/hooks/hook-PySide6.Qt3DRender.py", "Python", 4, 0, 0, 0, 0, 0, 0, 0, 0, 0, 0, 0, 13, 4, 21
"/home/david/DVHS Robotics/bubonic-corona/venv/lib64/python3.12/site-packages/PyInstaller/hooks/hook-PySide6.QtAxContainer.py", "Python", 2, 0, 0, 0, 0, 0, 0, 0, 0, 0, 0, 0, 10, 3, 15
"/home/david/DVHS Robotics/bubonic-corona/venv/lib64/python3.12/site-packages/PyInstaller/hooks/hook-PySide6.QtBluetooth.py", "Python", 2, 0, 0, 0, 0, 0, 0, 0, 0, 0, 0, 0, 10, 3, 15
"/home/david/DVHS Robotics/bubonic-corona/venv/lib64/python3.12/site-packages/PyInstaller/hooks/hook-PySide6.QtCharts.py", "Python", 2, 0, 0, 0, 0, 0, 0, 0, 0, 0, 0, 0, 10, 3, 15
"/home/david/DVHS Robotics/bubonic-corona/venv/lib64/python3.12/site-packages/PyInstaller/hooks/hook-PySide6.QtConcurrent.py", "Python", 2, 0, 0, 0, 0, 0, 0, 0, 0, 0, 0, 0, 10, 3, 15
"/home/david/DVHS Robotics/bubonic-corona/venv/lib64/python3.12/site-packages/PyInstaller/hooks/hook-PySide6.QtCore.py", "Python", 2, 0, 0, 0, 0, 0, 0, 0, 0, 0, 0, 0, 10, 3, 15
"/home/david/DVHS Robotics/bubonic-corona/venv/lib64/python3.12/site-packages/PyInstaller/hooks/hook-PySide6.QtDBus.py", "Python", 2, 0, 0, 0, 0, 0, 0, 0, 0, 0, 0, 0, 10, 3, 15
"/home/david/DVHS Robotics/bubonic-corona/venv/lib64/python3.12/site-packages/PyInstaller/hooks/hook-PySide6.QtDataVisualization.py", "Python", 2, 0, 0, 0, 0, 0, 0, 0, 0, 0, 0, 0, 10, 3, 15
"/home/david/DVHS Robotics/bubonic-corona/venv/lib64/python3.12/site-packages/PyInstaller/hooks/hook-PySide6.QtDesigner.py", "Python", 2, 0, 0, 0, 0, 0, 0, 0, 0, 0, 0, 0, 10, 3, 15
"/home/david/DVHS Robotics/bubonic-corona/venv/lib64/python3.12/site-packages/PyInstaller/hooks/hook-PySide6.QtGraphs.py", "Python", 2, 0, 0, 0, 0, 0, 0, 0, 0, 0, 0, 0, 10, 3, 15
"/home/david/DVHS Robotics/bubonic-corona/venv/lib64/python3.12/site-packages/PyInstaller/hooks/hook-PySide6.QtGraphsWidgets.py", "Python", 3, 0, 0, 0, 0, 0, 0, 0, 0, 0, 0, 0, 11, 4, 18
"/home/david/DVHS Robotics/bubonic-corona/venv/lib64/python3.12/site-packages/PyInstaller/hooks/hook-PySide6.QtGui.py", "Python", 2, 0, 0, 0, 0, 0, 0, 0, 0, 0, 0, 0, 10, 3, 15
"/home/david/DVHS Robotics/bubonic-corona/venv/lib64/python3.12/site-packages/PyInstaller/hooks/hook-PySide6.QtHelp.py", "Python", 2, 0, 0, 0, 0, 0, 0, 0, 0, 0, 0, 0, 10, 3, 15
"/home/david/DVHS Robotics/bubonic-corona/venv/lib64/python3.12/site-packages/PyInstaller/hooks/hook-PySide6.QtHttpServer.py", "Python", 3, 0, 0, 0, 0, 0, 0, 0, 0, 0, 0, 0, 12, 4, 19
"/home/david/DVHS Robotics/bubonic-corona/venv/lib64/python3.12/site-packages/PyInstaller/hooks/hook-PySide6.QtLocation.py", "Python", 2, 0, 0, 0, 0, 0, 0, 0, 0, 0, 0, 0, 10, 3, 15
"/home/david/DVHS Robotics/bubonic-corona/venv/lib64/python3.12/site-packages/PyInstaller/hooks/hook-PySide6.QtMultimedia.py", "Python", 3, 0, 0, 0, 0, 0, 0, 0, 0, 0, 0, 0, 13, 4, 20
"/home/david/DVHS Robotics/bubonic-corona/venv/lib64/python3.12/site-packages/PyInstaller/hooks/hook-PySide6.QtMultimediaWidgets.py", "Python", 2, 0, 0, 0, 0, 0, 0, 0, 0, 0, 0, 0, 10, 3, 15
"/home/david/DVHS Robotics/bubonic-corona/venv/lib64/python3.12/site-packages/PyInstaller/hooks/hook-PySide6.QtNetwork.py", "Python", 3, 0, 0, 0, 0, 0, 0, 0, 0, 0, 0, 0, 10, 3, 16
"/home/david/DVHS Robotics/bubonic-corona/venv/lib64/python3.12/site-packages/PyInstaller/hooks/hook-PySide6.QtNetworkAuth.py", "Python", 2, 0, 0, 0, 0, 0, 0, 0, 0, 0, 0, 0, 10, 3, 15
"/home/david/DVHS Robotics/bubonic-corona/venv/lib64/python3.12/site-packages/PyInstaller/hooks/hook-PySide6.QtNfc.py", "Python", 2, 0, 0, 0, 0, 0, 0, 0, 0, 0, 0, 0, 10, 3, 15
"/home/david/DVHS Robotics/bubonic-corona/venv/lib64/python3.12/site-packages/PyInstaller/hooks/hook-PySide6.QtOpenGL.py", "Python", 2, 0, 0, 0, 0, 0, 0, 0, 0, 0, 0, 0, 10, 3, 15
"/home/david/DVHS Robotics/bubonic-corona/venv/lib64/python3.12/site-packages/PyInstaller/hooks/hook-PySide6.QtOpenGLWidgets.py", "Python", 2, 0, 0, 0, 0, 0, 0, 0, 0, 0, 0, 0, 10, 3, 15
"/home/david/DVHS Robotics/bubonic-corona/venv/lib64/python3.12/site-packages/PyInstaller/hooks/hook-PySide6.QtPdf.py", "Python", 2, 0, 0, 0, 0, 0, 0, 0, 0, 0, 0, 0, 10, 3, 15
"/home/david/DVHS Robotics/bubonic-corona/venv/lib64/python3.12/site-packages/PyInstaller/hooks/hook-PySide6.QtPdfWidgets.py", "Python", 2, 0, 0, 0, 0, 0, 0, 0, 0, 0, 0, 0, 10, 3, 15
"/home/david/DVHS Robotics/bubonic-corona/venv/lib64/python3.12/site-packages/PyInstaller/hooks/hook-PySide6.QtPositioning.py", "Python", 2, 0, 0, 0, 0, 0, 0, 0, 0, 0, 0, 0, 10, 3, 15
"/home/david/DVHS Robotics/bubonic-corona/venv/lib64/python3.12/site-packages/PyInstaller/hooks/hook-PySide6.QtPrintSupport.py", "Python", 2, 0, 0, 0, 0, 0, 0, 0, 0, 0, 0, 0, 10, 3, 15
"/home/david/DVHS Robotics/bubonic-corona/venv/lib64/python3.12/site-packages/PyInstaller/hooks/hook-PySide6.QtQml.py", "Python", 5, 0, 0, 0, 0, 0, 0, 0, 0, 0, 0, 0, 10, 3, 18
"/home/david/DVHS Robotics/bubonic-corona/venv/lib64/python3.12/site-packages/PyInstaller/hooks/hook-PySide6.QtQuick.py", "Python", 2, 0, 0, 0, 0, 0, 0, 0, 0, 0, 0, 0, 10, 3, 15
"/home/david/DVHS Robotics/bubonic-corona/venv/lib64/python3.12/site-packages/PyInstaller/hooks/hook-PySide6.QtQuick3D.py", "Python", 2, 0, 0, 0, 0, 0, 0, 0, 0, 0, 0, 0, 10, 3, 15
"/home/david/DVHS Robotics/bubonic-corona/venv/lib64/python3.12/site-packages/PyInstaller/hooks/hook-PySide6.QtQuickControls2.py", "Python", 3, 0, 0, 0, 0, 0, 0, 0, 0, 0, 0, 0, 10, 4, 17
"/home/david/DVHS Robotics/bubonic-corona/venv/lib64/python3.12/site-packages/PyInstaller/hooks/hook-PySide6.QtQuickWidgets.py", "Python", 2, 0, 0, 0, 0, 0, 0, 0, 0, 0, 0, 0, 10, 3, 15
"/home/david/DVHS Robotics/bubonic-corona/venv/lib64/python3.12/site-packages/PyInstaller/hooks/hook-PySide6.QtRemoteObjects.py", "Python", 2, 0, 0, 0, 0, 0, 0, 0, 0, 0, 0, 0, 10, 3, 15
"/home/david/DVHS Robotics/bubonic-corona/venv/lib64/python3.12/site-packages/PyInstaller/hooks/hook-PySide6.QtScxml.py", "Python", 2, 0, 0, 0, 0, 0, 0, 0, 0, 0, 0, 0, 10, 3, 15
"/home/david/DVHS Robotics/bubonic-corona/venv/lib64/python3.12/site-packages/PyInstaller/hooks/hook-PySide6.QtSensors.py", "Python", 2, 0, 0, 0, 0, 0, 0, 0, 0, 0, 0, 0, 10, 3, 15
"/home/david/DVHS Robotics/bubonic-corona/venv/lib64/python3.12/site-packages/PyInstaller/hooks/hook-PySide6.QtSerialBus.py", "Python", 2, 0, 0, 0, 0, 0, 0, 0, 0, 0, 0, 0, 10, 3, 15
"/home/david/DVHS Robotics/bubonic-corona/venv/lib64/python3.12/site-packages/PyInstaller/hooks/hook-PySide6.QtSerialPort.py", "Python", 2, 0, 0, 0, 0, 0, 0, 0, 0, 0, 0, 0, 10, 3, 15
"/home/david/DVHS Robotics/bubonic-corona/venv/lib64/python3.12/site-packages/PyInstaller/hooks/hook-PySide6.QtSpatialAudio.py", "Python", 2, 0, 0, 0, 0, 0, 0, 0, 0, 0, 0, 0, 10, 3, 15
"/home/david/DVHS Robotics/bubonic-corona/venv/lib64/python3.12/site-packages/PyInstaller/hooks/hook-PySide6.QtSql.py", "Python", 2, 0, 0, 0, 0, 0, 0, 0, 0, 0, 0, 0, 10, 3, 15
"/home/david/DVHS Robotics/bubonic-corona/venv/lib64/python3.12/site-packages/PyInstaller/hooks/hook-PySide6.QtStateMachine.py", "Python", 2, 0, 0, 0, 0, 0, 0, 0, 0, 0, 0, 0, 10, 3, 15
"/home/david/DVHS Robotics/bubonic-corona/venv/lib64/python3.12/site-packages/PyInstaller/hooks/hook-PySide6.QtSvg.py", "Python", 2, 0, 0, 0, 0, 0, 0, 0, 0, 0, 0, 0, 10, 3, 15
"/home/david/DVHS Robotics/bubonic-corona/venv/lib64/python3.12/site-packages/PyInstaller/hooks/hook-PySide6.QtSvgWidgets.py", "Python", 2, 0, 0, 0, 0, 0, 0, 0, 0, 0, 0, 0, 10, 3, 15
"/home/david/DVHS Robotics/bubonic-corona/venv/lib64/python3.12/site-packages/PyInstaller/hooks/hook-PySide6.QtTest.py", "Python", 2, 0, 0, 0, 0, 0, 0, 0, 0, 0, 0, 0, 10, 3, 15
"/home/david/DVHS Robotics/bubonic-corona/venv/lib64/python3.12/site-packages/PyInstaller/hooks/hook-PySide6.QtTextToSpeech.py", "Python", 2, 0, 0, 0, 0, 0, 0, 0, 0, 0, 0, 0, 10, 3, 15
"/home/david/DVHS Robotics/bubonic-corona/venv/lib64/python3.12/site-packages/PyInstaller/hooks/hook-PySide6.QtUiTools.py", "Python", 2, 0, 0, 0, 0, 0, 0, 0, 0, 0, 0, 0, 10, 3, 15
"/home/david/DVHS Robotics/bubonic-corona/venv/lib64/python3.12/site-packages/PyInstaller/hooks/hook-PySide6.QtWebChannel.py", "Python", 2, 0, 0, 0, 0, 0, 0, 0, 0, 0, 0, 0, 10, 3, 15
"/home/david/DVHS Robotics/bubonic-corona/venv/lib64/python3.12/site-packages/PyInstaller/hooks/hook-PySide6.QtWebEngineCore.py", "Python", 10, 0, 0, 0, 0, 0, 0, 0, 0, 0, 0, 0, 14, 6, 30
"/home/david/DVHS Robotics/bubonic-corona/venv/lib64/python3.12/site-packages/PyInstaller/hooks/hook-PySide6.QtWebEngineQuick.py", "Python", 2, 0, 0, 0, 0, 0, 0, 0, 0, 0, 0, 0, 10, 3, 15
"/home/david/DVHS Robotics/bubonic-corona/venv/lib64/python3.12/site-packages/PyInstaller/hooks/hook-PySide6.QtWebEngineWidgets.py", "Python", 2, 0, 0, 0, 0, 0, 0, 0, 0, 0, 0, 0, 10, 3, 15
"/home/david/DVHS Robotics/bubonic-corona/venv/lib64/python3.12/site-packages/PyInstaller/hooks/hook-PySide6.QtWebSockets.py", "Python", 2, 0, 0, 0, 0, 0, 0, 0, 0, 0, 0, 0, 10, 3, 15
"/home/david/DVHS Robotics/bubonic-corona/venv/lib64/python3.12/site-packages/PyInstaller/hooks/hook-PySide6.QtWidgets.py", "Python", 2, 0, 0, 0, 0, 0, 0, 0, 0, 0, 0, 0, 10, 3, 15
"/home/david/DVHS Robotics/bubonic-corona/venv/lib64/python3.12/site-packages/PyInstaller/hooks/hook-PySide6.QtXml.py", "Python", 2, 0, 0, 0, 0, 0, 0, 0, 0, 0, 0, 0, 10, 3, 15
"/home/david/DVHS Robotics/bubonic-corona/venv/lib64/python3.12/site-packages/PyInstaller/hooks/hook-PySide6.py", "Python", 8, 0, 0, 0, 0, 0, 0, 0, 0, 0, 0, 0, 15, 6, 29
"/home/david/DVHS Robotics/bubonic-corona/venv/lib64/python3.12/site-packages/PyInstaller/hooks/hook-_ctypes.py", "Python", 3, 0, 0, 0, 0, 0, 0, 0, 0, 0, 0, 0, 14, 3, 20
"/home/david/DVHS Robotics/bubonic-corona/venv/lib64/python3.12/site-packages/PyInstaller/hooks/hook-_osx_support.py", "Python", 1, 0, 0, 0, 0, 0, 0, 0, 0, 0, 0, 0, 16, 3, 20
"/home/david/DVHS Robotics/bubonic-corona/venv/lib64/python3.12/site-packages/PyInstaller/hooks/hook-_pyi_rth_utils.py", "Python", 4, 0, 0, 0, 0, 0, 0, 0, 0, 0, 0, 0, 11, 3, 18
"/home/david/DVHS Robotics/bubonic-corona/venv/lib64/python3.12/site-packages/PyInstaller/hooks/hook-_tkinter.py", "Python", 3, 0, 0, 0, 0, 0, 0, 0, 0, 0, 0, 0, 16, 4, 23
"/home/david/DVHS Robotics/bubonic-corona/venv/lib64/python3.12/site-packages/PyInstaller/hooks/hook-babel.py", "Python", 8, 0, 0, 0, 0, 0, 0, 0, 0, 0, 0, 0, 13, 4, 25
"/home/david/DVHS Robotics/bubonic-corona/venv/lib64/python3.12/site-packages/PyInstaller/hooks/hook-difflib.py", "Python", 1, 0, 0, 0, 0, 0, 0, 0, 0, 0, 0, 0, 11, 2, 14
"/home/david/DVHS Robotics/bubonic-corona/venv/lib64/python3.12/site-packages/PyInstaller/hooks/hook-distutils.command.check.py", "Python", 1, 0, 0, 0, 0, 0, 0, 0, 0, 0, 0, 0, 11, 2, 14
"/home/david/DVHS Robotics/bubonic-corona/venv/lib64/python3.12/site-packages/PyInstaller/hooks/hook-distutils.py", "Python", 9, 0, 0, 0, 0, 0, 0, 0, 0, 0, 0, 0, 20, 5, 34
"/home/david/DVHS Robotics/bubonic-corona/venv/lib64/python3.12/site-packages/PyInstaller/hooks/hook-distutils.util.py", "Python", 1, 0, 0, 0, 0, 0, 0, 0, 0, 0, 0, 0, 11, 2, 14
"/home/david/DVHS Robotics/bubonic-corona/venv/lib64/python3.12/site-packages/PyInstaller/hooks/hook-django.contrib.sessions.py", "Python", 2, 0, 0, 0, 0, 0, 0, 0, 0, 0, 0, 0, 10, 3, 15
"/home/david/DVHS Robotics/bubonic-corona/venv/lib64/python3.12/site-packages/PyInstaller/hooks/hook-django.core.cache.py", "Python", 2, 0, 0, 0, 0, 0, 0, 0, 0, 0, 0, 0, 10, 3, 15
"/home/david/DVHS Robotics/bubonic-corona/venv/lib64/python3.12/site-packages/PyInstaller/hooks/hook-django.core.mail.py", "Python", 7, 0, 0, 0, 0, 0, 0, 0, 0, 0, 0, 0, 17, 2, 26
"/home/david/DVHS Robotics/bubonic-corona/venv/lib64/python3.12/site-packages/PyInstaller/hooks/hook-django.core.management.py", "Python", 3, 0, 0, 0, 0, 0, 0, 0, 0, 0, 0, 0, 13, 4, 20
"/home/david/DVHS Robotics/bubonic-corona/venv/lib64/python3.12/site-packages/PyInstaller/hooks/hook-django.db.backends.mysql.base.py", "Python", 1, 0, 0, 0, 0, 0, 0, 0, 0, 0, 0, 0, 11, 2, 14
"/home/david/DVHS Robotics/bubonic-corona/venv/lib64/python3.12/site-packages/PyInstaller/hooks/hook-django.db.backends.oracle.base.py", "Python", 1, 0, 0, 0, 0, 0, 0, 0, 0, 0, 0, 0, 10, 2, 13
"/home/david/DVHS Robotics/bubonic-corona/venv/lib64/python3.12/site-packages/PyInstaller/hooks/hook-django.db.backends.py", "Python", 9, 0, 0, 0, 0, 0, 0, 0, 0, 0, 0, 0, 12, 5, 26
"/home/david/DVHS Robotics/bubonic-corona/venv/lib64/python3.12/site-packages/PyInstaller/hooks/hook-django.py", "Python", 56, 0, 0, 0, 0, 0, 0, 0, 0, 0, 0, 0, 26, 11, 93
"/home/david/DVHS Robotics/bubonic-corona/venv/lib64/python3.12/site-packages/PyInstaller/hooks/hook-django.template.loaders.py", "Python", 2, 0, 0, 0, 0, 0, 0, 0, 0, 0, 0, 0, 10, 3, 15
"/home/david/DVHS Robotics/bubonic-corona/venv/lib64/python3.12/site-packages/PyInstaller/hooks/hook-encodings.py", "Python", 2, 0, 0, 0, 0, 0, 0, 0, 0, 0, 0, 0, 10, 3, 15
"/home/david/DVHS Robotics/bubonic-corona/venv/lib64/python3.12/site-packages/PyInstaller/hooks/hook-gevent.py", "Python", 9, 0, 0, 0, 0, 0, 0, 0, 0, 0, 0, 0, 11, 5, 25
"/home/david/DVHS Robotics/bubonic-corona/venv/lib64/python3.12/site-packages/PyInstaller/hooks/hook-gi.py", "Python", 8, 0, 0, 0, 0, 0, 0, 0, 0, 0, 0, 0, 13, 6, 27
"/home/david/DVHS Robotics/bubonic-corona/venv/lib64/python3.12/site-packages/PyInstaller/hooks/hook-gi.repository.Adw.py", "Python", 4, 0, 0, 0, 0, 0, 0, 0, 0, 0, 0, 0, 10, 3, 17
"/home/david/DVHS Robotics/bubonic-corona/venv/lib64/python3.12/site-packages/PyInstaller/hooks/hook-gi.repository.AppIndicator3.py", "Python", 4, 0, 0, 0, 0, 0, 0, 0, 0, 0, 0, 0, 10, 3, 17
"/home/david/DVHS Robotics/bubonic-corona/venv/lib64/python3.12/site-packages/PyInstaller/hooks/hook-gi.repository.Atk.py", "Python", 12, 0, 0, 0, 0, 0, 0, 0, 0, 0, 0, 0, 11, 7, 30
"/home/david/DVHS Robotics/bubonic-corona/venv/lib64/python3.12/site-packages/PyInstaller/hooks/hook-gi.repository.AyatanaAppIndicator3.py", "Python", 4, 0, 0, 0, 0, 0, 0, 0, 0, 0, 0, 0, 10, 3, 17
"/home/david/DVHS Robotics/bubonic-corona/venv/lib64/python3.12/site-packages/PyInstaller/hooks/hook-gi.repository.Champlain.py", "Python", 4, 0, 0, 0, 0, 0, 0, 0, 0, 0, 0, 0, 10, 3, 17
"/home/david/DVHS Robotics/bubonic-corona/venv/lib64/python3.12/site-packages/PyInstaller/hooks/hook-gi.repository.Clutter.py", "Python", 4, 0, 0, 0, 0, 0, 0, 0, 0, 0, 0, 0, 10, 3, 17
"/home/david/DVHS Robotics/bubonic-corona/venv/lib64/python3.12/site-packages/PyInstaller/hooks/hook-gi.repository.DBus.py", "Python", 4, 0, 0, 0, 0, 0, 0, 0, 0, 0, 0, 0, 10, 3, 17
"/home/david/DVHS Robotics/bubonic-corona/venv/lib64/python3.12/site-packages/PyInstaller/hooks/hook-gi.repository.GIRepository.py", "Python", 4, 0, 0, 0, 0, 0, 0, 0, 0, 0, 0, 0, 10, 3, 17
"/home/david/DVHS Robotics/bubonic-corona/venv/lib64/python3.12/site-packages/PyInstaller/hooks/hook-gi.repository.GLib.py", "Python", 21, 0, 0, 0, 0, 0, 0, 0, 0, 0, 0, 0, 14, 11, 46
"/home/david/DVHS Robotics/bubonic-corona/venv/lib64/python3.12/site-packages/PyInstaller/hooks/hook-gi.repository.GLibUnix.py", "Python", 4, 0, 0, 0, 0, 0, 0, 0, 0, 0, 0, 0, 10, 3, 17
"/home/david/DVHS Robotics/bubonic-corona/venv/lib64/python3.12/site-packages/PyInstaller/hooks/hook-gi.repository.GLibWin32.py", "Python", 4, 0, 0, 0, 0, 0, 0, 0, 0, 0, 0, 0, 10, 3, 17
"/home/david/DVHS Robotics/bubonic-corona/venv/lib64/python3.12/site-packages/PyInstaller/hooks/hook-gi.repository.GModule.py", "Python", 4, 0, 0, 0, 0, 0, 0, 0, 0, 0, 0, 0, 10, 3, 17
"/home/david/DVHS Robotics/bubonic-corona/venv/lib64/python3.12/site-packages/PyInstaller/hooks/hook-gi.repository.GObject.py", "Python", 7, 0, 0, 0, 0, 0, 0, 0, 0, 0, 0, 0, 11, 2, 20
"/home/david/DVHS Robotics/bubonic-corona/venv/lib64/python3.12/site-packages/PyInstaller/hooks/hook-gi.repository.Gdk.py", "Python", 18, 0, 0, 0, 0, 0, 0, 0, 0, 0, 0, 0, 12, 7, 37
"/home/david/DVHS Robotics/bubonic-corona/venv/lib64/python3.12/site-packages/PyInstaller/hooks/hook-gi.repository.GdkPixbuf.py", "Python", 81, 0, 0, 0, 0, 0, 0, 0, 0, 0, 0, 0, 41, 29, 151
"/home/david/DVHS Robotics/bubonic-corona/venv/lib64/python3.12/site-packages/PyInstaller/hooks/hook-gi.repository.Gio.py", "Python", 40, 0, 0, 0, 0, 0, 0, 0, 0, 0, 0, 0, 19, 13, 72
"/home/david/DVHS Robotics/bubonic-corona/venv/lib64/python3.12/site-packages/PyInstaller/hooks/hook-gi.repository.GioUnix.py", "Python", 4, 0, 0, 0, 0, 0, 0, 0, 0, 0, 0, 0, 10, 3, 17
"/home/david/DVHS Robotics/bubonic-corona/venv/lib64/python3.12/site-packages/PyInstaller/hooks/hook-gi.repository.GioWin32.py", "Python", 4, 0, 0, 0, 0, 0, 0, 0, 0, 0, 0, 0, 10, 3, 17
"/home/david/DVHS Robotics/bubonic-corona/venv/lib64/python3.12/site-packages/PyInstaller/hooks/hook-gi.repository.Graphene.py", "Python", 4, 0, 0, 0, 0, 0, 0, 0, 0, 0, 0, 0, 10, 3, 17
"/home/david/DVHS Robotics/bubonic-corona/venv/lib64/python3.12/site-packages/PyInstaller/hooks/hook-gi.repository.Gsk.py", "Python", 4, 0, 0, 0, 0, 0, 0, 0, 0, 0, 0, 0, 10, 3, 17
"/home/david/DVHS Robotics/bubonic-corona/venv/lib64/python3.12/site-packages/PyInstaller/hooks/hook-gi.repository.Gst.py", "Python", 54, 0, 0, 0, 0, 0, 0, 0, 0, 0, 0, 0, 20, 20, 94
"/home/david/DVHS Robotics/bubonic-corona/venv/lib64/python3.12/site-packages/PyInstaller/hooks/hook-gi.repository.GstAllocators.py", "Python", 4, 0, 0, 0, 0, 0, 0, 0, 0, 0, 0, 0, 10, 3, 17
"/home/david/DVHS Robotics/bubonic-corona/venv/lib64/python3.12/site-packages/PyInstaller/hooks/hook-gi.repository.GstApp.py", "Python", 4, 0, 0, 0, 0, 0, 0, 0, 0, 0, 0, 0, 10, 3, 17
"/home/david/DVHS Robotics/bubonic-corona/venv/lib64/python3.12/site-packages/PyInstaller/hooks/hook-gi.repository.GstAudio.py", "Python", 4, 0, 0, 0, 0, 0, 0, 0, 0, 0, 0, 0, 10, 3, 17
"/home/david/DVHS Robotics/bubonic-corona/venv/lib64/python3.12/site-packages/PyInstaller/hooks/hook-gi.repository.GstBadAudio.py", "Python", 4, 0, 0, 0, 0, 0, 0, 0, 0, 0, 0, 0, 10, 3, 17
"/home/david/DVHS Robotics/bubonic-corona/venv/lib64/python3.12/site-packages/PyInstaller/hooks/hook-gi.repository.GstBase.py", "Python", 4, 0, 0, 0, 0, 0, 0, 0, 0, 0, 0, 0, 10, 3, 17
"/home/david/DVHS Robotics/bubonic-corona/venv/lib64/python3.12/site-packages/PyInstaller/hooks/hook-gi.repository.GstCheck.py", "Python", 4, 0, 0, 0, 0, 0, 0, 0, 0, 0, 0, 0, 10, 3, 17
"/home/david/DVHS Robotics/bubonic-corona/venv/lib64/python3.12/site-packages/PyInstaller/hooks/hook-gi.repository.GstCodecs.py", "Python", 4, 0, 0, 0, 0, 0, 0, 0, 0, 0, 0, 0, 10, 3, 17
"/home/david/DVHS Robotics/bubonic-corona/venv/lib64/python3.12/site-packages/PyInstaller/hooks/hook-gi.repository.GstController.py", "Python", 4, 0, 0, 0, 0, 0, 0, 0, 0, 0, 0, 0, 10, 3, 17
"/home/david/DVHS Robotics/bubonic-corona/venv/lib64/python3.12/site-packages/PyInstaller/hooks/hook-gi.repository.GstGL.py", "Python", 4, 0, 0, 0, 0, 0, 0, 0, 0, 0, 0, 0, 10, 3, 17
"/home/david/DVHS Robotics/bubonic-corona/venv/lib64/python3.12/site-packages/PyInstaller/hooks/hook-gi.repository.GstGLEGL.py", "Python", 4, 0, 0, 0, 0, 0, 0, 0, 0, 0, 0, 0, 10, 3, 17
"/home/david/DVHS Robotics/bubonic-corona/venv/lib64/python3.12/site-packages/PyInstaller/hooks/hook-gi.repository.GstGLWayland.py", "Python", 4, 0, 0, 0, 0, 0, 0, 0, 0, 0, 0, 0, 10, 3, 17
"/home/david/DVHS Robotics/bubonic-corona/venv/lib64/python3.12/site-packages/PyInstaller/hooks/hook-gi.repository.GstGLX11.py", "Python", 4, 0, 0, 0, 0, 0, 0, 0, 0, 0, 0, 0, 10, 3, 17
"/home/david/DVHS Robotics/bubonic-corona/venv/lib64/python3.12/site-packages/PyInstaller/hooks/hook-gi.repository.GstInsertBin.py", "Python", 4, 0, 0, 0, 0, 0, 0, 0, 0, 0, 0, 0, 10, 3, 17
"/home/david/DVHS Robotics/bubonic-corona/venv/lib64/python3.12/site-packages/PyInstaller/hooks/hook-gi.repository.GstMpegts.py", "Python", 4, 0, 0, 0, 0, 0, 0, 0, 0, 0, 0, 0, 10, 3, 17
"/home/david/DVHS Robotics/bubonic-corona/venv/lib64/python3.12/site-packages/PyInstaller/hooks/hook-gi.repository.GstNet.py", "Python", 4, 0, 0, 0, 0, 0, 0, 0, 0, 0, 0, 0, 10, 3, 17
"/home/david/DVHS Robotics/bubonic-corona/venv/lib64/python3.12/site-packages/PyInstaller/hooks/hook-gi.repository.GstPbutils.py", "Python", 4, 0, 0, 0, 0, 0, 0, 0, 0, 0, 0, 0, 10, 3, 17
"/home/david/DVHS Robotics/bubonic-corona/venv/lib64/python3.12/site-packages/PyInstaller/hooks/hook-gi.repository.GstPlay.py", "Python", 4, 0, 0, 0, 0, 0, 0, 0, 0, 0, 0, 0, 10, 3, 17
"/home/david/DVHS Robotics/bubonic-corona/venv/lib64/python3.12/site-packages/PyInstaller/hooks/hook-gi.repository.GstPlayer.py", "Python", 4, 0, 0, 0, 0, 0, 0, 0, 0, 0, 0, 0, 10, 3, 17
"/home/david/DVHS Robotics/bubonic-corona/venv/lib64/python3.12/site-packages/PyInstaller/hooks/hook-gi.repository.GstRtp.py", "Python", 4, 0, 0, 0, 0, 0, 0, 0, 0, 0, 0, 0, 10, 3, 17
"/home/david/DVHS Robotics/bubonic-corona/venv/lib64/python3.12/site-packages/PyInstaller/hooks/hook-gi.repository.GstRtsp.py", "Python", 4, 0, 0, 0, 0, 0, 0, 0, 0, 0, 0, 0, 10, 3, 17
"/home/david/DVHS Robotics/bubonic-corona/venv/lib64/python3.12/site-packages/PyInstaller/hooks/hook-gi.repository.GstRtspServer.py", "Python", 4, 0, 0, 0, 0, 0, 0, 0, 0, 0, 0, 0, 10, 3, 17
"/home/david/DVHS Robotics/bubonic-corona/venv/lib64/python3.12/site-packages/PyInstaller/hooks/hook-gi.repository.GstSdp.py", "Python", 4, 0, 0, 0, 0, 0, 0, 0, 0, 0, 0, 0, 10, 3, 17
"/home/david/DVHS Robotics/bubonic-corona/venv/lib64/python3.12/site-packages/PyInstaller/hooks/hook-gi.repository.GstTag.py", "Python", 4, 0, 0, 0, 0, 0, 0, 0, 0, 0, 0, 0, 10, 3, 17
"/home/david/DVHS Robotics/bubonic-corona/venv/lib64/python3.12/site-packages/PyInstaller/hooks/hook-gi.repository.GstTranscoder.py", "Python", 4, 0, 0, 0, 0, 0, 0, 0, 0, 0, 0, 0, 10, 3, 17
"/home/david/DVHS Robotics/bubonic-corona/venv/lib64/python3.12/site-packages/PyInstaller/hooks/hook-gi.repository.GstVideo.py", "Python", 4, 0, 0, 0, 0, 0, 0, 0, 0, 0, 0, 0, 10, 3, 17
"/home/david/DVHS Robotics/bubonic-corona/venv/lib64/python3.12/site-packages/PyInstaller/hooks/hook-gi.repository.GstVulkan.py", "Python", 4, 0, 0, 0, 0, 0, 0, 0, 0, 0, 0, 0, 10, 3, 17
"/home/david/DVHS Robotics/bubonic-corona/venv/lib64/python3.12/site-packages/PyInstaller/hooks/hook-gi.repository.GstVulkanWayland.py", "Python", 4, 0, 0, 0, 0, 0, 0, 0, 0, 0, 0, 0, 10, 3, 17
"/home/david/DVHS Robotics/bubonic-corona/venv/lib64/python3.12/site-packages/PyInstaller/hooks/hook-gi.repository.GstVulkanXCB.py", "Python", 4, 0, 0, 0, 0, 0, 0, 0, 0, 0, 0, 0, 10, 3, 17
"/home/david/DVHS Robotics/bubonic-corona/venv/lib64/python3.12/site-packages/PyInstaller/hooks/hook-gi.repository.GstWebRTC.py", "Python", 4, 0, 0, 0, 0, 0, 0, 0, 0, 0, 0, 0, 10, 3, 17
"/home/david/DVHS Robotics/bubonic-corona/venv/lib64/python3.12/site-packages/PyInstaller/hooks/hook-gi.repository.Gtk.py", "Python", 33, 0, 0, 0, 0, 0, 0, 0, 0, 0, 0, 0, 15, 12, 60
"/home/david/DVHS Robotics/bubonic-corona/venv/lib64/python3.12/site-packages/PyInstaller/hooks/hook-gi.repository.GtkChamplain.py", "Python", 4, 0, 0, 0, 0, 0, 0, 0, 0, 0, 0, 0, 10, 3, 17
"/home/david/DVHS Robotics/bubonic-corona/venv/lib64/python3.12/site-packages/PyInstaller/hooks/hook-gi.repository.GtkClutter.py", "Python", 4, 0, 0, 0, 0, 0, 0, 0, 0, 0, 0, 0, 10, 3, 17
"/home/david/DVHS Robotics/bubonic-corona/venv/lib64/python3.12/site-packages/PyInstaller/hooks/hook-gi.repository.GtkSource.py", "Python", 10, 0, 0, 0, 0, 0, 0, 0, 0, 0, 0, 0, 15, 7, 32
"/home/david/DVHS Robotics/bubonic-corona/venv/lib64/python3.12/site-packages/PyInstaller/hooks/hook-gi.repository.GtkosxApplication.py", "Python", 6, 0, 0, 0, 0, 0, 0, 0, 0, 0, 0, 0, 10, 3, 19
"/home/david/DVHS Robotics/bubonic-corona/venv/lib64/python3.12/site-packages/PyInstaller/hooks/hook-gi.repository.HarfBuzz.py", "Python", 4, 0, 0, 0, 0, 0, 0, 0, 0, 0, 0, 0, 10, 3, 17
"/home/david/DVHS Robotics/bubonic-corona/venv/lib64/python3.12/site-packages/PyInstaller/hooks/hook-gi.repository.OsmGpsMap.py", "Python", 4, 0, 0, 0, 0, 0, 0, 0, 0, 0, 0, 0, 10, 3, 17
"/home/david/DVHS Robotics/bubonic-corona/venv/lib64/python3.12/site-packages/PyInstaller/hooks/hook-gi.repository.Pango.py", "Python", 4, 0, 0, 0, 0, 0, 0, 0, 0, 0, 0, 0, 10, 3, 17
"/home/david/DVHS Robotics/bubonic-corona/venv/lib64/python3.12/site-packages/PyInstaller/hooks/hook-gi.repository.PangoCairo.py", "Python", 4, 0, 0, 0, 0, 0, 0, 0, 0, 0, 0, 0, 10, 3, 17
"/home/david/DVHS Robotics/bubonic-corona/venv/lib64/python3.12/site-packages/PyInstaller/hooks/hook-gi.repository.Rsvg.py", "Python", 4, 0, 0, 0, 0, 0, 0, 0, 0, 0, 0, 0, 10, 3, 17
"/home/david/DVHS Robotics/bubonic-corona/venv/lib64/python3.12/site-packages/PyInstaller/hooks/hook-gi.repository.cairo.py", "Python", 4, 0, 0, 0, 0, 0, 0, 0, 0, 0, 0, 0, 10, 3, 17
"/home/david/DVHS Robotics/bubonic-corona/venv/lib64/python3.12/site-packages/PyInstaller/hooks/hook-gi.repository.freetype2.py", "Python", 4, 0, 0, 0, 0, 0, 0, 0, 0, 0, 0, 0, 10, 3, 17
"/home/david/DVHS Robotics/bubonic-corona/venv/lib64/python3.12/site-packages/PyInstaller/hooks/hook-gi.repository.xlib.py", "Python", 4, 0, 0, 0, 0, 0, 0, 0, 0, 0, 0, 0, 10, 3, 17
"/home/david/DVHS Robotics/bubonic-corona/venv/lib64/python3.12/site-packages/PyInstaller/hooks/hook-heapq.py", "Python", 1, 0, 0, 0, 0, 0, 0, 0, 0, 0, 0, 0, 11, 2, 14
"/home/david/DVHS Robotics/bubonic-corona/venv/lib64/python3.12/site-packages/PyInstaller/hooks/hook-idlelib.py", "Python", 2, 0, 0, 0, 0, 0, 0, 0, 0, 0, 0, 0, 10, 3, 15
"/home/david/DVHS Robotics/bubonic-corona/venv/lib64/python3.12/site-packages/PyInstaller/hooks/hook-importlib_metadata.py", "Python", 2, 0, 0, 0, 0, 0, 0, 0, 0, 0, 0, 0, 20, 3, 25
"/home/david/DVHS Robotics/bubonic-corona/venv/lib64/python3.12/site-packages/PyInstaller/hooks/hook-importlib_resources.py", "Python", 5, 0, 0, 0, 0, 0, 0, 0, 0, 0, 0, 0, 14, 4, 23
"/home/david/DVHS Robotics/bubonic-corona/venv/lib64/python3.12/site-packages/PyInstaller/hooks/hook-keyring.py", "Python", 3, 0, 0, 0, 0, 0, 0, 0, 0, 0, 0, 0, 13, 4, 20
"/home/david/DVHS Robotics/bubonic-corona/venv/lib64/python3.12/site-packages/PyInstaller/hooks/hook-kivy.py", "Python", 11, 0, 0, 0, 0, 0, 0, 0, 0, 0, 0, 0, 10, 5, 26
"/home/david/DVHS Robotics/bubonic-corona/venv/lib64/python3.12/site-packages/PyInstaller/hooks/hook-lib2to3.py", "Python", 2, 0, 0, 0, 0, 0, 0, 0, 0, 0, 0, 0, 11, 4, 17
"/home/david/DVHS Robotics/bubonic-corona/venv/lib64/python3.12/site-packages/PyInstaller/hooks/hook-matplotlib.backend_bases.py", "Python", 1, 0, 0, 0, 0, 0, 0, 0, 0, 0, 0, 0, 10, 2, 13
"/home/david/DVHS Robotics/bubonic-corona/venv/lib64/python3.12/site-packages/PyInstaller/hooks/hook-matplotlib.backends.backend_qtagg.py", "Python", 1, 0, 0, 0, 0, 0, 0, 0, 0, 0, 0, 0, 14, 2, 17
"/home/david/DVHS Robotics/bubonic-corona/venv/lib64/python3.12/site-packages/PyInstaller/hooks/hook-matplotlib.backends.backend_qtcairo.py", "Python", 1, 0, 0, 0, 0, 0, 0, 0, 0, 0, 0, 0, 14, 2, 17
"/home/david/DVHS Robotics/bubonic-corona/venv/lib64/python3.12/site-packages/PyInstaller/hooks/hook-matplotlib.backends.py", "Python", 113, 0, 0, 0, 0, 0, 0, 0, 0, 0, 0, 0, 75, 39, 227
"/home/david/DVHS Robotics/bubonic-corona/venv/lib64/python3.12/site-packages/PyInstaller/hooks/hook-matplotlib.backends.qt_compat.py", "Python", 5, 0, 0, 0, 0, 0, 0, 0, 0, 0, 0, 0, 19, 3, 27
"/home/david/DVHS Robotics/bubonic-corona/venv/lib64/python3.12/site-packages/PyInstaller/hooks/hook-matplotlib.numerix.py", "Python", 7, 0, 0, 0, 0, 0, 0, 0, 0, 0, 0, 0, 13, 2, 22
"/home/david/DVHS Robotics/bubonic-corona/venv/lib64/python3.12/site-packages/PyInstaller/hooks/hook-matplotlib.py", "Python", 15, 0, 0, 0, 0, 0, 0, 0, 0, 0, 0, 0, 15, 9, 39
"/home/david/DVHS Robotics/bubonic-corona/venv/lib64/python3.12/site-packages/PyInstaller/hooks/hook-matplotlib.pyplot.py", "Python", 1, 0, 0, 0, 0, 0, 0, 0, 0, 0, 0, 0, 10, 2, 13
"/home/david/DVHS Robotics/bubonic-corona/venv/lib64/python3.12/site-packages/PyInstaller/hooks/hook-multiprocessing.util.py", "Python", 1, 0, 0, 0, 0, 0, 0, 0, 0, 0, 0, 0, 13, 3, 17
"/home/david/DVHS Robotics/bubonic-corona/venv/lib64/python3.12/site-packages/PyInstaller/hooks/hook-numpy.py", "Python", 44, 0, 0, 0, 0, 0, 0, 0, 0, 0, 0, 0, 68, 18, 130
"/home/david/DVHS Robotics/bubonic-corona/venv/lib64/python3.12/site-packages/PyInstaller/hooks/hook-pandas.io.clipboard.py", "Python", 1, 0, 0, 0, 0, 0, 0, 0, 0, 0, 0, 0, 17, 2, 20
"/home/david/DVHS Robotics/bubonic-corona/venv/lib64/python3.12/site-packages/PyInstaller/hooks/hook-pandas.io.formats.style.py", "Python", 3, 0, 0, 0, 0, 0, 0, 0, 0, 0, 0, 0, 12, 4, 19
"/home/david/DVHS Robotics/bubonic-corona/venv/lib64/python3.12/site-packages/PyInstaller/hooks/hook-pandas.plotting.py", "Python", 3, 0, 0, 0, 0, 0, 0, 0, 0, 0, 0, 0, 13, 3, 19
"/home/david/DVHS Robotics/bubonic-corona/venv/lib64/python3.12/site-packages/PyInstaller/hooks/hook-pandas.py", "Python", 13, 0, 0, 0, 0, 0, 0, 0, 0, 0, 0, 0, 16, 8, 37
"/home/david/DVHS Robotics/bubonic-corona/venv/lib64/python3.12/site-packages/PyInstaller/hooks/hook-pickle.py", "Python", 1, 0, 0, 0, 0, 0, 0, 0, 0, 0, 0, 0, 11, 2, 14
"/home/david/DVHS Robotics/bubonic-corona/venv/lib64/python3.12/site-packages/PyInstaller/hooks/hook-pkg_resources.py", "Python", 29, 0, 0, 0, 0, 0, 0, 0, 0, 0, 0, 0, 32, 8, 69
"/home/david/DVHS Robotics/bubonic-corona/venv/lib64/python3.12/site-packages/PyInstaller/hooks/hook-platform.py", "Python", 6, 0, 0, 0, 0, 0, 0, 0, 0, 0, 0, 0, 18, 4, 28
"/home/david/DVHS Robotics/bubonic-corona/venv/lib64/python3.12/site-packages/PyInstaller/hooks/hook-pygments.py", "Python", 4, 0, 0, 0, 0, 0, 0, 0, 0, 0, 0, 0, 22, 4, 30
"/home/david/DVHS Robotics/bubonic-corona/venv/lib64/python3.12/site-packages/PyInstaller/hooks/hook-pytz.py", "Python", 3, 0, 0, 0, 0, 0, 0, 0, 0, 0, 0, 0, 14, 4, 21
"/home/david/DVHS Robotics/bubonic-corona/venv/lib64/python3.12/site-packages/PyInstaller/hooks/hook-pytzdata.py", "Python", 2, 0, 0, 0, 0, 0, 0, 0, 0, 0, 0, 0, 10, 3, 15
"/home/david/DVHS Robotics/bubonic-corona/venv/lib64/python3.12/site-packages/PyInstaller/hooks/hook-qtawesome.py", "Python", 2, 0, 0, 0, 0, 0, 0, 0, 0, 0, 0, 0, 15, 3, 20
"/home/david/DVHS Robotics/bubonic-corona/venv/lib64/python3.12/site-packages/PyInstaller/hooks/hook-qtpy.py", "Python", 5, 0, 0, 0, 0, 0, 0, 0, 0, 0, 0, 0, 18, 3, 26
"/home/david/DVHS Robotics/bubonic-corona/venv/lib64/python3.12/site-packages/PyInstaller/hooks/hook-scapy.layers.all.py", "Python", 2, 0, 0, 0, 0, 0, 0, 0, 0, 0, 0, 0, 14, 4, 20
"/home/david/DVHS Robotics/bubonic-corona/venv/lib64/python3.12/site-packages/PyInstaller/hooks/hook-scipy.io.matlab.py", "Python", 1, 0, 0, 0, 0, 0, 0, 0, 0, 0, 0, 0, 11, 2, 14
"/home/david/DVHS Robotics/bubonic-corona/venv/lib64/python3.12/site-packages/PyInstaller/hooks/hook-scipy.linalg.py", "Python", 1, 0, 0, 0, 0, 0, 0, 0, 0, 0, 0, 0, 11, 2, 14
"/home/david/DVHS Robotics/bubonic-corona/venv/lib64/python3.12/site-packages/PyInstaller/hooks/hook-scipy.py", "Python", 29, 0, 0, 0, 0, 0, 0, 0, 0, 0, 0, 0, 25, 11, 65
"/home/david/DVHS Robotics/bubonic-corona/venv/lib64/python3.12/site-packages/PyInstaller/hooks/hook-scipy.sparse.csgraph.py", "Python", 1, 0, 0, 0, 0, 0, 0, 0, 0, 0, 0, 0, 11, 2, 14
"/home/david/DVHS Robotics/bubonic-corona/venv/lib64/python3.12/site-packages/PyInstaller/hooks/hook-scipy.spatial._ckdtree.py", "Python", 3, 0, 0, 0, 0, 0, 0, 0, 0, 0, 0, 0, 11, 3, 17
"/home/david/DVHS Robotics/bubonic-corona/venv/lib64/python3.12/site-packages/PyInstaller/hooks/hook-scipy.spatial.transform.rotation.py", "Python", 3, 0, 0, 0, 0, 0, 0, 0, 0, 0, 0, 0, 12, 3, 18
"/home/david/DVHS Robotics/bubonic-corona/venv/lib64/python3.12/site-packages/PyInstaller/hooks/hook-scipy.special._ellip_harm_2.py", "Python", 1, 0, 0, 0, 0, 0, 0, 0, 0, 0, 0, 0, 28, 2, 31
"/home/david/DVHS Robotics/bubonic-corona/venv/lib64/python3.12/site-packages/PyInstaller/hooks/hook-scipy.special._ufuncs.py", "Python", 6, 0, 0, 0, 0, 0, 0, 0, 0, 0, 0, 0, 15, 5, 26
"/home/david/DVHS Robotics/bubonic-corona/venv/lib64/python3.12/site-packages/PyInstaller/hooks/hook-scipy.stats._stats.py", "Python", 3, 0, 0, 0, 0, 0, 0, 0, 0, 0, 0, 0, 10, 3, 16
"/home/david/DVHS Robotics/bubonic-corona/venv/lib64/python3.12/site-packages/PyInstaller/hooks/hook-scrapy.py", "Python", 3, 0, 0, 0, 0, 0, 0, 0, 0, 0, 0, 0, 12, 4, 19
"/home/david/DVHS Robotics/bubonic-corona/venv/lib64/python3.12/site-packages/PyInstaller/hooks/hook-setuptools._vendor.importlib_metadata.py", "Python", 4, 0, 0, 0, 0, 0, 0, 0, 0, 0, 0, 0, 14, 4, 22
"/home/david/DVHS Robotics/bubonic-corona/venv/lib64/python3.12/site-packages/PyInstaller/hooks/hook-setuptools._vendor.jaraco.text.py", "Python", 4, 0, 0, 0, 0, 0, 0, 0, 0, 0, 0, 0, 12, 3, 19
"/home/david/DVHS Robotics/bubonic-corona/venv/lib64/python3.12/site-packages/PyInstaller/hooks/hook-setuptools.py", "Python", 18, 0, 0, 0, 0, 0, 0, 0, 0, 0, 0, 0, 49, 9, 76
"/home/david/DVHS Robotics/bubonic-corona/venv/lib64/python3.12/site-packages/PyInstaller/hooks/hook-shelve.py", "Python", 1, 0, 0, 0, 0, 0, 0, 0, 0, 0, 0, 0, 11, 3, 15
"/home/david/DVHS Robotics/bubonic-corona/venv/lib64/python3.12/site-packages/PyInstaller/hooks/hook-shiboken6.py", "Python", 3, 0, 0, 0, 0, 0, 0, 0, 0, 0, 0, 0, 12, 3, 18
"/home/david/DVHS Robotics/bubonic-corona/venv/lib64/python3.12/site-packages/PyInstaller/hooks/hook-sphinx.py", "Python", 12, 0, 0, 0, 0, 0, 0, 0, 0, 0, 0, 0, 24, 6, 42
"/home/david/DVHS Robotics/bubonic-corona/venv/lib64/python3.12/site-packages/PyInstaller/hooks/hook-sqlalchemy.py", "Python", 41, 0, 0, 0, 0, 0, 0, 0, 0, 0, 0, 0, 28, 20, 89
"/home/david/DVHS Robotics/bubonic-corona/venv/lib64/python3.12/site-packages/PyInstaller/hooks/hook-sqlite3.py", "Python", 5, 0, 0, 0, 0, 0, 0, 0, 0, 0, 0, 0, 11, 4, 20
"/home/david/DVHS Robotics/bubonic-corona/venv/lib64/python3.12/site-packages/PyInstaller/hooks/hook-sysconfig.py", "Python", 8, 0, 0, 0, 0, 0, 0, 0, 0, 0, 0, 0, 19, 3, 30
"/home/david/DVHS Robotics/bubonic-corona/venv/lib64/python3.12/site-packages/PyInstaller/hooks/hook-wcwidth.py", "Python", 2, 0, 0, 0, 0, 0, 0, 0, 0, 0, 0, 0, 10, 3, 15
"/home/david/DVHS Robotics/bubonic-corona/venv/lib64/python3.12/site-packages/PyInstaller/hooks/hook-win32ctypes.core.py", "Python", 4, 0, 0, 0, 0, 0, 0, 0, 0, 0, 0, 0, 15, 4, 23
"/home/david/DVHS Robotics/bubonic-corona/venv/lib64/python3.12/site-packages/PyInstaller/hooks/hook-xml.dom.domreg.py", "Python", 1, 0, 0, 0, 0, 0, 0, 0, 0, 0, 0, 0, 11, 2, 14
"/home/david/DVHS Robotics/bubonic-corona/venv/lib64/python3.12/site-packages/PyInstaller/hooks/hook-xml.etree.cElementTree.py", "Python", 1, 0, 0, 0, 0, 0, 0, 0, 0, 0, 0, 0, 11, 2, 14
"/home/david/DVHS Robotics/bubonic-corona/venv/lib64/python3.12/site-packages/PyInstaller/hooks/hook-xml.py", "Python", 1, 0, 0, 0, 0, 0, 0, 0, 0, 0, 0, 0, 10, 2, 13
"/home/david/DVHS Robotics/bubonic-corona/venv/lib64/python3.12/site-packages/PyInstaller/hooks/hook-zope.interface.py", "Python", 1, 0, 0, 0, 0, 0, 0, 0, 0, 0, 0, 0, 10, 2, 13
"/home/david/DVHS Robotics/bubonic-corona/venv/lib64/python3.12/site-packages/PyInstaller/hooks/pre_find_module_path/__init__.py", "Python", 0, 0, 0, 0, 0, 0, 0, 0, 0, 0, 0, 0, 1, 1, 2
"/home/david/DVHS Robotics/bubonic-corona/venv/lib64/python3.12/site-packages/PyInstaller/hooks/pre_find_module_path/hook-PyQt5.uic.port_v2.py", "Python", 2, 0, 0, 0, 0, 0, 0, 0, 0, 0, 0, 0, 11, 3, 16
"/home/david/DVHS Robotics/bubonic-corona/venv/lib64/python3.12/site-packages/PyInstaller/hooks/pre_find_module_path/hook-_pyi_rth_utils.py", "Python", 5, 0, 0, 0, 0, 0, 0, 0, 0, 0, 0, 0, 16, 5, 26
"/home/david/DVHS Robotics/bubonic-corona/venv/lib64/python3.12/site-packages/PyInstaller/hooks/pre_find_module_path/hook-distutils.py", "Python", 13, 0, 0, 0, 0, 0, 0, 0, 0, 0, 0, 0, 27, 7, 47
"/home/david/DVHS Robotics/bubonic-corona/venv/lib64/python3.12/site-packages/PyInstaller/hooks/pre_find_module_path/hook-pyi_splash.py", "Python", 13, 0, 0, 0, 0, 0, 0, 0, 0, 0, 0, 0, 18, 6, 37
"/home/david/DVHS Robotics/bubonic-corona/venv/lib64/python3.12/site-packages/PyInstaller/hooks/pre_find_module_path/hook-tkinter.py", "Python", 7, 0, 0, 0, 0, 0, 0, 0, 0, 0, 0, 0, 10, 5, 22
"/home/david/DVHS Robotics/bubonic-corona/venv/lib64/python3.12/site-packages/PyInstaller/hooks/pre_safe_import_module/__init__.py", "Python", 0, 0, 0, 0, 0, 0, 0, 0, 0, 0, 0, 0, 1, 1, 2
"/home/david/DVHS Robotics/bubonic-corona/venv/lib64/python3.12/site-packages/PyInstaller/hooks/pre_safe_import_module/hook-autocommand.py", "Python", 1, 0, 0, 0, 0, 0, 0, 0, 0, 0, 0, 0, 13, 2, 16
"/home/david/DVHS Robotics/bubonic-corona/venv/lib64/python3.12/site-packages/PyInstaller/hooks/pre_safe_import_module/hook-backports.py", "Python", 2, 0, 0, 0, 0, 0, 0, 0, 0, 0, 0, 0, 14, 2, 18
"/home/david/DVHS Robotics/bubonic-corona/venv/lib64/python3.12/site-packages/PyInstaller/hooks/pre_safe_import_module/hook-backports.tarfile.py", "Python", 1, 0, 0, 0, 0, 0, 0, 0, 0, 0, 0, 0, 13, 2, 16
"/home/david/DVHS Robotics/bubonic-corona/venv/lib64/python3.12/site-packages/PyInstaller/hooks/pre_safe_import_module/hook-distutils.py", "Python", 6, 0, 0, 0, 0, 0, 0, 0, 0, 0, 0, 0, 14, 4, 24
"/home/david/DVHS Robotics/bubonic-corona/venv/lib64/python3.12/site-packages/PyInstaller/hooks/pre_safe_import_module/hook-gi.overrides.py", "Python", 10, 0, 0, 0, 0, 0, 0, 0, 0, 0, 0, 0, 12, 5, 27
"/home/david/DVHS Robotics/bubonic-corona/venv/lib64/python3.12/site-packages/PyInstaller/hooks/pre_safe_import_module/hook-gi.py", "Python", 10, 0, 0, 0, 0, 0, 0, 0, 0, 0, 0, 0, 26, 5, 41
"/home/david/DVHS Robotics/bubonic-corona/venv/lib64/python3.12/site-packages/PyInstaller/hooks/pre_safe_import_module/hook-gi.repository.Adw.py", "Python", 2, 0, 0, 0, 0, 0, 0, 0, 0, 0, 0, 0, 12, 3, 17
"/home/david/DVHS Robotics/bubonic-corona/venv/lib64/python3.12/site-packages/PyInstaller/hooks/pre_safe_import_module/hook-gi.repository.AppIndicator3.py", "Python", 2, 0, 0, 0, 0, 0, 0, 0, 0, 0, 0, 0, 12, 3, 17
"/home/david/DVHS Robotics/bubonic-corona/venv/lib64/python3.12/site-packages/PyInstaller/hooks/pre_safe_import_module/hook-gi.repository.Atk.py", "Python", 2, 0, 0, 0, 0, 0, 0, 0, 0, 0, 0, 0, 12, 3, 17
"/home/david/DVHS Robotics/bubonic-corona/venv/lib64/python3.12/site-packages/PyInstaller/hooks/pre_safe_import_module/hook-gi.repository.AyatanaAppIndicator3.py", "Python", 2, 0, 0, 0, 0, 0, 0, 0, 0, 0, 0, 0, 12, 3, 17
"/home/david/DVHS Robotics/bubonic-corona/venv/lib64/python3.12/site-packages/PyInstaller/hooks/pre_safe_import_module/hook-gi.repository.Champlain.py", "Python", 2, 0, 0, 0, 0, 0, 0, 0, 0, 0, 0, 0, 12, 3, 17
"/home/david/DVHS Robotics/bubonic-corona/venv/lib64/python3.12/site-packages/PyInstaller/hooks/pre_safe_import_module/hook-gi.repository.Clutter.py", "Python", 2, 0, 0, 0, 0, 0, 0, 0, 0, 0, 0, 0, 12, 3, 17
"/home/david/DVHS Robotics/bubonic-corona/venv/lib64/python3.12/site-packages/PyInstaller/hooks/pre_safe_import_module/hook-gi.repository.DBus.py", "Python", 2, 0, 0, 0, 0, 0, 0, 0, 0, 0, 0, 0, 12, 3, 17
"/home/david/DVHS Robotics/bubonic-corona/venv/lib64/python3.12/site-packages/PyInstaller/hooks/pre_safe_import_module/hook-gi.repository.GIRepository.py", "Python", 2, 0, 0, 0, 0, 0, 0, 0, 0, 0, 0, 0, 12, 3, 17
"/home/david/DVHS Robotics/bubonic-corona/venv/lib64/python3.12/site-packages/PyInstaller/hooks/pre_safe_import_module/hook-gi.repository.GLib.py", "Python", 2, 0, 0, 0, 0, 0, 0, 0, 0, 0, 0, 0, 12, 3, 17
"/home/david/DVHS Robotics/bubonic-corona/venv/lib64/python3.12/site-packages/PyInstaller/hooks/pre_safe_import_module/hook-gi.repository.GLibUnix.py", "Python", 2, 0, 0, 0, 0, 0, 0, 0, 0, 0, 0, 0, 12, 3, 17
"/home/david/DVHS Robotics/bubonic-corona/venv/lib64/python3.12/site-packages/PyInstaller/hooks/pre_safe_import_module/hook-gi.repository.GLibWin32.py", "Python", 2, 0, 0, 0, 0, 0, 0, 0, 0, 0, 0, 0, 12, 3, 17
"/home/david/DVHS Robotics/bubonic-corona/venv/lib64/python3.12/site-packages/PyInstaller/hooks/pre_safe_import_module/hook-gi.repository.GModule.py", "Python", 2, 0, 0, 0, 0, 0, 0, 0, 0, 0, 0, 0, 12, 3, 17
"/home/david/DVHS Robotics/bubonic-corona/venv/lib64/python3.12/site-packages/PyInstaller/hooks/pre_safe_import_module/hook-gi.repository.GObject.py", "Python", 2, 0, 0, 0, 0, 0, 0, 0, 0, 0, 0, 0, 12, 3, 17
"/home/david/DVHS Robotics/bubonic-corona/venv/lib64/python3.12/site-packages/PyInstaller/hooks/pre_safe_import_module/hook-gi.repository.Gdk.py", "Python", 2, 0, 0, 0, 0, 0, 0, 0, 0, 0, 0, 0, 12, 3, 17
"/home/david/DVHS Robotics/bubonic-corona/venv/lib64/python3.12/site-packages/PyInstaller/hooks/pre_safe_import_module/hook-gi.repository.GdkPixbuf.py", "Python", 2, 0, 0, 0, 0, 0, 0, 0, 0, 0, 0, 0, 12, 3, 17
"/home/david/DVHS Robotics/bubonic-corona/venv/lib64/python3.12/site-packages/PyInstaller/hooks/pre_safe_import_module/hook-gi.repository.Gio.py", "Python", 2, 0, 0, 0, 0, 0, 0, 0, 0, 0, 0, 0, 12, 3, 17
"/home/david/DVHS Robotics/bubonic-corona/venv/lib64/python3.12/site-packages/PyInstaller/hooks/pre_safe_import_module/hook-gi.repository.GioUnix.py", "Python", 2, 0, 0, 0, 0, 0, 0, 0, 0, 0, 0, 0, 12, 3, 17
"/home/david/DVHS Robotics/bubonic-corona/venv/lib64/python3.12/site-packages/PyInstaller/hooks/pre_safe_import_module/hook-gi.repository.GioWin32.py", "Python", 2, 0, 0, 0, 0, 0, 0, 0, 0, 0, 0, 0, 12, 3, 17
"/home/david/DVHS Robotics/bubonic-corona/venv/lib64/python3.12/site-packages/PyInstaller/hooks/pre_safe_import_module/hook-gi.repository.Graphene.py", "Python", 2, 0, 0, 0, 0, 0, 0, 0, 0, 0, 0, 0, 12, 3, 17
"/home/david/DVHS Robotics/bubonic-corona/venv/lib64/python3.12/site-packages/PyInstaller/hooks/pre_safe_import_module/hook-gi.repository.Gsk.py", "Python", 2, 0, 0, 0, 0, 0, 0, 0, 0, 0, 0, 0, 12, 3, 17
"/home/david/DVHS Robotics/bubonic-corona/venv/lib64/python3.12/site-packages/PyInstaller/hooks/pre_safe_import_module/hook-gi.repository.Gst.py", "Python", 2, 0, 0, 0, 0, 0, 0, 0, 0, 0, 0, 0, 12, 3, 17
"/home/david/DVHS Robotics/bubonic-corona/venv/lib64/python3.12/site-packages/PyInstaller/hooks/pre_safe_import_module/hook-gi.repository.GstAllocators.py", "Python", 2, 0, 0, 0, 0, 0, 0, 0, 0, 0, 0, 0, 12, 3, 17
"/home/david/DVHS Robotics/bubonic-corona/venv/lib64/python3.12/site-packages/PyInstaller/hooks/pre_safe_import_module/hook-gi.repository.GstApp.py", "Python", 2, 0, 0, 0, 0, 0, 0, 0, 0, 0, 0, 0, 12, 3, 17
"/home/david/DVHS Robotics/bubonic-corona/venv/lib64/python3.12/site-packages/PyInstaller/hooks/pre_safe_import_module/hook-gi.repository.GstAudio.py", "Python", 2, 0, 0, 0, 0, 0, 0, 0, 0, 0, 0, 0, 12, 3, 17
"/home/david/DVHS Robotics/bubonic-corona/venv/lib64/python3.12/site-packages/PyInstaller/hooks/pre_safe_import_module/hook-gi.repository.GstBadAudio.py", "Python", 2, 0, 0, 0, 0, 0, 0, 0, 0, 0, 0, 0, 12, 3, 17
"/home/david/DVHS Robotics/bubonic-corona/venv/lib64/python3.12/site-packages/PyInstaller/hooks/pre_safe_import_module/hook-gi.repository.GstBase.py", "Python", 2, 0, 0, 0, 0, 0, 0, 0, 0, 0, 0, 0, 12, 3, 17
"/home/david/DVHS Robotics/bubonic-corona/venv/lib64/python3.12/site-packages/PyInstaller/hooks/pre_safe_import_module/hook-gi.repository.GstCheck.py", "Python", 2, 0, 0, 0, 0, 0, 0, 0, 0, 0, 0, 0, 12, 3, 17
"/home/david/DVHS Robotics/bubonic-corona/venv/lib64/python3.12/site-packages/PyInstaller/hooks/pre_safe_import_module/hook-gi.repository.GstCodecs.py", "Python", 2, 0, 0, 0, 0, 0, 0, 0, 0, 0, 0, 0, 12, 3, 17
"/home/david/DVHS Robotics/bubonic-corona/venv/lib64/python3.12/site-packages/PyInstaller/hooks/pre_safe_import_module/hook-gi.repository.GstController.py", "Python", 2, 0, 0, 0, 0, 0, 0, 0, 0, 0, 0, 0, 12, 3, 17
"/home/david/DVHS Robotics/bubonic-corona/venv/lib64/python3.12/site-packages/PyInstaller/hooks/pre_safe_import_module/hook-gi.repository.GstGL.py", "Python", 2, 0, 0, 0, 0, 0, 0, 0, 0, 0, 0, 0, 12, 3, 17
"/home/david/DVHS Robotics/bubonic-corona/venv/lib64/python3.12/site-packages/PyInstaller/hooks/pre_safe_import_module/hook-gi.repository.GstGLEGL.py", "Python", 2, 0, 0, 0, 0, 0, 0, 0, 0, 0, 0, 0, 12, 3, 17
"/home/david/DVHS Robotics/bubonic-corona/venv/lib64/python3.12/site-packages/PyInstaller/hooks/pre_safe_import_module/hook-gi.repository.GstGLWayland.py", "Python", 2, 0, 0, 0, 0, 0, 0, 0, 0, 0, 0, 0, 12, 3, 17
"/home/david/DVHS Robotics/bubonic-corona/venv/lib64/python3.12/site-packages/PyInstaller/hooks/pre_safe_import_module/hook-gi.repository.GstGLX11.py", "Python", 2, 0, 0, 0, 0, 0, 0, 0, 0, 0, 0, 0, 12, 3, 17
"/home/david/DVHS Robotics/bubonic-corona/venv/lib64/python3.12/site-packages/PyInstaller/hooks/pre_safe_import_module/hook-gi.repository.GstInsertBin.py", "Python", 2, 0, 0, 0, 0, 0, 0, 0, 0, 0, 0, 0, 12, 3, 17
"/home/david/DVHS Robotics/bubonic-corona/venv/lib64/python3.12/site-packages/PyInstaller/hooks/pre_safe_import_module/hook-gi.repository.GstMpegts.py", "Python", 2, 0, 0, 0, 0, 0, 0, 0, 0, 0, 0, 0, 12, 3, 17
"/home/david/DVHS Robotics/bubonic-corona/venv/lib64/python3.12/site-packages/PyInstaller/hooks/pre_safe_import_module/hook-gi.repository.GstNet.py", "Python", 2, 0, 0, 0, 0, 0, 0, 0, 0, 0, 0, 0, 12, 3, 17
"/home/david/DVHS Robotics/bubonic-corona/venv/lib64/python3.12/site-packages/PyInstaller/hooks/pre_safe_import_module/hook-gi.repository.GstPbutils.py", "Python", 2, 0, 0, 0, 0, 0, 0, 0, 0, 0, 0, 0, 12, 3, 17
"/home/david/DVHS Robotics/bubonic-corona/venv/lib64/python3.12/site-packages/PyInstaller/hooks/pre_safe_import_module/hook-gi.repository.GstPlay.py", "Python", 2, 0, 0, 0, 0, 0, 0, 0, 0, 0, 0, 0, 12, 3, 17
"/home/david/DVHS Robotics/bubonic-corona/venv/lib64/python3.12/site-packages/PyInstaller/hooks/pre_safe_import_module/hook-gi.repository.GstPlayer.py", "Python", 2, 0, 0, 0, 0, 0, 0, 0, 0, 0, 0, 0, 12, 3, 17
"/home/david/DVHS Robotics/bubonic-corona/venv/lib64/python3.12/site-packages/PyInstaller/hooks/pre_safe_import_module/hook-gi.repository.GstRtp.py", "Python", 2, 0, 0, 0, 0, 0, 0, 0, 0, 0, 0, 0, 12, 3, 17
"/home/david/DVHS Robotics/bubonic-corona/venv/lib64/python3.12/site-packages/PyInstaller/hooks/pre_safe_import_module/hook-gi.repository.GstRtsp.py", "Python", 2, 0, 0, 0, 0, 0, 0, 0, 0, 0, 0, 0, 12, 3, 17
"/home/david/DVHS Robotics/bubonic-corona/venv/lib64/python3.12/site-packages/PyInstaller/hooks/pre_safe_import_module/hook-gi.repository.GstRtspServer.py", "Python", 2, 0, 0, 0, 0, 0, 0, 0, 0, 0, 0, 0, 12, 3, 17
"/home/david/DVHS Robotics/bubonic-corona/venv/lib64/python3.12/site-packages/PyInstaller/hooks/pre_safe_import_module/hook-gi.repository.GstSdp.py", "Python", 2, 0, 0, 0, 0, 0, 0, 0, 0, 0, 0, 0, 12, 3, 17
"/home/david/DVHS Robotics/bubonic-corona/venv/lib64/python3.12/site-packages/PyInstaller/hooks/pre_safe_import_module/hook-gi.repository.GstTag.py", "Python", 2, 0, 0, 0, 0, 0, 0, 0, 0, 0, 0, 0, 12, 3, 17
"/home/david/DVHS Robotics/bubonic-corona/venv/lib64/python3.12/site-packages/PyInstaller/hooks/pre_safe_import_module/hook-gi.repository.GstTranscoder.py", "Python", 2, 0, 0, 0, 0, 0, 0, 0, 0, 0, 0, 0, 12, 3, 17
"/home/david/DVHS Robotics/bubonic-corona/venv/lib64/python3.12/site-packages/PyInstaller/hooks/pre_safe_import_module/hook-gi.repository.GstVideo.py", "Python", 2, 0, 0, 0, 0, 0, 0, 0, 0, 0, 0, 0, 12, 3, 17
"/home/david/DVHS Robotics/bubonic-corona/venv/lib64/python3.12/site-packages/PyInstaller/hooks/pre_safe_import_module/hook-gi.repository.GstVulkan.py", "Python", 2, 0, 0, 0, 0, 0, 0, 0, 0, 0, 0, 0, 12, 3, 17
"/home/david/DVHS Robotics/bubonic-corona/venv/lib64/python3.12/site-packages/PyInstaller/hooks/pre_safe_import_module/hook-gi.repository.GstVulkanWayland.py", "Python", 2, 0, 0, 0, 0, 0, 0, 0, 0, 0, 0, 0, 12, 3, 17
"/home/david/DVHS Robotics/bubonic-corona/venv/lib64/python3.12/site-packages/PyInstaller/hooks/pre_safe_import_module/hook-gi.repository.GstVulkanXCB.py", "Python", 2, 0, 0, 0, 0, 0, 0, 0, 0, 0, 0, 0, 12, 3, 17
"/home/david/DVHS Robotics/bubonic-corona/venv/lib64/python3.12/site-packages/PyInstaller/hooks/pre_safe_import_module/hook-gi.repository.GstWebRTC.py", "Python", 2, 0, 0, 0, 0, 0, 0, 0, 0, 0, 0, 0, 12, 3, 17
"/home/david/DVHS Robotics/bubonic-corona/venv/lib64/python3.12/site-packages/PyInstaller/hooks/pre_safe_import_module/hook-gi.repository.Gtk.py", "Python", 2, 0, 0, 0, 0, 0, 0, 0, 0, 0, 0, 0, 12, 3, 17
"/home/david/DVHS Robotics/bubonic-corona/venv/lib64/python3.12/site-packages/PyInstaller/hooks/pre_safe_import_module/hook-gi.repository.GtkChamplain.py", "Python", 2, 0, 0, 0, 0, 0, 0, 0, 0, 0, 0, 0, 12, 3, 17
"/home/david/DVHS Robotics/bubonic-corona/venv/lib64/python3.12/site-packages/PyInstaller/hooks/pre_safe_import_module/hook-gi.repository.GtkClutter.py", "Python", 2, 0, 0, 0, 0, 0, 0, 0, 0, 0, 0, 0, 12, 3, 17
"/home/david/DVHS Robotics/bubonic-corona/venv/lib64/python3.12/site-packages/PyInstaller/hooks/pre_safe_import_module/hook-gi.repository.GtkSource.py", "Python", 2, 0, 0, 0, 0, 0, 0, 0, 0, 0, 0, 0, 12, 3, 17
"/home/david/DVHS Robotics/bubonic-corona/venv/lib64/python3.12/site-packages/PyInstaller/hooks/pre_safe_import_module/hook-gi.repository.GtkosxApplication.py", "Python", 2, 0, 0, 0, 0, 0, 0, 0, 0, 0, 0, 0, 12, 3, 17
"/home/david/DVHS Robotics/bubonic-corona/venv/lib64/python3.12/site-packages/PyInstaller/hooks/pre_safe_import_module/hook-gi.repository.HarfBuzz.py", "Python", 2, 0, 0, 0, 0, 0, 0, 0, 0, 0, 0, 0, 12, 3, 17
"/home/david/DVHS Robotics/bubonic-corona/venv/lib64/python3.12/site-packages/PyInstaller/hooks/pre_safe_import_module/hook-gi.repository.OsmGpsMap.py", "Python", 2, 0, 0, 0, 0, 0, 0, 0, 0, 0, 0, 0, 12, 3, 17
"/home/david/DVHS Robotics/bubonic-corona/venv/lib64/python3.12/site-packages/PyInstaller/hooks/pre_safe_import_module/hook-gi.repository.Pango.py", "Python", 2, 0, 0, 0, 0, 0, 0, 0, 0, 0, 0, 0, 12, 3, 17
"/home/david/DVHS Robotics/bubonic-corona/venv/lib64/python3.12/site-packages/PyInstaller/hooks/pre_safe_import_module/hook-gi.repository.PangoCairo.py", "Python", 2, 0, 0, 0, 0, 0, 0, 0, 0, 0, 0, 0, 12, 3, 17
"/home/david/DVHS Robotics/bubonic-corona/venv/lib64/python3.12/site-packages/PyInstaller/hooks/pre_safe_import_module/hook-gi.repository.Rsvg.py", "Python", 2, 0, 0, 0, 0, 0, 0, 0, 0, 0, 0, 0, 12, 3, 17
"/home/david/DVHS Robotics/bubonic-corona/venv/lib64/python3.12/site-packages/PyInstaller/hooks/pre_safe_import_module/hook-gi.repository.cairo.py", "Python", 2, 0, 0, 0, 0, 0, 0, 0, 0, 0, 0, 0, 12, 3, 17
"/home/david/DVHS Robotics/bubonic-corona/venv/lib64/python3.12/site-packages/PyInstaller/hooks/pre_safe_import_module/hook-gi.repository.freetype2.py", "Python", 2, 0, 0, 0, 0, 0, 0, 0, 0, 0, 0, 0, 12, 3, 17
"/home/david/DVHS Robotics/bubonic-corona/venv/lib64/python3.12/site-packages/PyInstaller/hooks/pre_safe_import_module/hook-gi.repository.xlib.py", "Python", 2, 0, 0, 0, 0, 0, 0, 0, 0, 0, 0, 0, 12, 3, 17
"/home/david/DVHS Robotics/bubonic-corona/venv/lib64/python3.12/site-packages/PyInstaller/hooks/pre_safe_import_module/hook-importlib_metadata.py", "Python", 1, 0, 0, 0, 0, 0, 0, 0, 0, 0, 0, 0, 13, 2, 16
"/home/david/DVHS Robotics/bubonic-corona/venv/lib64/python3.12/site-packages/PyInstaller/hooks/pre_safe_import_module/hook-importlib_resources.py", "Python", 1, 0, 0, 0, 0, 0, 0, 0, 0, 0, 0, 0, 13, 2, 16
"/home/david/DVHS Robotics/bubonic-corona/venv/lib64/python3.12/site-packages/PyInstaller/hooks/pre_safe_import_module/hook-inflect.py", "Python", 1, 0, 0, 0, 0, 0, 0, 0, 0, 0, 0, 0, 13, 2, 16
"/home/david/DVHS Robotics/bubonic-corona/venv/lib64/python3.12/site-packages/PyInstaller/hooks/pre_safe_import_module/hook-jaraco.context.py", "Python", 1, 0, 0, 0, 0, 0, 0, 0, 0, 0, 0, 0, 13, 2, 16
"/home/david/DVHS Robotics/bubonic-corona/venv/lib64/python3.12/site-packages/PyInstaller/hooks/pre_safe_import_module/hook-jaraco.functools.py", "Python", 1, 0, 0, 0, 0, 0, 0, 0, 0, 0, 0, 0, 13, 2, 16
"/home/david/DVHS Robotics/bubonic-corona/venv/lib64/python3.12/site-packages/PyInstaller/hooks/pre_safe_import_module/hook-jaraco.py", "Python", 2, 0, 0, 0, 0, 0, 0, 0, 0, 0, 0, 0, 14, 2, 18
"/home/david/DVHS Robotics/bubonic-corona/venv/lib64/python3.12/site-packages/PyInstaller/hooks/pre_safe_import_module/hook-jaraco.text.py", "Python", 1, 0, 0, 0, 0, 0, 0, 0, 0, 0, 0, 0, 13, 2, 16
"/home/david/DVHS Robotics/bubonic-corona/venv/lib64/python3.12/site-packages/PyInstaller/hooks/pre_safe_import_module/hook-more_itertools.py", "Python", 1, 0, 0, 0, 0, 0, 0, 0, 0, 0, 0, 0, 13, 2, 16
"/home/david/DVHS Robotics/bubonic-corona/venv/lib64/python3.12/site-packages/PyInstaller/hooks/pre_safe_import_module/hook-ordered_set.py", "Python", 1, 0, 0, 0, 0, 0, 0, 0, 0, 0, 0, 0, 13, 2, 16
"/home/david/DVHS Robotics/bubonic-corona/venv/lib64/python3.12/site-packages/PyInstaller/hooks/pre_safe_import_module/hook-packaging.py", "Python", 1, 0, 0, 0, 0, 0, 0, 0, 0, 0, 0, 0, 13, 2, 16
"/home/david/DVHS Robotics/bubonic-corona/venv/lib64/python3.12/site-packages/PyInstaller/hooks/pre_safe_import_module/hook-platformdirs.py", "Python", 1, 0, 0, 0, 0, 0, 0, 0, 0, 0, 0, 0, 13, 2, 16
"/home/david/DVHS Robotics/bubonic-corona/venv/lib64/python3.12/site-packages/PyInstaller/hooks/pre_safe_import_module/hook-setuptools.extern.six.moves.py", "Python", 19, 0, 0, 0, 0, 0, 0, 0, 0, 0, 0, 0, 13, 8, 40
"/home/david/DVHS Robotics/bubonic-corona/venv/lib64/python3.12/site-packages/PyInstaller/hooks/pre_safe_import_module/hook-six.moves.py", "Python", 16, 0, 0, 0, 0, 0, 0, 0, 0, 0, 0, 0, 41, 6, 63
"/home/david/DVHS Robotics/bubonic-corona/venv/lib64/python3.12/site-packages/PyInstaller/hooks/pre_safe_import_module/hook-tomli.py", "Python", 1, 0, 0, 0, 0, 0, 0, 0, 0, 0, 0, 0, 13, 2, 16
"/home/david/DVHS Robotics/bubonic-corona/venv/lib64/python3.12/site-packages/PyInstaller/hooks/pre_safe_import_module/hook-typeguard.py", "Python", 1, 0, 0, 0, 0, 0, 0, 0, 0, 0, 0, 0, 13, 2, 16
"/home/david/DVHS Robotics/bubonic-corona/venv/lib64/python3.12/site-packages/PyInstaller/hooks/pre_safe_import_module/hook-typing_extensions.py", "Python", 1, 0, 0, 0, 0, 0, 0, 0, 0, 0, 0, 0, 13, 2, 16
"/home/david/DVHS Robotics/bubonic-corona/venv/lib64/python3.12/site-packages/PyInstaller/hooks/pre_safe_import_module/hook-urllib3.packages.six.moves.py", "Python", 16, 0, 0, 0, 0, 0, 0, 0, 0, 0, 0, 0, 12, 7, 35
"/home/david/DVHS Robotics/bubonic-corona/venv/lib64/python3.12/site-packages/PyInstaller/hooks/pre_safe_import_module/hook-wheel.py", "Python", 1, 0, 0, 0, 0, 0, 0, 0, 0, 0, 0, 0, 13, 2, 16
"/home/david/DVHS Robotics/bubonic-corona/venv/lib64/python3.12/site-packages/PyInstaller/hooks/pre_safe_import_module/hook-zipp.py", "Python", 1, 0, 0, 0, 0, 0, 0, 0, 0, 0, 0, 0, 13, 2, 16
"/home/david/DVHS Robotics/bubonic-corona/venv/lib64/python3.12/site-packages/PyInstaller/hooks/rthooks/__init__.py", "Python", 0, 0, 0, 0, 0, 0, 0, 0, 0, 0, 0, 0, 1, 1, 2
"/home/david/DVHS Robotics/bubonic-corona/venv/lib64/python3.12/site-packages/PyInstaller/hooks/rthooks/pyi_rth__tkinter.py", "Python", 16, 0, 0, 0, 0, 0, 0, 0, 0, 0, 0, 0, 13, 9, 38
"/home/david/DVHS Robotics/bubonic-corona/venv/lib64/python3.12/site-packages/PyInstaller/hooks/rthooks/pyi_rth_django.py", "Python", 13, 0, 0, 0, 0, 0, 0, 0, 0, 0, 0, 0, 13, 9, 35
"/home/david/DVHS Robotics/bubonic-corona/venv/lib64/python3.12/site-packages/PyInstaller/hooks/rthooks/pyi_rth_gdkpixbuf.py", "Python", 20, 0, 0, 0, 0, 0, 0, 0, 0, 0, 0, 0, 12, 10, 42
"/home/david/DVHS Robotics/bubonic-corona/venv/lib64/python3.12/site-packages/PyInstaller/hooks/rthooks/pyi_rth_gi.py", "Python", 6, 0, 0, 0, 0, 0, 0, 0, 0, 0, 0, 0, 10, 6, 22
"/home/david/DVHS Robotics/bubonic-corona/venv/lib64/python3.12/site-packages/PyInstaller/hooks/rthooks/pyi_rth_gio.py", "Python", 6, 0, 0, 0, 0, 0, 0, 0, 0, 0, 0, 0, 10, 6, 22
"/home/david/DVHS Robotics/bubonic-corona/venv/lib64/python3.12/site-packages/PyInstaller/hooks/rthooks/pyi_rth_glib.py", "Python", 15, 0, 0, 0, 0, 0, 0, 0, 0, 0, 0, 0, 15, 8, 38
"/home/david/DVHS Robotics/bubonic-corona/venv/lib64/python3.12/site-packages/PyInstaller/hooks/rthooks/pyi_rth_gstreamer.py", "Python", 10, 0, 0, 0, 0, 0, 0, 0, 0, 0, 0, 0, 14, 9, 33
"/home/david/DVHS Robotics/bubonic-corona/venv/lib64/python3.12/site-packages/PyInstaller/hooks/rthooks/pyi_rth_gtk.py", "Python", 10, 0, 0, 0, 0, 0, 0, 0, 0, 0, 0, 0, 11, 7, 28
"/home/david/DVHS Robotics/bubonic-corona/venv/lib64/python3.12/site-packages/PyInstaller/hooks/rthooks/pyi_rth_inspect.py", "Python", 32, 0, 0, 0, 0, 0, 0, 0, 0, 0, 0, 0, 54, 14, 100
"/home/david/DVHS Robotics/bubonic-corona/venv/lib64/python3.12/site-packages/PyInstaller/hooks/rthooks/pyi_rth_kivy.py", "Python", 8, 0, 0, 0, 0, 0, 0, 0, 0, 0, 0, 0, 10, 7, 25
"/home/david/DVHS Robotics/bubonic-corona/venv/lib64/python3.12/site-packages/PyInstaller/hooks/rthooks/pyi_rth_mplconfig.py", "Python", 13, 0, 0, 0, 0, 0, 0, 0, 0, 0, 0, 0, 25, 9, 47
"/home/david/DVHS Robotics/bubonic-corona/venv/lib64/python3.12/site-packages/PyInstaller/hooks/rthooks/pyi_rth_multiprocessing.py", "Python", 40, 0, 0, 0, 0, 0, 0, 0, 0, 0, 0, 0, 32, 17, 89
"/home/david/DVHS Robotics/bubonic-corona/venv/lib64/python3.12/site-packages/PyInstaller/hooks/rthooks/pyi_rth_pkgres.py", "Python", 79, 0, 0, 0, 0, 0, 0, 0, 0, 0, 0, 0, 72, 28, 179
"/home/david/DVHS Robotics/bubonic-corona/venv/lib64/python3.12/site-packages/PyInstaller/hooks/rthooks/pyi_rth_pkgutil.py", "Python", 26, 0, 0, 0, 0, 0, 0, 0, 0, 0, 0, 0, 29, 10, 65
"/home/david/DVHS Robotics/bubonic-corona/venv/lib64/python3.12/site-packages/PyInstaller/hooks/rthooks/pyi_rth_pyqt5.py", "Python", 25, 0, 0, 0, 0, 0, 0, 0, 0, 0, 0, 0, 31, 13, 69
"/home/david/DVHS Robotics/bubonic-corona/venv/lib64/python3.12/site-packages/PyInstaller/hooks/rthooks/pyi_rth_pyqt6.py", "Python", 27, 0, 0, 0, 0, 0, 0, 0, 0, 0, 0, 0, 30, 14, 71
"/home/david/DVHS Robotics/bubonic-corona/venv/lib64/python3.12/site-packages/PyInstaller/hooks/rthooks/pyi_rth_pyside2.py", "Python", 26, 0, 0, 0, 0, 0, 0, 0, 0, 0, 0, 0, 25, 13, 64
"/home/david/DVHS Robotics/bubonic-corona/venv/lib64/python3.12/site-packages/PyInstaller/hooks/rthooks/pyi_rth_pyside6.py", "Python", 28, 0, 0, 0, 0, 0, 0, 0, 0, 0, 0, 0, 28, 14, 70
"/home/david/DVHS Robotics/bubonic-corona/venv/lib64/python3.12/site-packages/PyInstaller/hooks/rthooks/pyi_rth_setuptools.py", "Python", 15, 0, 0, 0, 0, 0, 0, 0, 0, 0, 0, 0, 14, 9, 38
"/home/david/DVHS Robotics/bubonic-corona/venv/lib64/python3.12/site-packages/PyInstaller/isolated/__init__.py", "Python", 1, 0, 0, 0, 0, 0, 0, 0, 0, 0, 0, 0, 29, 2, 32
"/home/david/DVHS Robotics/bubonic-corona/venv/lib64/python3.12/site-packages/PyInstaller/isolated/_child.py", "Python", 45, 0, 0, 0, 0, 0, 0, 0, 0, 0, 0, 0, 38, 19, 102
"/home/david/DVHS Robotics/bubonic-corona/venv/lib64/python3.12/site-packages/PyInstaller/isolated/_parent.py", "Python", 224, 0, 0, 0, 0, 0, 0, 0, 0, 0, 0, 0, 136, 78, 438
"/home/david/DVHS Robotics/bubonic-corona/venv/lib64/python3.12/site-packages/PyInstaller/lib/README.rst", "reStructuredText", 0, 0, 0, 0, 0, 0, 0, 30, 0, 0, 0, 0, 0, 20, 50
"/home/david/DVHS Robotics/bubonic-corona/venv/lib64/python3.12/site-packages/PyInstaller/lib/__init__.py", "Python", 0, 0, 0, 0, 0, 0, 0, 0, 0, 0, 0, 0, 1, 1, 2
"/home/david/DVHS Robotics/bubonic-corona/venv/lib64/python3.12/site-packages/PyInstaller/lib/modulegraph/__init__.py", "Python", 1, 0, 0, 0, 0, 0, 0, 0, 0, 0, 0, 0, 0, 1, 2
"/home/david/DVHS Robotics/bubonic-corona/venv/lib64/python3.12/site-packages/PyInstaller/lib/modulegraph/__main__.py", "Python", 73, 0, 0, 0, 0, 0, 0, 0, 0, 0, 0, 0, 2, 15, 90
"/home/david/DVHS Robotics/bubonic-corona/venv/lib64/python3.12/site-packages/PyInstaller/lib/modulegraph/find_modules.py", "Python", 33, 0, 0, 0, 0, 0, 0, 0, 0, 0, 0, 0, 18, 11, 62
"/home/david/DVHS Robotics/bubonic-corona/venv/lib64/python3.12/site-packages/PyInstaller/lib/modulegraph/modulegraph.py", "Python", 1247, 0, 0, 0, 0, 0, 0, 0, 0, 0, 0, 0, 1473, 388, 3108
"/home/david/DVHS Robotics/bubonic-corona/venv/lib64/python3.12/site-packages/PyInstaller/lib/modulegraph/util.py", "Python", 8, 0, 0, 0, 0, 0, 0, 0, 0, 0, 0, 0, 9, 5, 22
"/home/david/DVHS Robotics/bubonic-corona/venv/lib64/python3.12/site-packages/PyInstaller/loader/__init__.py", "Python", 0, 0, 0, 0, 0, 0, 0, 0, 0, 0, 0, 0, 1, 1, 2
"/home/david/DVHS Robotics/bubonic-corona/venv/lib64/python3.12/site-packages/PyInstaller/loader/pyiboot01_bootstrap.py", "Python", 35, 0, 0, 0, 0, 0, 0, 0, 0, 0, 0, 0, 42, 19, 96
"/home/david/DVHS Robotics/bubonic-corona/venv/lib64/python3.12/site-packages/PyInstaller/loader/pyimod01_archive.py", "Python", 66, 0, 0, 0, 0, 0, 0, 0, 0, 0, 0, 0, 47, 28, 141
"/home/david/DVHS Robotics/bubonic-corona/venv/lib64/python3.12/site-packages/PyInstaller/loader/pyimod02_importers.py", "Python", 331, 0, 0, 0, 0, 0, 0, 0, 0, 0, 0, 0, 325, 126, 782
"/home/david/DVHS Robotics/bubonic-corona/venv/lib64/python3.12/site-packages/PyInstaller/loader/pyimod03_ctypes.py", "Python", 82, 0, 0, 0, 0, 0, 0, 0, 0, 0, 0, 0, 28, 22, 132
"/home/david/DVHS Robotics/bubonic-corona/venv/lib64/python3.12/site-packages/PyInstaller/loader/pyimod04_pywin32.py", "Python", 18, 0, 0, 0, 0, 0, 0, 0, 0, 0, 0, 0, 30, 9, 57
"/home/david/DVHS Robotics/bubonic-corona/venv/lib64/python3.12/site-packages/PyInstaller/log.py", "Python", 43, 0, 0, 0, 0, 0, 0, 0, 0, 0, 0, 0, 13, 9, 65
"/home/david/DVHS Robotics/bubonic-corona/venv/lib64/python3.12/site-packages/PyInstaller/utils/__init__.py", "Python", 0, 0, 0, 0, 0, 0, 0, 0, 0, 0, 0, 0, 1, 1, 2
"/home/david/DVHS Robotics/bubonic-corona/venv/lib64/python3.12/site-packages/PyInstaller/utils/cliutils/__init__.py", "Python", 0, 0, 0, 0, 0, 0, 0, 0, 0, 0, 0, 0, 1, 1, 2
"/home/david/DVHS Robotics/bubonic-corona/venv/lib64/python3.12/site-packages/PyInstaller/utils/cliutils/archive_viewer.py", "Python", 200, 0, 0, 0, 0, 0, 0, 0, 0, 0, 0, 0, 31, 41, 272
"/home/david/DVHS Robotics/bubonic-corona/venv/lib64/python3.12/site-packages/PyInstaller/utils/cliutils/bindepend.py", "Python", 33, 0, 0, 0, 0, 0, 0, 0, 0, 0, 0, 0, 14, 12, 59
"/home/david/DVHS Robotics/bubonic-corona/venv/lib64/python3.12/site-packages/PyInstaller/utils/cliutils/grab_version.py", "Python", 40, 0, 0, 0, 0, 0, 0, 0, 0, 0, 0, 0, 10, 10, 60
"/home/david/DVHS Robotics/bubonic-corona/venv/lib64/python3.12/site-packages/PyInstaller/utils/cliutils/makespec.py", "Python", 35, 0, 0, 0, 0, 0, 0, 0, 0, 0, 0, 0, 14, 13, 62
"/home/david/DVHS Robotics/bubonic-corona/venv/lib64/python3.12/site-packages/PyInstaller/utils/cliutils/set_version.py", "Python", 32, 0, 0, 0, 0, 0, 0, 0, 0, 0, 0, 0, 10, 10, 52
"/home/david/DVHS Robotics/bubonic-corona/venv/lib64/python3.12/site-packages/PyInstaller/utils/conftest.py", "Python", 296, 0, 0, 0, 0, 0, 0, 0, 0, 0, 0, 0, 206, 79, 581
"/home/david/DVHS Robotics/bubonic-corona/venv/lib64/python3.12/site-packages/PyInstaller/utils/hooks/__init__.py", "Python", 474, 0, 0, 0, 0, 0, 0, 0, 0, 0, 0, 0, 729, 146, 1349
"/home/david/DVHS Robotics/bubonic-corona/venv/lib64/python3.12/site-packages/PyInstaller/utils/hooks/conda.py", "Python", 146, 0, 0, 0, 0, 0, 0, 0, 0, 0, 0, 0, 203, 53, 402
"/home/david/DVHS Robotics/bubonic-corona/venv/lib64/python3.12/site-packages/PyInstaller/utils/hooks/django.py", "Python", 77, 0, 0, 0, 0, 0, 0, 0, 0, 0, 0, 0, 50, 26, 153
"/home/david/DVHS Robotics/bubonic-corona/venv/lib64/python3.12/site-packages/PyInstaller/utils/hooks/gi.py", "Python", 264, 0, 0, 0, 0, 0, 0, 0, 0, 0, 0, 0, 112, 82, 458
"/home/david/DVHS Robotics/bubonic-corona/venv/lib64/python3.12/site-packages/PyInstaller/utils/hooks/qt/__init__.py", "Python", 703, 0, 0, 0, 0, 0, 0, 0, 0, 0, 0, 0, 530, 195, 1428
"/home/david/DVHS Robotics/bubonic-corona/venv/lib64/python3.12/site-packages/PyInstaller/utils/hooks/qt/_modules_info.py", "Python", 182, 0, 0, 0, 0, 0, 0, 0, 0, 0, 0, 0, 223, 46, 451
"/home/david/DVHS Robotics/bubonic-corona/venv/lib64/python3.12/site-packages/PyInstaller/utils/hooks/setuptools.py", "Python", 202, 0, 0, 0, 0, 0, 0, 0, 0, 0, 0, 0, 86, 49, 337
"/home/david/DVHS Robotics/bubonic-corona/venv/lib64/python3.12/site-packages/PyInstaller/utils/hooks/tcl_tk.py", "Python", 193, 0, 0, 0, 0, 0, 0, 0, 0, 0, 0, 0, 111, 53, 357
"/home/david/DVHS Robotics/bubonic-corona/venv/lib64/python3.12/site-packages/PyInstaller/utils/misc.py", "Python", 111, 0, 0, 0, 0, 0, 0, 0, 0, 0, 0, 0, 78, 41, 230
"/home/david/DVHS Robotics/bubonic-corona/venv/lib64/python3.12/site-packages/PyInstaller/utils/osx.py", "Python", 379, 0, 0, 0, 0, 0, 0, 0, 0, 0, 0, 0, 260, 119, 758
"/home/david/DVHS Robotics/bubonic-corona/venv/lib64/python3.12/site-packages/PyInstaller/utils/run_tests.py", "Python", 32, 0, 0, 0, 0, 0, 0, 0, 0, 0, 0, 0, 28, 11, 71
"/home/david/DVHS Robotics/bubonic-corona/venv/lib64/python3.12/site-packages/PyInstaller/utils/tests.py", "Python", 37, 0, 0, 0, 0, 0, 0, 0, 0, 0, 0, 0, 59, 17, 113
"/home/david/DVHS Robotics/bubonic-corona/venv/lib64/python3.12/site-packages/PyInstaller/utils/win32/__init__.py", "Python", 1, 0, 0, 0, 0, 0, 0, 0, 0, 0, 0, 0, 0, 1, 2
"/home/david/DVHS Robotics/bubonic-corona/venv/lib64/python3.12/site-packages/PyInstaller/utils/win32/icon.py", "Python", 151, 0, 0, 0, 0, 0, 0, 0, 0, 0, 0, 0, 57, 44, 252
"/home/david/DVHS Robotics/bubonic-corona/venv/lib64/python3.12/site-packages/PyInstaller/utils/win32/versioninfo.py", "Python", 395, 0, 0, 0, 0, 0, 0, 0, 0, 0, 0, 0, 129, 81, 605
"/home/david/DVHS Robotics/bubonic-corona/venv/lib64/python3.12/site-packages/PyInstaller/utils/win32/winmanifest.py", "Python", 72, 0, 0, 0, 0, 0, 0, 0, 0, 0, 0, 0, 151, 22, 245
"/home/david/DVHS Robotics/bubonic-corona/venv/lib64/python3.12/site-packages/PyInstaller/utils/win32/winresource.py", "Python", 101, 0, 0, 0, 0, 0, 0, 0, 0, 0, 0, 0, 56, 33, 190
"/home/david/DVHS Robotics/bubonic-corona/venv/lib64/python3.12/site-packages/PyInstaller/utils/win32/winutils.py", "Python", 152, 0, 0, 0, 0, 0, 0, 0, 0, 0, 0, 0, 66, 40, 258
"/home/david/DVHS Robotics/bubonic-corona/venv/lib64/python3.12/site-packages/_distutils_hack/__init__.py", "Python", 143, 0, 0, 0, 0, 0, 0, 0, 0, 0, 0, 0, 45, 52, 240
"/home/david/DVHS Robotics/bubonic-corona/venv/lib64/python3.12/site-packages/_distutils_hack/override.py", "Python", 1, 0, 0, 0, 0, 0, 0, 0, 0, 0, 0, 0, 0, 1, 2
"/home/david/DVHS Robotics/bubonic-corona/venv/lib64/python3.12/site-packages/_pyinstaller_hooks_contrib/__init__.py", "Python", 17, 0, 0, 0, 0, 0, 0, 0, 0, 0, 0, 0, 23, 8, 48
"/home/david/DVHS Robotics/bubonic-corona/venv/lib64/python3.12/site-packages/_pyinstaller_hooks_contrib/compat.py", "Python", 21, 0, 0, 0, 0, 0, 0, 0, 0, 0, 0, 0, 14, 8, 43
"/home/david/DVHS Robotics/bubonic-corona/venv/lib64/python3.12/site-packages/_pyinstaller_hooks_contrib/pre_find_module_path/__init__.py", "Python", 0, 0, 0, 0, 0, 0, 0, 0, 0, 0, 0, 0, 11, 1, 12
"/home/david/DVHS Robotics/bubonic-corona/venv/lib64/python3.12/site-packages/_pyinstaller_hooks_contrib/pre_safe_import_module/__init__.py", "Python", 0, 0, 0, 0, 0, 0, 0, 0, 0, 0, 0, 0, 11, 1, 12
"/home/david/DVHS Robotics/bubonic-corona/venv/lib64/python3.12/site-packages/_pyinstaller_hooks_contrib/pre_safe_import_module/hook-tensorflow.py", "Python", 6, 0, 0, 0, 0, 0, 0, 0, 0, 0, 0, 0, 19, 4, 29
"/home/david/DVHS Robotics/bubonic-corona/venv/lib64/python3.12/site-packages/_pyinstaller_hooks_contrib/pre_safe_import_module/hook-win32com.py", "Python", 22, 0, 0, 0, 0, 0, 0, 0, 0, 0, 0, 0, 21, 8, 51
"/home/david/DVHS Robotics/bubonic-corona/venv/lib64/python3.12/site-packages/_pyinstaller_hooks_contrib/rthooks/__init__.py", "Python", 0, 0, 0, 0, 0, 0, 0, 0, 0, 0, 0, 0, 10, 1, 11
"/home/david/DVHS Robotics/bubonic-corona/venv/lib64/python3.12/site-packages/_pyinstaller_hooks_contrib/rthooks/pyi_rth_cryptography_openssl.py", "Python", 6, 0, 0, 0, 0, 0, 0, 0, 0, 0, 0, 0, 12, 3, 21
"/home/david/DVHS Robotics/bubonic-corona/venv/lib64/python3.12/site-packages/_pyinstaller_hooks_contrib/rthooks/pyi_rth_enchant.py", "Python", 4, 0, 0, 0, 0, 0, 0, 0, 0, 0, 0, 0, 16, 3, 23
"/home/david/DVHS Robotics/bubonic-corona/venv/lib64/python3.12/site-packages/_pyinstaller_hooks_contrib/rthooks/pyi_rth_ffpyplayer.py", "Python", 3, 0, 0, 0, 0, 0, 0, 0, 0, 0, 0, 0, 14, 3, 20
"/home/david/DVHS Robotics/bubonic-corona/venv/lib64/python3.12/site-packages/_pyinstaller_hooks_contrib/rthooks/pyi_rth_findlibs.py", "Python", 23, 0, 0, 0, 0, 0, 0, 0, 0, 0, 0, 0, 24, 12, 59
"/home/david/DVHS Robotics/bubonic-corona/venv/lib64/python3.12/site-packages/_pyinstaller_hooks_contrib/rthooks/pyi_rth_nltk.py", "Python", 4, 0, 0, 0, 0, 0, 0, 0, 0, 0, 0, 0, 11, 3, 18
"/home/david/DVHS Robotics/bubonic-corona/venv/lib64/python3.12/site-packages/_pyinstaller_hooks_contrib/rthooks/pyi_rth_osgeo.py", "Python", 13, 0, 0, 0, 0, 0, 0, 0, 0, 0, 0, 0, 12, 8, 33
"/home/david/DVHS Robotics/bubonic-corona/venv/lib64/python3.12/site-packages/_pyinstaller_hooks_contrib/rthooks/pyi_rth_pygraphviz.py", "Python", 14, 0, 0, 0, 0, 0, 0, 0, 0, 0, 0, 0, 11, 8, 33
"/home/david/DVHS Robotics/bubonic-corona/venv/lib64/python3.12/site-packages/_pyinstaller_hooks_contrib/rthooks/pyi_rth_pyproj.py", "Python", 9, 0, 0, 0, 0, 0, 0, 0, 0, 0, 0, 0, 11, 7, 27
"/home/david/DVHS Robotics/bubonic-corona/venv/lib64/python3.12/site-packages/_pyinstaller_hooks_contrib/rthooks/pyi_rth_pyqtgraph_multiprocess.py", "Python", 22, 0, 0, 0, 0, 0, 0, 0, 0, 0, 0, 0, 22, 9, 53
"/home/david/DVHS Robotics/bubonic-corona/venv/lib64/python3.12/site-packages/_pyinstaller_hooks_contrib/rthooks/pyi_rth_pythoncom.py", "Python", 6, 0, 0, 0, 0, 0, 0, 0, 0, 0, 0, 0, 16, 3, 25
"/home/david/DVHS Robotics/bubonic-corona/venv/lib64/python3.12/site-packages/_pyinstaller_hooks_contrib/rthooks/pyi_rth_pywintypes.py", "Python", 6, 0, 0, 0, 0, 0, 0, 0, 0, 0, 0, 0, 16, 3, 25
"/home/david/DVHS Robotics/bubonic-corona/venv/lib64/python3.12/site-packages/_pyinstaller_hooks_contrib/rthooks/pyi_rth_tensorflow.py", "Python", 15, 0, 0, 0, 0, 0, 0, 0, 0, 0, 0, 0, 28, 11, 54
"/home/david/DVHS Robotics/bubonic-corona/venv/lib64/python3.12/site-packages/_pyinstaller_hooks_contrib/rthooks/pyi_rth_traitlets.py", "Python", 4, 0, 0, 0, 0, 0, 0, 0, 0, 0, 0, 0, 15, 7, 26
"/home/david/DVHS Robotics/bubonic-corona/venv/lib64/python3.12/site-packages/_pyinstaller_hooks_contrib/rthooks/pyi_rth_usb.py", "Python", 55, 0, 0, 0, 0, 0, 0, 0, 0, 0, 0, 0, 18, 13, 86
"/home/david/DVHS Robotics/bubonic-corona/venv/lib64/python3.12/site-packages/_pyinstaller_hooks_contrib/stdhooks/__init__.py", "Python", 0, 0, 0, 0, 0, 0, 0, 0, 0, 0, 0, 0, 11, 1, 12
"/home/david/DVHS Robotics/bubonic-corona/venv/lib64/python3.12/site-packages/_pyinstaller_hooks_contrib/stdhooks/hook-BTrees.py", "Python", 2, 0, 0, 0, 0, 0, 0, 0, 0, 0, 0, 0, 12, 4, 18
"/home/david/DVHS Robotics/bubonic-corona/venv/lib64/python3.12/site-packages/_pyinstaller_hooks_contrib/stdhooks/hook-CTkMessagebox.py", "Python", 2, 0, 0, 0, 0, 0, 0, 0, 0, 0, 0, 0, 14, 2, 18
"/home/david/DVHS Robotics/bubonic-corona/venv/lib64/python3.12/site-packages/_pyinstaller_hooks_contrib/stdhooks/hook-Crypto.py", "Python", 22, 0, 0, 0, 0, 0, 0, 0, 0, 0, 0, 0, 35, 6, 63
"/home/david/DVHS Robotics/bubonic-corona/venv/lib64/python3.12/site-packages/_pyinstaller_hooks_contrib/stdhooks/hook-Cryptodome.py", "Python", 19, 0, 0, 0, 0, 0, 0, 0, 0, 0, 0, 0, 20, 6, 45
"/home/david/DVHS Robotics/bubonic-corona/venv/lib64/python3.12/site-packages/_pyinstaller_hooks_contrib/stdhooks/hook-HtmlTestRunner.py", "Python", 2, 0, 0, 0, 0, 0, 0, 0, 0, 0, 0, 0, 12, 4, 18
"/home/david/DVHS Robotics/bubonic-corona/venv/lib64/python3.12/site-packages/_pyinstaller_hooks_contrib/stdhooks/hook-IPython.py", "Python", 16, 0, 0, 0, 0, 0, 0, 0, 0, 0, 0, 0, 20, 7, 43
"/home/david/DVHS Robotics/bubonic-corona/venv/lib64/python3.12/site-packages/_pyinstaller_hooks_contrib/stdhooks/hook-OpenGL.py", "Python", 11, 0, 0, 0, 0, 0, 0, 0, 0, 0, 0, 0, 26, 6, 43
"/home/david/DVHS Robotics/bubonic-corona/venv/lib64/python3.12/site-packages/_pyinstaller_hooks_contrib/stdhooks/hook-OpenGL_accelerate.py", "Python", 4, 0, 0, 0, 0, 0, 0, 0, 0, 0, 0, 0, 17, 2, 23
"/home/david/DVHS Robotics/bubonic-corona/venv/lib64/python3.12/site-packages/_pyinstaller_hooks_contrib/stdhooks/hook-PyTaskbar.py", "Python", 2, 0, 0, 0, 0, 0, 0, 0, 0, 0, 0, 0, 11, 2, 15
"/home/david/DVHS Robotics/bubonic-corona/venv/lib64/python3.12/site-packages/_pyinstaller_hooks_contrib/stdhooks/hook-Xlib.py", "Python", 2, 0, 0, 0, 0, 0, 0, 0, 0, 0, 0, 0, 11, 3, 16
"/home/david/DVHS Robotics/bubonic-corona/venv/lib64/python3.12/site-packages/_pyinstaller_hooks_contrib/stdhooks/hook-_mssql.py", "Python", 1, 0, 0, 0, 0, 0, 0, 0, 0, 0, 0, 0, 11, 2, 14
"/home/david/DVHS Robotics/bubonic-corona/venv/lib64/python3.12/site-packages/_pyinstaller_hooks_contrib/stdhooks/hook-_mysql.py", "Python", 1, 0, 0, 0, 0, 0, 0, 0, 0, 0, 0, 0, 14, 2, 17
"/home/david/DVHS Robotics/bubonic-corona/venv/lib64/python3.12/site-packages/_pyinstaller_hooks_contrib/stdhooks/hook-accessible_output2.py", "Python", 2, 0, 0, 0, 0, 0, 0, 0, 0, 0, 0, 0, 14, 3, 19
"/home/david/DVHS Robotics/bubonic-corona/venv/lib64/python3.12/site-packages/_pyinstaller_hooks_contrib/stdhooks/hook-adbc_driver_manager.py", "Python", 4, 0, 0, 0, 0, 0, 0, 0, 0, 0, 0, 0, 11, 3, 18
"/home/david/DVHS Robotics/bubonic-corona/venv/lib64/python3.12/site-packages/_pyinstaller_hooks_contrib/stdhooks/hook-adbutils.py", "Python", 4, 0, 0, 0, 0, 0, 0, 0, 0, 0, 0, 0, 16, 4, 24
"/home/david/DVHS Robotics/bubonic-corona/venv/lib64/python3.12/site-packages/_pyinstaller_hooks_contrib/stdhooks/hook-adios.py", "Python", 1, 0, 0, 0, 0, 0, 0, 0, 0, 0, 0, 0, 14, 2, 17
"/home/david/DVHS Robotics/bubonic-corona/venv/lib64/python3.12/site-packages/_pyinstaller_hooks_contrib/stdhooks/hook-afmformats.py", "Python", 2, 0, 0, 0, 0, 0, 0, 0, 0, 0, 0, 0, 12, 4, 18
"/home/david/DVHS Robotics/bubonic-corona/venv/lib64/python3.12/site-packages/_pyinstaller_hooks_contrib/stdhooks/hook-aliyunsdkcore.py", "Python", 2, 0, 0, 0, 0, 0, 0, 0, 0, 0, 0, 0, 11, 2, 15
"/home/david/DVHS Robotics/bubonic-corona/venv/lib64/python3.12/site-packages/_pyinstaller_hooks_contrib/stdhooks/hook-altair.py", "Python", 2, 0, 0, 0, 0, 0, 0, 0, 0, 0, 0, 0, 11, 3, 16
"/home/david/DVHS Robotics/bubonic-corona/venv/lib64/python3.12/site-packages/_pyinstaller_hooks_contrib/stdhooks/hook-amazonproduct.py", "Python", 10, 0, 0, 0, 0, 0, 0, 0, 0, 0, 0, 0, 15, 2, 27
"/home/david/DVHS Robotics/bubonic-corona/venv/lib64/python3.12/site-packages/_pyinstaller_hooks_contrib/stdhooks/hook-anyio.py", "Python", 2, 0, 0, 0, 0, 0, 0, 0, 0, 0, 0, 0, 15, 3, 20
"/home/david/DVHS Robotics/bubonic-corona/venv/lib64/python3.12/site-packages/_pyinstaller_hooks_contrib/stdhooks/hook-apkutils.py", "Python", 2, 0, 0, 0, 0, 0, 0, 0, 0, 0, 0, 0, 11, 3, 16
"/home/david/DVHS Robotics/bubonic-corona/venv/lib64/python3.12/site-packages/_pyinstaller_hooks_contrib/stdhooks/hook-appdirs.py", "Python", 1, 0, 0, 0, 0, 0, 0, 0, 0, 0, 0, 0, 19, 2, 22
"/home/david/DVHS Robotics/bubonic-corona/venv/lib64/python3.12/site-packages/_pyinstaller_hooks_contrib/stdhooks/hook-appy.pod.py", "Python", 2, 0, 0, 0, 0, 0, 0, 0, 0, 0, 0, 0, 12, 4, 18
"/home/david/DVHS Robotics/bubonic-corona/venv/lib64/python3.12/site-packages/_pyinstaller_hooks_contrib/stdhooks/hook-apscheduler.py", "Python", 8, 0, 0, 0, 0, 0, 0, 0, 0, 0, 0, 0, 16, 4, 28
"/home/david/DVHS Robotics/bubonic-corona/venv/lib64/python3.12/site-packages/_pyinstaller_hooks_contrib/stdhooks/hook-argon2.py", "Python", 1, 0, 0, 0, 0, 0, 0, 0, 0, 0, 0, 0, 11, 2, 14
"/home/david/DVHS Robotics/bubonic-corona/venv/lib64/python3.12/site-packages/_pyinstaller_hooks_contrib/stdhooks/hook-astor.py", "Python", 2, 0, 0, 0, 0, 0, 0, 0, 0, 0, 0, 0, 11, 3, 16
"/home/david/DVHS Robotics/bubonic-corona/venv/lib64/python3.12/site-packages/_pyinstaller_hooks_contrib/stdhooks/hook-astroid.py", "Python", 6, 0, 0, 0, 0, 0, 0, 0, 0, 0, 0, 0, 39, 4, 49
"/home/david/DVHS Robotics/bubonic-corona/venv/lib64/python3.12/site-packages/_pyinstaller_hooks_contrib/stdhooks/hook-astropy.py", "Python", 13, 0, 0, 0, 0, 0, 0, 0, 0, 0, 0, 0, 22, 8, 43
"/home/david/DVHS Robotics/bubonic-corona/venv/lib64/python3.12/site-packages/_pyinstaller_hooks_contrib/stdhooks/hook-astropy_iers_data.py", "Python", 2, 0, 0, 0, 0, 0, 0, 0, 0, 0, 0, 0, 12, 3, 17
"/home/david/DVHS Robotics/bubonic-corona/venv/lib64/python3.12/site-packages/_pyinstaller_hooks_contrib/stdhooks/hook-av.py", "Python", 16, 0, 0, 0, 0, 0, 0, 0, 0, 0, 0, 0, 23, 6, 45
"/home/david/DVHS Robotics/bubonic-corona/venv/lib64/python3.12/site-packages/_pyinstaller_hooks_contrib/stdhooks/hook-avro.py", "Python", 8, 0, 0, 0, 0, 0, 0, 0, 0, 0, 0, 0, 17, 3, 28
"/home/david/DVHS Robotics/bubonic-corona/venv/lib64/python3.12/site-packages/_pyinstaller_hooks_contrib/stdhooks/hook-azurerm.py", "Python", 5, 0, 0, 0, 0, 0, 0, 0, 0, 0, 0, 0, 15, 3, 23
"/home/david/DVHS Robotics/bubonic-corona/venv/lib64/python3.12/site-packages/_pyinstaller_hooks_contrib/stdhooks/hook-backports.py", "Python", 1, 0, 0, 0, 0, 0, 0, 0, 0, 0, 0, 0, 18, 2, 21
"/home/david/DVHS Robotics/bubonic-corona/venv/lib64/python3.12/site-packages/_pyinstaller_hooks_contrib/stdhooks/hook-backports.zoneinfo.py", "Python", 3, 0, 0, 0, 0, 0, 0, 0, 0, 0, 0, 0, 13, 3, 19
"/home/david/DVHS Robotics/bubonic-corona/venv/lib64/python3.12/site-packages/_pyinstaller_hooks_contrib/stdhooks/hook-bacon.py", "Python", 30, 0, 0, 0, 0, 0, 0, 0, 0, 0, 0, 0, 13, 8, 51
"/home/david/DVHS Robotics/bubonic-corona/venv/lib64/python3.12/site-packages/_pyinstaller_hooks_contrib/stdhooks/hook-bcrypt.py", "Python", 1, 0, 0, 0, 0, 0, 0, 0, 0, 0, 0, 0, 14, 2, 17
"/home/david/DVHS Robotics/bubonic-corona/venv/lib64/python3.12/site-packages/_pyinstaller_hooks_contrib/stdhooks/hook-bitsandbytes.py", "Python", 3, 0, 0, 0, 0, 0, 0, 0, 0, 0, 0, 0, 17, 4, 24
"/home/david/DVHS Robotics/bubonic-corona/venv/lib64/python3.12/site-packages/_pyinstaller_hooks_contrib/stdhooks/hook-black.py", "Python", 13, 0, 0, 0, 0, 0, 0, 0, 0, 0, 0, 0, 14, 3, 30
"/home/david/DVHS Robotics/bubonic-corona/venv/lib64/python3.12/site-packages/_pyinstaller_hooks_contrib/stdhooks/hook-bleak.py", "Python", 5, 0, 0, 0, 0, 0, 0, 0, 0, 0, 0, 0, 12, 3, 20
"/home/david/DVHS Robotics/bubonic-corona/venv/lib64/python3.12/site-packages/_pyinstaller_hooks_contrib/stdhooks/hook-blib2to3.py", "Python", 10, 0, 0, 0, 0, 0, 0, 0, 0, 0, 0, 0, 14, 3, 27
"/home/david/DVHS Robotics/bubonic-corona/venv/lib64/python3.12/site-packages/_pyinstaller_hooks_contrib/stdhooks/hook-blspy.py", "Python", 8, 0, 0, 0, 0, 0, 0, 0, 0, 0, 0, 0, 24, 4, 36
"/home/david/DVHS Robotics/bubonic-corona/venv/lib64/python3.12/site-packages/_pyinstaller_hooks_contrib/stdhooks/hook-bokeh.py", "Python", 7, 0, 0, 0, 0, 0, 0, 0, 0, 0, 0, 0, 16, 5, 28
"/home/david/DVHS Robotics/bubonic-corona/venv/lib64/python3.12/site-packages/_pyinstaller_hooks_contrib/stdhooks/hook-boto.py", "Python", 2, 0, 0, 0, 0, 0, 0, 0, 0, 0, 0, 0, 21, 3, 26
"/home/david/DVHS Robotics/bubonic-corona/venv/lib64/python3.12/site-packages/_pyinstaller_hooks_contrib/stdhooks/hook-boto3.py", "Python", 7, 0, 0, 0, 0, 0, 0, 0, 0, 0, 0, 0, 20, 3, 30
"/home/david/DVHS Robotics/bubonic-corona/venv/lib64/python3.12/site-packages/_pyinstaller_hooks_contrib/stdhooks/hook-botocore.py", "Python", 5, 0, 0, 0, 0, 0, 0, 0, 0, 0, 0, 0, 22, 4, 31
"/home/david/DVHS Robotics/bubonic-corona/venv/lib64/python3.12/site-packages/_pyinstaller_hooks_contrib/stdhooks/hook-branca.py", "Python", 2, 0, 0, 0, 0, 0, 0, 0, 0, 0, 0, 0, 11, 3, 16
"/home/david/DVHS Robotics/bubonic-corona/venv/lib64/python3.12/site-packages/_pyinstaller_hooks_contrib/stdhooks/hook-cairocffi.py", "Python", 23, 0, 0, 0, 0, 0, 0, 0, 0, 0, 0, 0, 14, 9, 46
"/home/david/DVHS Robotics/bubonic-corona/venv/lib64/python3.12/site-packages/_pyinstaller_hooks_contrib/stdhooks/hook-cairosvg.py", "Python", 21, 0, 0, 0, 0, 0, 0, 0, 0, 0, 0, 0, 12, 8, 41
"/home/david/DVHS Robotics/bubonic-corona/venv/lib64/python3.12/site-packages/_pyinstaller_hooks_contrib/stdhooks/hook-capstone.py", "Python", 2, 0, 0, 0, 0, 0, 0, 0, 0, 0, 0, 0, 12, 2, 16
"/home/david/DVHS Robotics/bubonic-corona/venv/lib64/python3.12/site-packages/_pyinstaller_hooks_contrib/stdhooks/hook-cassandra.py", "Python", 2, 0, 0, 0, 0, 0, 0, 0, 0, 0, 0, 0, 18, 3, 23
"/home/david/DVHS Robotics/bubonic-corona/venv/lib64/python3.12/site-packages/_pyinstaller_hooks_contrib/stdhooks/hook-celpy.py", "Python", 2, 0, 0, 0, 0, 0, 0, 0, 0, 0, 0, 0, 20, 3, 25
"/home/david/DVHS Robotics/bubonic-corona/venv/lib64/python3.12/site-packages/_pyinstaller_hooks_contrib/stdhooks/hook-certifi.py", "Python", 2, 0, 0, 0, 0, 0, 0, 0, 0, 0, 0, 0, 15, 5, 22
"/home/david/DVHS Robotics/bubonic-corona/venv/lib64/python3.12/site-packages/_pyinstaller_hooks_contrib/stdhooks/hook-cf_units.py", "Python", 2, 0, 0, 0, 0, 0, 0, 0, 0, 0, 0, 0, 12, 3, 17
"/home/david/DVHS Robotics/bubonic-corona/venv/lib64/python3.12/site-packages/_pyinstaller_hooks_contrib/stdhooks/hook-cftime.py", "Python", 8, 0, 0, 0, 0, 0, 0, 0, 0, 0, 0, 0, 12, 2, 22
"/home/david/DVHS Robotics/bubonic-corona/venv/lib64/python3.12/site-packages/_pyinstaller_hooks_contrib/stdhooks/hook-chardet.py", "Python", 11, 0, 0, 0, 0, 0, 0, 0, 0, 0, 0, 0, 15, 6, 32
"/home/david/DVHS Robotics/bubonic-corona/venv/lib64/python3.12/site-packages/_pyinstaller_hooks_contrib/stdhooks/hook-charset_normalizer.py", "Python", 6, 0, 0, 0, 0, 0, 0, 0, 0, 0, 0, 0, 11, 3, 20
"/home/david/DVHS Robotics/bubonic-corona/venv/lib64/python3.12/site-packages/_pyinstaller_hooks_contrib/stdhooks/hook-cloudpickle.py", "Python", 3, 0, 0, 0, 0, 0, 0, 0, 0, 0, 0, 0, 13, 3, 19
"/home/david/DVHS Robotics/bubonic-corona/venv/lib64/python3.12/site-packages/_pyinstaller_hooks_contrib/stdhooks/hook-cloudscraper.py", "Python", 2, 0, 0, 0, 0, 0, 0, 0, 0, 0, 0, 0, 11, 3, 16
"/home/david/DVHS Robotics/bubonic-corona/venv/lib64/python3.12/site-packages/_pyinstaller_hooks_contrib/stdhooks/hook-clr.py", "Python", 27, 0, 0, 0, 0, 0, 0, 0, 0, 0, 0, 0, 20, 9, 56
"/home/david/DVHS Robotics/bubonic-corona/venv/lib64/python3.12/site-packages/_pyinstaller_hooks_contrib/stdhooks/hook-clr_loader.py", "Python", 4, 0, 0, 0, 0, 0, 0, 0, 0, 0, 0, 0, 16, 3, 23
"/home/david/DVHS Robotics/bubonic-corona/venv/lib64/python3.12/site-packages/_pyinstaller_hooks_contrib/stdhooks/hook-cmocean.py", "Python", 2, 0, 0, 0, 0, 0, 0, 0, 0, 0, 0, 0, 11, 3, 16
"/home/david/DVHS Robotics/bubonic-corona/venv/lib64/python3.12/site-packages/_pyinstaller_hooks_contrib/stdhooks/hook-compliance_checker.py", "Python", 4, 0, 0, 0, 0, 0, 0, 0, 0, 0, 0, 0, 14, 5, 23
"/home/david/DVHS Robotics/bubonic-corona/venv/lib64/python3.12/site-packages/_pyinstaller_hooks_contrib/stdhooks/hook-comtypes.client.py", "Python", 9, 0, 0, 0, 0, 0, 0, 0, 0, 0, 0, 0, 12, 2, 23
"/home/david/DVHS Robotics/bubonic-corona/venv/lib64/python3.12/site-packages/_pyinstaller_hooks_contrib/stdhooks/hook-countrycode.py", "Python", 2, 0, 0, 0, 0, 0, 0, 0, 0, 0, 0, 0, 11, 3, 16
"/home/david/DVHS Robotics/bubonic-corona/venv/lib64/python3.12/site-packages/_pyinstaller_hooks_contrib/stdhooks/hook-countryinfo.py", "Python", 2, 0, 0, 0, 0, 0, 0, 0, 0, 0, 0, 0, 11, 3, 16
"/home/david/DVHS Robotics/bubonic-corona/venv/lib64/python3.12/site-packages/_pyinstaller_hooks_contrib/stdhooks/hook-cryptography.py", "Python", 71, 0, 0, 0, 0, 0, 0, 0, 0, 0, 0, 0, 40, 22, 133
"/home/david/DVHS Robotics/bubonic-corona/venv/lib64/python3.12/site-packages/_pyinstaller_hooks_contrib/stdhooks/hook-cumm.py", "Python", 2, 0, 0, 0, 0, 0, 0, 0, 0, 0, 0, 0, 11, 3, 16
"/home/david/DVHS Robotics/bubonic-corona/venv/lib64/python3.12/site-packages/_pyinstaller_hooks_contrib/stdhooks/hook-customtkinter.py", "Python", 2, 0, 0, 0, 0, 0, 0, 0, 0, 0, 0, 0, 11, 2, 15
"/home/david/DVHS Robotics/bubonic-corona/venv/lib64/python3.12/site-packages/_pyinstaller_hooks_contrib/stdhooks/hook-cv2.py", "Python", 83, 0, 0, 0, 0, 0, 0, 0, 0, 0, 0, 0, 60, 26, 169
"/home/david/DVHS Robotics/bubonic-corona/venv/lib64/python3.12/site-packages/_pyinstaller_hooks_contrib/stdhooks/hook-cx_Oracle.py", "Python", 1, 0, 0, 0, 0, 0, 0, 0, 0, 0, 0, 0, 11, 2, 14
"/home/david/DVHS Robotics/bubonic-corona/venv/lib64/python3.12/site-packages/_pyinstaller_hooks_contrib/stdhooks/hook-cytoolz.itertoolz.py", "Python", 1, 0, 0, 0, 0, 0, 0, 0, 0, 0, 0, 0, 13, 3, 17
"/home/david/DVHS Robotics/bubonic-corona/venv/lib64/python3.12/site-packages/_pyinstaller_hooks_contrib/stdhooks/hook-dash.py", "Python", 2, 0, 0, 0, 0, 0, 0, 0, 0, 0, 0, 0, 11, 3, 16
"/home/david/DVHS Robotics/bubonic-corona/venv/lib64/python3.12/site-packages/_pyinstaller_hooks_contrib/stdhooks/hook-dash_bootstrap_components.py", "Python", 2, 0, 0, 0, 0, 0, 0, 0, 0, 0, 0, 0, 11, 3, 16
"/home/david/DVHS Robotics/bubonic-corona/venv/lib64/python3.12/site-packages/_pyinstaller_hooks_contrib/stdhooks/hook-dash_core_components.py", "Python", 2, 0, 0, 0, 0, 0, 0, 0, 0, 0, 0, 0, 11, 3, 16
"/home/david/DVHS Robotics/bubonic-corona/venv/lib64/python3.12/site-packages/_pyinstaller_hooks_contrib/stdhooks/hook-dash_html_components.py", "Python", 2, 0, 0, 0, 0, 0, 0, 0, 0, 0, 0, 0, 11, 3, 16
"/home/david/DVHS Robotics/bubonic-corona/venv/lib64/python3.12/site-packages/_pyinstaller_hooks_contrib/stdhooks/hook-dash_renderer.py", "Python", 2, 0, 0, 0, 0, 0, 0, 0, 0, 0, 0, 0, 11, 3, 16
"/home/david/DVHS Robotics/bubonic-corona/venv/lib64/python3.12/site-packages/_pyinstaller_hooks_contrib/stdhooks/hook-dash_table.py", "Python", 2, 0, 0, 0, 0, 0, 0, 0, 0, 0, 0, 0, 11, 3, 16
"/home/david/DVHS Robotics/bubonic-corona/venv/lib64/python3.12/site-packages/_pyinstaller_hooks_contrib/stdhooks/hook-dash_uploader.py", "Python", 2, 0, 0, 0, 0, 0, 0, 0, 0, 0, 0, 0, 11, 3, 16
"/home/david/DVHS Robotics/bubonic-corona/venv/lib64/python3.12/site-packages/_pyinstaller_hooks_contrib/stdhooks/hook-dask.py", "Python", 2, 0, 0, 0, 0, 0, 0, 0, 0, 0, 0, 0, 15, 3, 20
"/home/david/DVHS Robotics/bubonic-corona/venv/lib64/python3.12/site-packages/_pyinstaller_hooks_contrib/stdhooks/hook-datasets.py", "Python", 1, 0, 0, 0, 0, 0, 0, 0, 0, 0, 0, 0, 12, 2, 15
"/home/david/DVHS Robotics/bubonic-corona/venv/lib64/python3.12/site-packages/_pyinstaller_hooks_contrib/stdhooks/hook-dateparser.py", "Python", 2, 0, 0, 0, 0, 0, 0, 0, 0, 0, 0, 0, 13, 3, 18
"/home/david/DVHS Robotics/bubonic-corona/venv/lib64/python3.12/site-packages/_pyinstaller_hooks_contrib/stdhooks/hook-dateparser.utils.strptime.py", "Python", 2, 0, 0, 0, 0, 0, 0, 0, 0, 0, 0, 0, 12, 4, 18
"/home/david/DVHS Robotics/bubonic-corona/venv/lib64/python3.12/site-packages/_pyinstaller_hooks_contrib/stdhooks/hook-dateutil.py", "Python", 2, 0, 0, 0, 0, 0, 0, 0, 0, 0, 0, 0, 11, 3, 16
"/home/david/DVHS Robotics/bubonic-corona/venv/lib64/python3.12/site-packages/_pyinstaller_hooks_contrib/stdhooks/hook-dbus_fast.py", "Python", 2, 0, 0, 0, 0, 0, 0, 0, 0, 0, 0, 0, 12, 3, 17
"/home/david/DVHS Robotics/bubonic-corona/venv/lib64/python3.12/site-packages/_pyinstaller_hooks_contrib/stdhooks/hook-dclab.py", "Python", 2, 0, 0, 0, 0, 0, 0, 0, 0, 0, 0, 0, 12, 4, 18
"/home/david/DVHS Robotics/bubonic-corona/venv/lib64/python3.12/site-packages/_pyinstaller_hooks_contrib/stdhooks/hook-ddgs.py", "Python", 3, 0, 0, 0, 0, 0, 0, 0, 0, 0, 0, 0, 14, 4, 21
"/home/david/DVHS Robotics/bubonic-corona/venv/lib64/python3.12/site-packages/_pyinstaller_hooks_contrib/stdhooks/hook-detectron2.py", "Python", 1, 0, 0, 0, 0, 0, 0, 0, 0, 0, 0, 0, 12, 2, 15
"/home/david/DVHS Robotics/bubonic-corona/venv/lib64/python3.12/site-packages/_pyinstaller_hooks_contrib/stdhooks/hook-discid.py", "Python", 20, 0, 0, 0, 0, 0, 0, 0, 0, 0, 0, 0, 14, 7, 41
"/home/david/DVHS Robotics/bubonic-corona/venv/lib64/python3.12/site-packages/_pyinstaller_hooks_contrib/stdhooks/hook-distorm3.py", "Python", 2, 0, 0, 0, 0, 0, 0, 0, 0, 0, 0, 0, 14, 4, 20
"/home/david/DVHS Robotics/bubonic-corona/venv/lib64/python3.12/site-packages/_pyinstaller_hooks_contrib/stdhooks/hook-distributed.py", "Python", 6, 0, 0, 0, 0, 0, 0, 0, 0, 0, 0, 0, 19, 5, 30
"/home/david/DVHS Robotics/bubonic-corona/venv/lib64/python3.12/site-packages/_pyinstaller_hooks_contrib/stdhooks/hook-dns.rdata.py", "Python", 2, 0, 0, 0, 0, 0, 0, 0, 0, 0, 0, 0, 12, 4, 18
"/home/david/DVHS Robotics/bubonic-corona/venv/lib64/python3.12/site-packages/_pyinstaller_hooks_contrib/stdhooks/hook-docutils.py", "Python", 6, 0, 0, 0, 0, 0, 0, 0, 0, 0, 0, 0, 11, 3, 20
"/home/david/DVHS Robotics/bubonic-corona/venv/lib64/python3.12/site-packages/_pyinstaller_hooks_contrib/stdhooks/hook-docx.py", "Python", 2, 0, 0, 0, 0, 0, 0, 0, 0, 0, 0, 0, 11, 3, 16
"/home/david/DVHS Robotics/bubonic-corona/venv/lib64/python3.12/site-packages/_pyinstaller_hooks_contrib/stdhooks/hook-docx2pdf.py", "Python", 3, 0, 0, 0, 0, 0, 0, 0, 0, 0, 0, 0, 12, 4, 19
"/home/david/DVHS Robotics/bubonic-corona/venv/lib64/python3.12/site-packages/_pyinstaller_hooks_contrib/stdhooks/hook-duckdb.py", "Python", 4, 0, 0, 0, 0, 0, 0, 0, 0, 0, 0, 0, 15, 4, 23
"/home/david/DVHS Robotics/bubonic-corona/venv/lib64/python3.12/site-packages/_pyinstaller_hooks_contrib/stdhooks/hook-dynaconf.py", "Python", 3, 0, 0, 0, 0, 0, 0, 0, 0, 0, 0, 0, 11, 2, 16
"/home/david/DVHS Robotics/bubonic-corona/venv/lib64/python3.12/site-packages/_pyinstaller_hooks_contrib/stdhooks/hook-easyocr.py", "Python", 12, 0, 0, 0, 0, 0, 0, 0, 0, 0, 0, 0, 1, 6, 19
"/home/david/DVHS Robotics/bubonic-corona/venv/lib64/python3.12/site-packages/_pyinstaller_hooks_contrib/stdhooks/hook-eccodeslib.py", "Python", 3, 0, 0, 0, 0, 0, 0, 0, 0, 0, 0, 0, 14, 4, 21
"/home/david/DVHS Robotics/bubonic-corona/venv/lib64/python3.12/site-packages/_pyinstaller_hooks_contrib/stdhooks/hook-eckitlib.py", "Python", 2, 0, 0, 0, 0, 0, 0, 0, 0, 0, 0, 0, 12, 3, 17
"/home/david/DVHS Robotics/bubonic-corona/venv/lib64/python3.12/site-packages/_pyinstaller_hooks_contrib/stdhooks/hook-eel.py", "Python", 3, 0, 0, 0, 0, 0, 0, 0, 0, 0, 0, 0, 11, 3, 17
"/home/david/DVHS Robotics/bubonic-corona/venv/lib64/python3.12/site-packages/_pyinstaller_hooks_contrib/stdhooks/hook-emoji.py", "Python", 2, 0, 0, 0, 0, 0, 0, 0, 0, 0, 0, 0, 11, 3, 16
"/home/david/DVHS Robotics/bubonic-corona/venv/lib64/python3.12/site-packages/_pyinstaller_hooks_contrib/stdhooks/hook-enchant.py", "Python", 28, 0, 0, 0, 0, 0, 0, 0, 0, 0, 0, 0, 32, 10, 70
"/home/david/DVHS Robotics/bubonic-corona/venv/lib64/python3.12/site-packages/_pyinstaller_hooks_contrib/stdhooks/hook-eng_to_ipa.py", "Python", 2, 0, 0, 0, 0, 0, 0, 0, 0, 0, 0, 0, 11, 3, 16
"/home/david/DVHS Robotics/bubonic-corona/venv/lib64/python3.12/site-packages/_pyinstaller_hooks_contrib/stdhooks/hook-ens.py", "Python", 2, 0, 0, 0, 0, 0, 0, 0, 0, 0, 0, 0, 11, 3, 16
"/home/david/DVHS Robotics/bubonic-corona/venv/lib64/python3.12/site-packages/_pyinstaller_hooks_contrib/stdhooks/hook-enzyme.parsers.ebml.core.py", "Python", 5, 0, 0, 0, 0, 0, 0, 0, 0, 0, 0, 0, 17, 4, 26
"/home/david/DVHS Robotics/bubonic-corona/venv/lib64/python3.12/site-packages/_pyinstaller_hooks_contrib/stdhooks/hook-eth_abi.py", "Python", 2, 0, 0, 0, 0, 0, 0, 0, 0, 0, 0, 0, 11, 3, 16
"/home/david/DVHS Robotics/bubonic-corona/venv/lib64/python3.12/site-packages/_pyinstaller_hooks_contrib/stdhooks/hook-eth_account.py", "Python", 2, 0, 0, 0, 0, 0, 0, 0, 0, 0, 0, 0, 11, 3, 16
"/home/david/DVHS Robotics/bubonic-corona/venv/lib64/python3.12/site-packages/_pyinstaller_hooks_contrib/stdhooks/hook-eth_hash.py", "Python", 4, 0, 0, 0, 0, 0, 0, 0, 0, 0, 0, 0, 13, 4, 21
"/home/david/DVHS Robotics/bubonic-corona/venv/lib64/python3.12/site-packages/_pyinstaller_hooks_contrib/stdhooks/hook-eth_keyfile.py", "Python", 2, 0, 0, 0, 0, 0, 0, 0, 0, 0, 0, 0, 11, 3, 16
"/home/david/DVHS Robotics/bubonic-corona/venv/lib64/python3.12/site-packages/_pyinstaller_hooks_contrib/stdhooks/hook-eth_keys.py", "Python", 3, 0, 0, 0, 0, 0, 0, 0, 0, 0, 0, 0, 12, 3, 18
"/home/david/DVHS Robotics/bubonic-corona/venv/lib64/python3.12/site-packages/_pyinstaller_hooks_contrib/stdhooks/hook-eth_rlp.py", "Python", 3, 0, 0, 0, 0, 0, 0, 0, 0, 0, 0, 0, 12, 3, 18
"/home/david/DVHS Robotics/bubonic-corona/venv/lib64/python3.12/site-packages/_pyinstaller_hooks_contrib/stdhooks/hook-eth_typing.py", "Python", 2, 0, 0, 0, 0, 0, 0, 0, 0, 0, 0, 0, 12, 3, 17
"/home/david/DVHS Robotics/bubonic-corona/venv/lib64/python3.12/site-packages/_pyinstaller_hooks_contrib/stdhooks/hook-eth_utils.network.py", "Python", 2, 0, 0, 0, 0, 0, 0, 0, 0, 0, 0, 0, 11, 3, 16
"/home/david/DVHS Robotics/bubonic-corona/venv/lib64/python3.12/site-packages/_pyinstaller_hooks_contrib/stdhooks/hook-eth_utils.py", "Python", 2, 0, 0, 0, 0, 0, 0, 0, 0, 0, 0, 0, 11, 3, 16
"/home/david/DVHS Robotics/bubonic-corona/venv/lib64/python3.12/site-packages/_pyinstaller_hooks_contrib/stdhooks/hook-exchangelib.py", "Python", 1, 0, 0, 0, 0, 0, 0, 0, 0, 0, 0, 0, 11, 1, 13
"/home/david/DVHS Robotics/bubonic-corona/venv/lib64/python3.12/site-packages/_pyinstaller_hooks_contrib/stdhooks/hook-fabric.py", "Python", 2, 0, 0, 0, 0, 0, 0, 0, 0, 0, 0, 0, 18, 3, 23
"/home/david/DVHS Robotics/bubonic-corona/venv/lib64/python3.12/site-packages/_pyinstaller_hooks_contrib/stdhooks/hook-fairscale.py", "Python", 1, 0, 0, 0, 0, 0, 0, 0, 0, 0, 0, 0, 12, 2, 15
"/home/david/DVHS Robotics/bubonic-corona/venv/lib64/python3.12/site-packages/_pyinstaller_hooks_contrib/stdhooks/hook-fake_useragent.py", "Python", 2, 0, 0, 0, 0, 0, 0, 0, 0, 0, 0, 0, 11, 3, 16
"/home/david/DVHS Robotics/bubonic-corona/venv/lib64/python3.12/site-packages/_pyinstaller_hooks_contrib/stdhooks/hook-faker.py", "Python", 6, 0, 0, 0, 0, 0, 0, 0, 0, 0, 0, 0, 11, 3, 20
"/home/david/DVHS Robotics/bubonic-corona/venv/lib64/python3.12/site-packages/_pyinstaller_hooks_contrib/stdhooks/hook-falcon.py", "Python", 24, 0, 0, 0, 0, 0, 0, 0, 0, 0, 0, 0, 13, 5, 42
"/home/david/DVHS Robotics/bubonic-corona/venv/lib64/python3.12/site-packages/_pyinstaller_hooks_contrib/stdhooks/hook-fastai.py", "Python", 1, 0, 0, 0, 0, 0, 0, 0, 0, 0, 0, 0, 12, 2, 15
"/home/david/DVHS Robotics/bubonic-corona/venv/lib64/python3.12/site-packages/_pyinstaller_hooks_contrib/stdhooks/hook-fastparquet.py", "Python", 11, 0, 0, 0, 0, 0, 0, 0, 0, 0, 0, 0, 19, 3, 33
"/home/david/DVHS Robotics/bubonic-corona/venv/lib64/python3.12/site-packages/_pyinstaller_hooks_contrib/stdhooks/hook-fckitlib.py", "Python", 2, 0, 0, 0, 0, 0, 0, 0, 0, 0, 0, 0, 12, 3, 17
"/home/david/DVHS Robotics/bubonic-corona/venv/lib64/python3.12/site-packages/_pyinstaller_hooks_contrib/stdhooks/hook-ffpyplayer.py", "Python", 10, 0, 0, 0, 0, 0, 0, 0, 0, 0, 0, 0, 12, 7, 29
"/home/david/DVHS Robotics/bubonic-corona/venv/lib64/python3.12/site-packages/_pyinstaller_hooks_contrib/stdhooks/hook-fiona.py", "Python", 9, 0, 0, 0, 0, 0, 0, 0, 0, 0, 0, 0, 13, 5, 27
"/home/david/DVHS Robotics/bubonic-corona/venv/lib64/python3.12/site-packages/_pyinstaller_hooks_contrib/stdhooks/hook-flask_compress.py", "Python", 2, 0, 0, 0, 0, 0, 0, 0, 0, 0, 0, 0, 11, 3, 16
"/home/david/DVHS Robotics/bubonic-corona/venv/lib64/python3.12/site-packages/_pyinstaller_hooks_contrib/stdhooks/hook-flask_restx.py", "Python", 2, 0, 0, 0, 0, 0, 0, 0, 0, 0, 0, 0, 11, 2, 15
"/home/david/DVHS Robotics/bubonic-corona/venv/lib64/python3.12/site-packages/_pyinstaller_hooks_contrib/stdhooks/hook-flex.py", "Python", 2, 0, 0, 0, 0, 0, 0, 0, 0, 0, 0, 0, 12, 4, 18
"/home/david/DVHS Robotics/bubonic-corona/venv/lib64/python3.12/site-packages/_pyinstaller_hooks_contrib/stdhooks/hook-flirpy.py", "Python", 2, 0, 0, 0, 0, 0, 0, 0, 0, 0, 0, 0, 15, 3, 20
"/home/david/DVHS Robotics/bubonic-corona/venv/lib64/python3.12/site-packages/_pyinstaller_hooks_contrib/stdhooks/hook-fmpy.py", "Python", 2, 0, 0, 0, 0, 0, 0, 0, 0, 0, 0, 0, 21, 3, 26
"/home/david/DVHS Robotics/bubonic-corona/venv/lib64/python3.12/site-packages/_pyinstaller_hooks_contrib/stdhooks/hook-folium.py", "Python", 2, 0, 0, 0, 0, 0, 0, 0, 0, 0, 0, 0, 12, 3, 17
"/home/david/DVHS Robotics/bubonic-corona/venv/lib64/python3.12/site-packages/_pyinstaller_hooks_contrib/stdhooks/hook-freetype.py", "Python", 2, 0, 0, 0, 0, 0, 0, 0, 0, 0, 0, 0, 12, 3, 17
"/home/david/DVHS Robotics/bubonic-corona/venv/lib64/python3.12/site-packages/_pyinstaller_hooks_contrib/stdhooks/hook-frictionless.py", "Python", 3, 0, 0, 0, 0, 0, 0, 0, 0, 0, 0, 0, 13, 4, 20
"/home/david/DVHS Robotics/bubonic-corona/venv/lib64/python3.12/site-packages/_pyinstaller_hooks_contrib/stdhooks/hook-fsspec.py", "Python", 2, 0, 0, 0, 0, 0, 0, 0, 0, 0, 0, 0, 11, 3, 16
"/home/david/DVHS Robotics/bubonic-corona/venv/lib64/python3.12/site-packages/_pyinstaller_hooks_contrib/stdhooks/hook-fvcore.nn.py", "Python", 1, 0, 0, 0, 0, 0, 0, 0, 0, 0, 0, 0, 12, 2, 15
"/home/david/DVHS Robotics/bubonic-corona/venv/lib64/python3.12/site-packages/_pyinstaller_hooks_contrib/stdhooks/hook-gadfly.py", "Python", 1, 0, 0, 0, 0, 0, 0, 0, 0, 0, 0, 0, 11, 2, 14
"/home/david/DVHS Robotics/bubonic-corona/venv/lib64/python3.12/site-packages/_pyinstaller_hooks_contrib/stdhooks/hook-gbulb.py", "Python", 1, 0, 0, 0, 0, 0, 0, 0, 0, 0, 0, 0, 12, 2, 15
"/home/david/DVHS Robotics/bubonic-corona/venv/lib64/python3.12/site-packages/_pyinstaller_hooks_contrib/stdhooks/hook-gcloud.py", "Python", 5, 0, 0, 0, 0, 0, 0, 0, 0, 0, 0, 0, 14, 3, 22
"/home/david/DVHS Robotics/bubonic-corona/venv/lib64/python3.12/site-packages/_pyinstaller_hooks_contrib/stdhooks/hook-geopandas.py", "Python", 2, 0, 0, 0, 0, 0, 0, 0, 0, 0, 0, 0, 11, 3, 16
"/home/david/DVHS Robotics/bubonic-corona/venv/lib64/python3.12/site-packages/_pyinstaller_hooks_contrib/stdhooks/hook-gitlab.py", "Python", 2, 0, 0, 0, 0, 0, 0, 0, 0, 0, 0, 0, 18, 3, 23
"/home/david/DVHS Robotics/bubonic-corona/venv/lib64/python3.12/site-packages/_pyinstaller_hooks_contrib/stdhooks/hook-globus_sdk.py", "Python", 4, 0, 0, 0, 0, 0, 0, 0, 0, 0, 0, 0, 11, 3, 18
"/home/david/DVHS Robotics/bubonic-corona/venv/lib64/python3.12/site-packages/_pyinstaller_hooks_contrib/stdhooks/hook-gmplot.py", "Python", 2, 0, 0, 0, 0, 0, 0, 0, 0, 0, 0, 0, 11, 3, 16
"/home/david/DVHS Robotics/bubonic-corona/venv/lib64/python3.12/site-packages/_pyinstaller_hooks_contrib/stdhooks/hook-gmsh.py", "Python", 11, 0, 0, 0, 0, 0, 0, 0, 0, 0, 0, 0, 13, 5, 29
"/home/david/DVHS Robotics/bubonic-corona/venv/lib64/python3.12/site-packages/_pyinstaller_hooks_contrib/stdhooks/hook-gooey.py", "Python", 2, 0, 0, 0, 0, 0, 0, 0, 0, 0, 0, 0, 14, 3, 19
"/home/david/DVHS Robotics/bubonic-corona/venv/lib64/python3.12/site-packages/_pyinstaller_hooks_contrib/stdhooks/hook-google.api_core.py", "Python", 2, 0, 0, 0, 0, 0, 0, 0, 0, 0, 0, 0, 11, 3, 16
"/home/david/DVHS Robotics/bubonic-corona/venv/lib64/python3.12/site-packages/_pyinstaller_hooks_contrib/stdhooks/hook-google.cloud.bigquery.py", "Python", 3, 0, 0, 0, 0, 0, 0, 0, 0, 0, 0, 0, 12, 2, 17
"/home/david/DVHS Robotics/bubonic-corona/venv/lib64/python3.12/site-packages/_pyinstaller_hooks_contrib/stdhooks/hook-google.cloud.core.py", "Python", 2, 0, 0, 0, 0, 0, 0, 0, 0, 0, 0, 0, 11, 3, 16
"/home/david/DVHS Robotics/bubonic-corona/venv/lib64/python3.12/site-packages/_pyinstaller_hooks_contrib/stdhooks/hook-google.cloud.kms_v1.py", "Python", 2, 0, 0, 0, 0, 0, 0, 0, 0, 0, 0, 0, 14, 4, 20
"/home/david/DVHS Robotics/bubonic-corona/venv/lib64/python3.12/site-packages/_pyinstaller_hooks_contrib/stdhooks/hook-google.cloud.pubsub_v1.py", "Python", 2, 0, 0, 0, 0, 0, 0, 0, 0, 0, 0, 0, 11, 3, 16
"/home/david/DVHS Robotics/bubonic-corona/venv/lib64/python3.12/site-packages/_pyinstaller_hooks_contrib/stdhooks/hook-google.cloud.speech.py", "Python", 2, 0, 0, 0, 0, 0, 0, 0, 0, 0, 0, 0, 11, 3, 16
"/home/david/DVHS Robotics/bubonic-corona/venv/lib64/python3.12/site-packages/_pyinstaller_hooks_contrib/stdhooks/hook-google.cloud.storage.py", "Python", 2, 0, 0, 0, 0, 0, 0, 0, 0, 0, 0, 0, 11, 3, 16
"/home/david/DVHS Robotics/bubonic-corona/venv/lib64/python3.12/site-packages/_pyinstaller_hooks_contrib/stdhooks/hook-google.cloud.translate.py", "Python", 2, 0, 0, 0, 0, 0, 0, 0, 0, 0, 0, 0, 11, 3, 16
"/home/david/DVHS Robotics/bubonic-corona/venv/lib64/python3.12/site-packages/_pyinstaller_hooks_contrib/stdhooks/hook-googleapiclient.model.py", "Python", 4, 0, 0, 0, 0, 0, 0, 0, 0, 0, 0, 0, 14, 3, 21
"/home/david/DVHS Robotics/bubonic-corona/venv/lib64/python3.12/site-packages/_pyinstaller_hooks_contrib/stdhooks/hook-grapheme.py", "Python", 2, 0, 0, 0, 0, 0, 0, 0, 0, 0, 0, 0, 11, 3, 16
"/home/david/DVHS Robotics/bubonic-corona/venv/lib64/python3.12/site-packages/_pyinstaller_hooks_contrib/stdhooks/hook-graphql_query.py", "Python", 2, 0, 0, 0, 0, 0, 0, 0, 0, 0, 0, 0, 14, 3, 19
"/home/david/DVHS Robotics/bubonic-corona/venv/lib64/python3.12/site-packages/_pyinstaller_hooks_contrib/stdhooks/hook-great_expectations.py", "Python", 2, 0, 0, 0, 0, 0, 0, 0, 0, 0, 0, 0, 11, 3, 16
"/home/david/DVHS Robotics/bubonic-corona/venv/lib64/python3.12/site-packages/_pyinstaller_hooks_contrib/stdhooks/hook-gribapi.py", "Python", 44, 0, 0, 0, 0, 0, 0, 0, 0, 0, 0, 0, 30, 16, 90
"/home/david/DVHS Robotics/bubonic-corona/venv/lib64/python3.12/site-packages/_pyinstaller_hooks_contrib/stdhooks/hook-grpc.py", "Python", 2, 0, 0, 0, 0, 0, 0, 0, 0, 0, 0, 0, 11, 3, 16
"/home/david/DVHS Robotics/bubonic-corona/venv/lib64/python3.12/site-packages/_pyinstaller_hooks_contrib/stdhooks/hook-gtk.py", "Python", 4, 0, 0, 0, 0, 0, 0, 0, 0, 0, 0, 0, 11, 2, 17
"/home/david/DVHS Robotics/bubonic-corona/venv/lib64/python3.12/site-packages/_pyinstaller_hooks_contrib/stdhooks/hook-h3.py", "Python", 3, 0, 0, 0, 0, 0, 0, 0, 0, 0, 0, 0, 12, 3, 18
"/home/david/DVHS Robotics/bubonic-corona/venv/lib64/python3.12/site-packages/_pyinstaller_hooks_contrib/stdhooks/hook-h5py.py", "Python", 2, 0, 0, 0, 0, 0, 0, 0, 0, 0, 0, 0, 14, 3, 19
"/home/david/DVHS Robotics/bubonic-corona/venv/lib64/python3.12/site-packages/_pyinstaller_hooks_contrib/stdhooks/hook-hdf5plugin.py", "Python", 2, 0, 0, 0, 0, 0, 0, 0, 0, 0, 0, 0, 12, 4, 18
"/home/david/DVHS Robotics/bubonic-corona/venv/lib64/python3.12/site-packages/_pyinstaller_hooks_contrib/stdhooks/hook-hexbytes.py", "Python", 3, 0, 0, 0, 0, 0, 0, 0, 0, 0, 0, 0, 12, 3, 18
"/home/david/DVHS Robotics/bubonic-corona/venv/lib64/python3.12/site-packages/_pyinstaller_hooks_contrib/stdhooks/hook-httplib2.py", "Python", 2, 0, 0, 0, 0, 0, 0, 0, 0, 0, 0, 0, 12, 4, 18
"/home/david/DVHS Robotics/bubonic-corona/venv/lib64/python3.12/site-packages/_pyinstaller_hooks_contrib/stdhooks/hook-humanize.py", "Python", 2, 0, 0, 0, 0, 0, 0, 0, 0, 0, 0, 0, 19, 3, 24
"/home/david/DVHS Robotics/bubonic-corona/venv/lib64/python3.12/site-packages/_pyinstaller_hooks_contrib/stdhooks/hook-hydra.py", "Python", 9, 0, 0, 0, 0, 0, 0, 0, 0, 0, 0, 0, 23, 5, 37
"/home/david/DVHS Robotics/bubonic-corona/venv/lib64/python3.12/site-packages/_pyinstaller_hooks_contrib/stdhooks/hook-ijson.py", "Python", 2, 0, 0, 0, 0, 0, 0, 0, 0, 0, 0, 0, 11, 3, 16
"/home/david/DVHS Robotics/bubonic-corona/venv/lib64/python3.12/site-packages/_pyinstaller_hooks_contrib/stdhooks/hook-imageio.py", "Python", 3, 0, 0, 0, 0, 0, 0, 0, 0, 0, 0, 0, 14, 5, 22
"/home/david/DVHS Robotics/bubonic-corona/venv/lib64/python3.12/site-packages/_pyinstaller_hooks_contrib/stdhooks/hook-imageio_ffmpeg.py", "Python", 4, 0, 0, 0, 0, 0, 0, 0, 0, 0, 0, 0, 14, 5, 23
"/home/david/DVHS Robotics/bubonic-corona/venv/lib64/python3.12/site-packages/_pyinstaller_hooks_contrib/stdhooks/hook-imagingcontrol4.py", "Python", 2, 0, 0, 0, 0, 0, 0, 0, 0, 0, 0, 0, 11, 3, 16
"/home/david/DVHS Robotics/bubonic-corona/venv/lib64/python3.12/site-packages/_pyinstaller_hooks_contrib/stdhooks/hook-iminuit.py", "Python", 5, 0, 0, 0, 0, 0, 0, 0, 0, 0, 0, 0, 15, 6, 26
"/home/david/DVHS Robotics/bubonic-corona/venv/lib64/python3.12/site-packages/_pyinstaller_hooks_contrib/stdhooks/hook-intake.py", "Python", 2, 0, 0, 0, 0, 0, 0, 0, 0, 0, 0, 0, 11, 3, 16
"/home/david/DVHS Robotics/bubonic-corona/venv/lib64/python3.12/site-packages/_pyinstaller_hooks_contrib/stdhooks/hook-iso639.py", "Python", 2, 0, 0, 0, 0, 0, 0, 0, 0, 0, 0, 0, 12, 3, 17
"/home/david/DVHS Robotics/bubonic-corona/venv/lib64/python3.12/site-packages/_pyinstaller_hooks_contrib/stdhooks/hook-itk.py", "Python", 5, 0, 0, 0, 0, 0, 0, 0, 0, 0, 0, 0, 13, 4, 22
"/home/david/DVHS Robotics/bubonic-corona/venv/lib64/python3.12/site-packages/_pyinstaller_hooks_contrib/stdhooks/hook-jaraco.text.py", "Python", 2, 0, 0, 0, 0, 0, 0, 0, 0, 0, 0, 0, 12, 4, 18
"/home/david/DVHS Robotics/bubonic-corona/venv/lib64/python3.12/site-packages/_pyinstaller_hooks_contrib/stdhooks/hook-jedi.py", "Python", 2, 0, 0, 0, 0, 0, 0, 0, 0, 0, 0, 0, 12, 4, 18
"/home/david/DVHS Robotics/bubonic-corona/venv/lib64/python3.12/site-packages/_pyinstaller_hooks_contrib/stdhooks/hook-jieba.py", "Python", 2, 0, 0, 0, 0, 0, 0, 0, 0, 0, 0, 0, 11, 3, 16
"/home/david/DVHS Robotics/bubonic-corona/venv/lib64/python3.12/site-packages/_pyinstaller_hooks_contrib/stdhooks/hook-jinja2.py", "Python", 1, 0, 0, 0, 0, 0, 0, 0, 0, 0, 0, 0, 11, 2, 14
"/home/david/DVHS Robotics/bubonic-corona/venv/lib64/python3.12/site-packages/_pyinstaller_hooks_contrib/stdhooks/hook-jinxed.py", "Python", 3, 0, 0, 0, 0, 0, 0, 0, 0, 0, 0, 0, 11, 2, 16
"/home/david/DVHS Robotics/bubonic-corona/venv/lib64/python3.12/site-packages/_pyinstaller_hooks_contrib/stdhooks/hook-jira.py", "Python", 3, 0, 0, 0, 0, 0, 0, 0, 0, 0, 0, 0, 14, 3, 20
"/home/david/DVHS Robotics/bubonic-corona/venv/lib64/python3.12/site-packages/_pyinstaller_hooks_contrib/stdhooks/hook-jsonpath_rw_ext.py", "Python", 2, 0, 0, 0, 0, 0, 0, 0, 0, 0, 0, 0, 11, 3, 16
"/home/david/DVHS Robotics/bubonic-corona/venv/lib64/python3.12/site-packages/_pyinstaller_hooks_contrib/stdhooks/hook-jsonrpcserver.py", "Python", 2, 0, 0, 0, 0, 0, 0, 0, 0, 0, 0, 0, 13, 4, 19
"/home/david/DVHS Robotics/bubonic-corona/venv/lib64/python3.12/site-packages/_pyinstaller_hooks_contrib/stdhooks/hook-jsonschema.py", "Python", 3, 0, 0, 0, 0, 0, 0, 0, 0, 0, 0, 0, 14, 4, 21
"/home/david/DVHS Robotics/bubonic-corona/venv/lib64/python3.12/site-packages/_pyinstaller_hooks_contrib/stdhooks/hook-jsonschema_specifications.py", "Python", 2, 0, 0, 0, 0, 0, 0, 0, 0, 0, 0, 0, 11, 2, 15
"/home/david/DVHS Robotics/bubonic-corona/venv/lib64/python3.12/site-packages/_pyinstaller_hooks_contrib/stdhooks/hook-jupyterlab.py", "Python", 2, 0, 0, 0, 0, 0, 0, 0, 0, 0, 0, 0, 11, 3, 16
"/home/david/DVHS Robotics/bubonic-corona/venv/lib64/python3.12/site-packages/_pyinstaller_hooks_contrib/stdhooks/hook-kaleido.py", "Python", 2, 0, 0, 0, 0, 0, 0, 0, 0, 0, 0, 0, 11, 3, 16
"/home/david/DVHS Robotics/bubonic-corona/venv/lib64/python3.12/site-packages/_pyinstaller_hooks_contrib/stdhooks/hook-khmernltk.py", "Python", 3, 0, 0, 0, 0, 0, 0, 0, 0, 0, 0, 0, 11, 3, 17
"/home/david/DVHS Robotics/bubonic-corona/venv/lib64/python3.12/site-packages/_pyinstaller_hooks_contrib/stdhooks/hook-kinterbasdb.py", "Python", 6, 0, 0, 0, 0, 0, 0, 0, 0, 0, 0, 0, 12, 2, 20
"/home/david/DVHS Robotics/bubonic-corona/venv/lib64/python3.12/site-packages/_pyinstaller_hooks_contrib/stdhooks/hook-langchain.py", "Python", 26, 0, 0, 0, 0, 0, 0, 0, 0, 0, 0, 0, 18, 10, 54
"/home/david/DVHS Robotics/bubonic-corona/venv/lib64/python3.12/site-packages/_pyinstaller_hooks_contrib/stdhooks/hook-langchain_classic.py", "Python", 2, 0, 0, 0, 0, 0, 0, 0, 0, 0, 0, 0, 11, 3, 16
"/home/david/DVHS Robotics/bubonic-corona/venv/lib64/python3.12/site-packages/_pyinstaller_hooks_contrib/stdhooks/hook-langcodes.py", "Python", 2, 0, 0, 0, 0, 0, 0, 0, 0, 0, 0, 0, 11, 3, 16
"/home/david/DVHS Robotics/bubonic-corona/venv/lib64/python3.12/site-packages/_pyinstaller_hooks_contrib/stdhooks/hook-langdetect.py", "Python", 2, 0, 0, 0, 0, 0, 0, 0, 0, 0, 0, 0, 11, 3, 16
"/home/david/DVHS Robotics/bubonic-corona/venv/lib64/python3.12/site-packages/_pyinstaller_hooks_contrib/stdhooks/hook-laonlp.py", "Python", 2, 0, 0, 0, 0, 0, 0, 0, 0, 0, 0, 0, 11, 3, 16
"/home/david/DVHS Robotics/bubonic-corona/venv/lib64/python3.12/site-packages/_pyinstaller_hooks_contrib/stdhooks/hook-lark.py", "Python", 2, 0, 0, 0, 0, 0, 0, 0, 0, 0, 0, 0, 11, 3, 16
"/home/david/DVHS Robotics/bubonic-corona/venv/lib64/python3.12/site-packages/_pyinstaller_hooks_contrib/stdhooks/hook-ldfparser.py", "Python", 2, 0, 0, 0, 0, 0, 0, 0, 0, 0, 0, 0, 11, 3, 16
"/home/david/DVHS Robotics/bubonic-corona/venv/lib64/python3.12/site-packages/_pyinstaller_hooks_contrib/stdhooks/hook-lensfunpy.py", "Python", 3, 0, 0, 0, 0, 0, 0, 0, 0, 0, 0, 0, 12, 2, 17
"/home/david/DVHS Robotics/bubonic-corona/venv/lib64/python3.12/site-packages/_pyinstaller_hooks_contrib/stdhooks/hook-libaudioverse.py", "Python", 2, 0, 0, 0, 0, 0, 0, 0, 0, 0, 0, 0, 14, 3, 19
"/home/david/DVHS Robotics/bubonic-corona/venv/lib64/python3.12/site-packages/_pyinstaller_hooks_contrib/stdhooks/hook-librosa.py", "Python", 3, 0, 0, 0, 0, 0, 0, 0, 0, 0, 0, 0, 19, 4, 26
"/home/david/DVHS Robotics/bubonic-corona/venv/lib64/python3.12/site-packages/_pyinstaller_hooks_contrib/stdhooks/hook-lightgbm.py", "Python", 4, 0, 0, 0, 0, 0, 0, 0, 0, 0, 0, 0, 21, 3, 28
"/home/david/DVHS Robotics/bubonic-corona/venv/lib64/python3.12/site-packages/_pyinstaller_hooks_contrib/stdhooks/hook-lightning.py", "Python", 5, 0, 0, 0, 0, 0, 0, 0, 0, 0, 0, 0, 14, 3, 22
"/home/david/DVHS Robotics/bubonic-corona/venv/lib64/python3.12/site-packages/_pyinstaller_hooks_contrib/stdhooks/hook-limits.py", "Python", 2, 0, 0, 0, 0, 0, 0, 0, 0, 0, 0, 0, 11, 3, 16
"/home/david/DVHS Robotics/bubonic-corona/venv/lib64/python3.12/site-packages/_pyinstaller_hooks_contrib/stdhooks/hook-linear_operator.py", "Python", 1, 0, 0, 0, 0, 0, 0, 0, 0, 0, 0, 0, 12, 2, 15
"/home/david/DVHS Robotics/bubonic-corona/venv/lib64/python3.12/site-packages/_pyinstaller_hooks_contrib/stdhooks/hook-lingua.py", "Python", 2, 0, 0, 0, 0, 0, 0, 0, 0, 0, 0, 0, 11, 3, 16
"/home/david/DVHS Robotics/bubonic-corona/venv/lib64/python3.12/site-packages/_pyinstaller_hooks_contrib/stdhooks/hook-litestar.py", "Python", 2, 0, 0, 0, 0, 0, 0, 0, 0, 0, 0, 0, 11, 2, 15
"/home/david/DVHS Robotics/bubonic-corona/venv/lib64/python3.12/site-packages/_pyinstaller_hooks_contrib/stdhooks/hook-llvmlite.py", "Python", 2, 0, 0, 0, 0, 0, 0, 0, 0, 0, 0, 0, 17, 3, 22
"/home/david/DVHS Robotics/bubonic-corona/venv/lib64/python3.12/site-packages/_pyinstaller_hooks_contrib/stdhooks/hook-logilab.py", "Python", 2, 0, 0, 0, 0, 0, 0, 0, 0, 0, 0, 0, 23, 2, 27
"/home/david/DVHS Robotics/bubonic-corona/venv/lib64/python3.12/site-packages/_pyinstaller_hooks_contrib/stdhooks/hook-lxml.etree.py", "Python", 1, 0, 0, 0, 0, 0, 0, 0, 0, 0, 0, 0, 11, 2, 14
"/home/david/DVHS Robotics/bubonic-corona/venv/lib64/python3.12/site-packages/_pyinstaller_hooks_contrib/stdhooks/hook-lxml.isoschematron.py", "Python", 3, 0, 0, 0, 0, 0, 0, 0, 0, 0, 0, 0, 12, 3, 18
"/home/david/DVHS Robotics/bubonic-corona/venv/lib64/python3.12/site-packages/_pyinstaller_hooks_contrib/stdhooks/hook-lxml.objectify.py", "Python", 1, 0, 0, 0, 0, 0, 0, 0, 0, 0, 0, 0, 11, 2, 14
"/home/david/DVHS Robotics/bubonic-corona/venv/lib64/python3.12/site-packages/_pyinstaller_hooks_contrib/stdhooks/hook-lxml.py", "Python", 2, 0, 0, 0, 0, 0, 0, 0, 0, 0, 0, 0, 16, 3, 21
"/home/david/DVHS Robotics/bubonic-corona/venv/lib64/python3.12/site-packages/_pyinstaller_hooks_contrib/stdhooks/hook-lz4.py", "Python", 2, 0, 0, 0, 0, 0, 0, 0, 0, 0, 0, 0, 12, 3, 17
"/home/david/DVHS Robotics/bubonic-corona/venv/lib64/python3.12/site-packages/_pyinstaller_hooks_contrib/stdhooks/hook-magic.py", "Python", 3, 0, 0, 0, 0, 0, 0, 0, 0, 0, 0, 0, 12, 4, 19
"/home/david/DVHS Robotics/bubonic-corona/venv/lib64/python3.12/site-packages/_pyinstaller_hooks_contrib/stdhooks/hook-mako.codegen.py", "Python", 1, 0, 0, 0, 0, 0, 0, 0, 0, 0, 0, 0, 15, 2, 18
"/home/david/DVHS Robotics/bubonic-corona/venv/lib64/python3.12/site-packages/_pyinstaller_hooks_contrib/stdhooks/hook-mariadb.py", "Python", 4, 0, 0, 0, 0, 0, 0, 0, 0, 0, 0, 0, 18, 4, 26
"/home/david/DVHS Robotics/bubonic-corona/venv/lib64/python3.12/site-packages/_pyinstaller_hooks_contrib/stdhooks/hook-markdown.py", "Python", 9, 0, 0, 0, 0, 0, 0, 0, 0, 0, 0, 0, 15, 5, 29
"/home/david/DVHS Robotics/bubonic-corona/venv/lib64/python3.12/site-packages/_pyinstaller_hooks_contrib/stdhooks/hook-mecab.py", "Python", 3, 0, 0, 0, 0, 0, 0, 0, 0, 0, 0, 0, 11, 3, 17
"/home/david/DVHS Robotics/bubonic-corona/venv/lib64/python3.12/site-packages/_pyinstaller_hooks_contrib/stdhooks/hook-metpy.py", "Python", 3, 0, 0, 0, 0, 0, 0, 0, 0, 0, 0, 0, 15, 4, 22
"/home/david/DVHS Robotics/bubonic-corona/venv/lib64/python3.12/site-packages/_pyinstaller_hooks_contrib/stdhooks/hook-migrate.py", "Python", 3, 0, 0, 0, 0, 0, 0, 0, 0, 0, 0, 0, 14, 3, 20
"/home/david/DVHS Robotics/bubonic-corona/venv/lib64/python3.12/site-packages/_pyinstaller_hooks_contrib/stdhooks/hook-mimesis.py", "Python", 2, 0, 0, 0, 0, 0, 0, 0, 0, 0, 0, 0, 12, 4, 18
"/home/david/DVHS Robotics/bubonic-corona/venv/lib64/python3.12/site-packages/_pyinstaller_hooks_contrib/stdhooks/hook-minecraft_launcher_lib.py", "Python", 2, 0, 0, 0, 0, 0, 0, 0, 0, 0, 0, 0, 11, 2, 15
"/home/david/DVHS Robotics/bubonic-corona/venv/lib64/python3.12/site-packages/_pyinstaller_hooks_contrib/stdhooks/hook-mistune.py", "Python", 3, 0, 0, 0, 0, 0, 0, 0, 0, 0, 0, 0, 13, 4, 20
"/home/david/DVHS Robotics/bubonic-corona/venv/lib64/python3.12/site-packages/_pyinstaller_hooks_contrib/stdhooks/hook-mnemonic.py", "Python", 2, 0, 0, 0, 0, 0, 0, 0, 0, 0, 0, 0, 11, 3, 16
"/home/david/DVHS Robotics/bubonic-corona/venv/lib64/python3.12/site-packages/_pyinstaller_hooks_contrib/stdhooks/hook-monai.py", "Python", 1, 0, 0, 0, 0, 0, 0, 0, 0, 0, 0, 0, 12, 2, 15
"/home/david/DVHS Robotics/bubonic-corona/venv/lib64/python3.12/site-packages/_pyinstaller_hooks_contrib/stdhooks/hook-moviepy.audio.fx.all.py", "Python", 2, 0, 0, 0, 0, 0, 0, 0, 0, 0, 0, 0, 13, 3, 18
"/home/david/DVHS Robotics/bubonic-corona/venv/lib64/python3.12/site-packages/_pyinstaller_hooks_contrib/stdhooks/hook-moviepy.video.fx.all.py", "Python", 2, 0, 0, 0, 0, 0, 0, 0, 0, 0, 0, 0, 13, 3, 18
"/home/david/DVHS Robotics/bubonic-corona/venv/lib64/python3.12/site-packages/_pyinstaller_hooks_contrib/stdhooks/hook-mpl_toolkits.basemap.py", "Python", 13, 0, 0, 0, 0, 0, 0, 0, 0, 0, 0, 0, 15, 9, 37
"/home/david/DVHS Robotics/bubonic-corona/venv/lib64/python3.12/site-packages/_pyinstaller_hooks_contrib/stdhooks/hook-msoffcrypto.py", "Python", 2, 0, 0, 0, 0, 0, 0, 0, 0, 0, 0, 0, 14, 3, 19
"/home/david/DVHS Robotics/bubonic-corona/venv/lib64/python3.12/site-packages/_pyinstaller_hooks_contrib/stdhooks/hook-nacl.py", "Python", 12, 0, 0, 0, 0, 0, 0, 0, 0, 0, 0, 0, 13, 6, 31
"/home/david/DVHS Robotics/bubonic-corona/venv/lib64/python3.12/site-packages/_pyinstaller_hooks_contrib/stdhooks/hook-names.py", "Python", 2, 0, 0, 0, 0, 0, 0, 0, 0, 0, 0, 0, 13, 4, 19
"/home/david/DVHS Robotics/bubonic-corona/venv/lib64/python3.12/site-packages/_pyinstaller_hooks_contrib/stdhooks/hook-nanite.py", "Python", 2, 0, 0, 0, 0, 0, 0, 0, 0, 0, 0, 0, 12, 4, 18
"/home/david/DVHS Robotics/bubonic-corona/venv/lib64/python3.12/site-packages/_pyinstaller_hooks_contrib/stdhooks/hook-narwhals.py", "Python", 6, 0, 0, 0, 0, 0, 0, 0, 0, 0, 0, 0, 14, 3, 23
"/home/david/DVHS Robotics/bubonic-corona/venv/lib64/python3.12/site-packages/_pyinstaller_hooks_contrib/stdhooks/hook-nbconvert.py", "Python", 3, 0, 0, 0, 0, 0, 0, 0, 0, 0, 0, 0, 12, 4, 19
"/home/david/DVHS Robotics/bubonic-corona/venv/lib64/python3.12/site-packages/_pyinstaller_hooks_contrib/stdhooks/hook-nbdime.py", "Python", 2, 0, 0, 0, 0, 0, 0, 0, 0, 0, 0, 0, 11, 3, 16
"/home/david/DVHS Robotics/bubonic-corona/venv/lib64/python3.12/site-packages/_pyinstaller_hooks_contrib/stdhooks/hook-nbformat.py", "Python", 2, 0, 0, 0, 0, 0, 0, 0, 0, 0, 0, 0, 11, 3, 16
"/home/david/DVHS Robotics/bubonic-corona/venv/lib64/python3.12/site-packages/_pyinstaller_hooks_contrib/stdhooks/hook-nbt.py", "Python", 1, 0, 0, 0, 0, 0, 0, 0, 0, 0, 0, 0, 11, 1, 13
"/home/david/DVHS Robotics/bubonic-corona/venv/lib64/python3.12/site-packages/_pyinstaller_hooks_contrib/stdhooks/hook-ncclient.py", "Python", 2, 0, 0, 0, 0, 0, 0, 0, 0, 0, 0, 0, 20, 2, 24
"/home/david/DVHS Robotics/bubonic-corona/venv/lib64/python3.12/site-packages/_pyinstaller_hooks_contrib/stdhooks/hook-netCDF4.py", "Python", 13, 0, 0, 0, 0, 0, 0, 0, 0, 0, 0, 0, 19, 6, 38
"/home/david/DVHS Robotics/bubonic-corona/venv/lib64/python3.12/site-packages/_pyinstaller_hooks_contrib/stdhooks/hook-nicegui.py", "Python", 2, 0, 0, 0, 0, 0, 0, 0, 0, 0, 0, 0, 11, 2, 15
"/home/david/DVHS Robotics/bubonic-corona/venv/lib64/python3.12/site-packages/_pyinstaller_hooks_contrib/stdhooks/hook-niquests.py", "Python", 2, 0, 0, 0, 0, 0, 0, 0, 0, 0, 0, 0, 11, 3, 16
"/home/david/DVHS Robotics/bubonic-corona/venv/lib64/python3.12/site-packages/_pyinstaller_hooks_contrib/stdhooks/hook-nltk.py", "Python", 8, 0, 0, 0, 0, 0, 0, 0, 0, 0, 0, 0, 15, 5, 28
"/home/david/DVHS Robotics/bubonic-corona/venv/lib64/python3.12/site-packages/_pyinstaller_hooks_contrib/stdhooks/hook-nnpy.py", "Python", 1, 0, 0, 0, 0, 0, 0, 0, 0, 0, 0, 0, 14, 2, 17
"/home/david/DVHS Robotics/bubonic-corona/venv/lib64/python3.12/site-packages/_pyinstaller_hooks_contrib/stdhooks/hook-notebook.py", "Python", 10, 0, 0, 0, 0, 0, 0, 0, 0, 0, 0, 0, 13, 5, 28
"/home/david/DVHS Robotics/bubonic-corona/venv/lib64/python3.12/site-packages/_pyinstaller_hooks_contrib/stdhooks/hook-numba.py", "Python", 24, 0, 0, 0, 0, 0, 0, 0, 0, 0, 0, 0, 27, 5, 56
"/home/david/DVHS Robotics/bubonic-corona/venv/lib64/python3.12/site-packages/_pyinstaller_hooks_contrib/stdhooks/hook-numbers_parser.py", "Python", 2, 0, 0, 0, 0, 0, 0, 0, 0, 0, 0, 0, 12, 3, 17
"/home/david/DVHS Robotics/bubonic-corona/venv/lib64/python3.12/site-packages/_pyinstaller_hooks_contrib/stdhooks/hook-numcodecs.py", "Python", 4, 0, 0, 0, 0, 0, 0, 0, 0, 0, 0, 0, 13, 4, 21
"/home/david/DVHS Robotics/bubonic-corona/venv/lib64/python3.12/site-packages/_pyinstaller_hooks_contrib/stdhooks/hook-nvidia.cublas.py", "Python", 6, 0, 0, 0, 0, 0, 0, 0, 0, 0, 0, 0, 11, 3, 20
"/home/david/DVHS Robotics/bubonic-corona/venv/lib64/python3.12/site-packages/_pyinstaller_hooks_contrib/stdhooks/hook-nvidia.cuda_cupti.py", "Python", 6, 0, 0, 0, 0, 0, 0, 0, 0, 0, 0, 0, 11, 3, 20
"/home/david/DVHS Robotics/bubonic-corona/venv/lib64/python3.12/site-packages/_pyinstaller_hooks_contrib/stdhooks/hook-nvidia.cuda_nvcc.py", "Python", 8, 0, 0, 0, 0, 0, 0, 0, 0, 0, 0, 0, 18, 5, 31
"/home/david/DVHS Robotics/bubonic-corona/venv/lib64/python3.12/site-packages/_pyinstaller_hooks_contrib/stdhooks/hook-nvidia.cuda_nvrtc.py", "Python", 6, 0, 0, 0, 0, 0, 0, 0, 0, 0, 0, 0, 11, 3, 20
"/home/david/DVHS Robotics/bubonic-corona/venv/lib64/python3.12/site-packages/_pyinstaller_hooks_contrib/stdhooks/hook-nvidia.cuda_runtime.py", "Python", 6, 0, 0, 0, 0, 0, 0, 0, 0, 0, 0, 0, 11, 3, 20
"/home/david/DVHS Robotics/bubonic-corona/venv/lib64/python3.12/site-packages/_pyinstaller_hooks_contrib/stdhooks/hook-nvidia.cudnn.py", "Python", 6, 0, 0, 0, 0, 0, 0, 0, 0, 0, 0, 0, 11, 3, 20
"/home/david/DVHS Robotics/bubonic-corona/venv/lib64/python3.12/site-packages/_pyinstaller_hooks_contrib/stdhooks/hook-nvidia.cufft.py", "Python", 6, 0, 0, 0, 0, 0, 0, 0, 0, 0, 0, 0, 11, 3, 20
"/home/david/DVHS Robotics/bubonic-corona/venv/lib64/python3.12/site-packages/_pyinstaller_hooks_contrib/stdhooks/hook-nvidia.curand.py", "Python", 6, 0, 0, 0, 0, 0, 0, 0, 0, 0, 0, 0, 11, 3, 20
"/home/david/DVHS Robotics/bubonic-corona/venv/lib64/python3.12/site-packages/_pyinstaller_hooks_contrib/stdhooks/hook-nvidia.cusolver.py", "Python", 6, 0, 0, 0, 0, 0, 0, 0, 0, 0, 0, 0, 11, 3, 20
"/home/david/DVHS Robotics/bubonic-corona/venv/lib64/python3.12/site-packages/_pyinstaller_hooks_contrib/stdhooks/hook-nvidia.cusparse.py", "Python", 6, 0, 0, 0, 0, 0, 0, 0, 0, 0, 0, 0, 11, 3, 20
"/home/david/DVHS Robotics/bubonic-corona/venv/lib64/python3.12/site-packages/_pyinstaller_hooks_contrib/stdhooks/hook-nvidia.nccl.py", "Python", 6, 0, 0, 0, 0, 0, 0, 0, 0, 0, 0, 0, 11, 3, 20
"/home/david/DVHS Robotics/bubonic-corona/venv/lib64/python3.12/site-packages/_pyinstaller_hooks_contrib/stdhooks/hook-nvidia.nvjitlink.py", "Python", 6, 0, 0, 0, 0, 0, 0, 0, 0, 0, 0, 0, 11, 3, 20
"/home/david/DVHS Robotics/bubonic-corona/venv/lib64/python3.12/site-packages/_pyinstaller_hooks_contrib/stdhooks/hook-nvidia.nvtx.py", "Python", 6, 0, 0, 0, 0, 0, 0, 0, 0, 0, 0, 0, 11, 3, 20
"/home/david/DVHS Robotics/bubonic-corona/venv/lib64/python3.12/site-packages/_pyinstaller_hooks_contrib/stdhooks/hook-office365.py", "Python", 2, 0, 0, 0, 0, 0, 0, 0, 0, 0, 0, 0, 15, 3, 20
"/home/david/DVHS Robotics/bubonic-corona/venv/lib64/python3.12/site-packages/_pyinstaller_hooks_contrib/stdhooks/hook-onnxruntime.py", "Python", 2, 0, 0, 0, 0, 0, 0, 0, 0, 0, 0, 0, 12, 3, 17
"/home/david/DVHS Robotics/bubonic-corona/venv/lib64/python3.12/site-packages/_pyinstaller_hooks_contrib/stdhooks/hook-opencc.py", "Python", 2, 0, 0, 0, 0, 0, 0, 0, 0, 0, 0, 0, 11, 3, 16
"/home/david/DVHS Robotics/bubonic-corona/venv/lib64/python3.12/site-packages/_pyinstaller_hooks_contrib/stdhooks/hook-openpyxl.py", "Python", 2, 0, 0, 0, 0, 0, 0, 0, 0, 0, 0, 0, 13, 4, 19
"/home/david/DVHS Robotics/bubonic-corona/venv/lib64/python3.12/site-packages/_pyinstaller_hooks_contrib/stdhooks/hook-opentelemetry.py", "Python", 23, 0, 0, 0, 0, 0, 0, 0, 0, 0, 0, 0, 13, 6, 42
"/home/david/DVHS Robotics/bubonic-corona/venv/lib64/python3.12/site-packages/_pyinstaller_hooks_contrib/stdhooks/hook-orjson.py", "Python", 7, 0, 0, 0, 0, 0, 0, 0, 0, 0, 0, 0, 13, 2, 22
"/home/david/DVHS Robotics/bubonic-corona/venv/lib64/python3.12/site-packages/_pyinstaller_hooks_contrib/stdhooks/hook-osgeo.py", "Python", 32, 0, 0, 0, 0, 0, 0, 0, 0, 0, 0, 0, 37, 13, 82
"/home/david/DVHS Robotics/bubonic-corona/venv/lib64/python3.12/site-packages/_pyinstaller_hooks_contrib/stdhooks/hook-pandas_flavor.py", "Python", 3, 0, 0, 0, 0, 0, 0, 0, 0, 0, 0, 0, 13, 3, 19
"/home/david/DVHS Robotics/bubonic-corona/venv/lib64/python3.12/site-packages/_pyinstaller_hooks_contrib/stdhooks/hook-panel.py", "Python", 3, 0, 0, 0, 0, 0, 0, 0, 0, 0, 0, 0, 12, 4, 19
"/home/david/DVHS Robotics/bubonic-corona/venv/lib64/python3.12/site-packages/_pyinstaller_hooks_contrib/stdhooks/hook-parsedatetime.py", "Python", 2, 0, 0, 0, 0, 0, 0, 0, 0, 0, 0, 0, 25, 3, 30
"/home/david/DVHS Robotics/bubonic-corona/venv/lib64/python3.12/site-packages/_pyinstaller_hooks_contrib/stdhooks/hook-parso.py", "Python", 2, 0, 0, 0, 0, 0, 0, 0, 0, 0, 0, 0, 12, 4, 18
"/home/david/DVHS Robotics/bubonic-corona/venv/lib64/python3.12/site-packages/_pyinstaller_hooks_contrib/stdhooks/hook-passlib.py", "Python", 5, 0, 0, 0, 0, 0, 0, 0, 0, 0, 0, 0, 15, 2, 22
"/home/david/DVHS Robotics/bubonic-corona/venv/lib64/python3.12/site-packages/_pyinstaller_hooks_contrib/stdhooks/hook-paste.exceptions.reporter.py", "Python", 1, 0, 0, 0, 0, 0, 0, 0, 0, 0, 0, 0, 15, 2, 18
"/home/david/DVHS Robotics/bubonic-corona/venv/lib64/python3.12/site-packages/_pyinstaller_hooks_contrib/stdhooks/hook-patoolib.py", "Python", 2, 0, 0, 0, 0, 0, 0, 0, 0, 0, 0, 0, 14, 4, 20
"/home/david/DVHS Robotics/bubonic-corona/venv/lib64/python3.12/site-packages/_pyinstaller_hooks_contrib/stdhooks/hook-patsy.py", "Python", 1, 0, 0, 0, 0, 0, 0, 0, 0, 0, 0, 0, 11, 2, 14
"/home/david/DVHS Robotics/bubonic-corona/venv/lib64/python3.12/site-packages/_pyinstaller_hooks_contrib/stdhooks/hook-pdfminer.py", "Python", 2, 0, 0, 0, 0, 0, 0, 0, 0, 0, 0, 0, 11, 3, 16
"/home/david/DVHS Robotics/bubonic-corona/venv/lib64/python3.12/site-packages/_pyinstaller_hooks_contrib/stdhooks/hook-pendulum.py", "Python", 3, 0, 0, 0, 0, 0, 0, 0, 0, 0, 0, 0, 14, 3, 20
"/home/david/DVHS Robotics/bubonic-corona/venv/lib64/python3.12/site-packages/_pyinstaller_hooks_contrib/stdhooks/hook-phonenumbers.py", "Python", 2, 0, 0, 0, 0, 0, 0, 0, 0, 0, 0, 0, 15, 3, 20
"/home/david/DVHS Robotics/bubonic-corona/venv/lib64/python3.12/site-packages/_pyinstaller_hooks_contrib/stdhooks/hook-pingouin.py", "Python", 2, 0, 0, 0, 0, 0, 0, 0, 0, 0, 0, 0, 11, 3, 16
"/home/david/DVHS Robotics/bubonic-corona/venv/lib64/python3.12/site-packages/_pyinstaller_hooks_contrib/stdhooks/hook-pint.py", "Python", 3, 0, 0, 0, 0, 0, 0, 0, 0, 0, 0, 0, 11, 3, 17
"/home/david/DVHS Robotics/bubonic-corona/venv/lib64/python3.12/site-packages/_pyinstaller_hooks_contrib/stdhooks/hook-pinyin.py", "Python", 2, 0, 0, 0, 0, 0, 0, 0, 0, 0, 0, 0, 15, 4, 21
"/home/david/DVHS Robotics/bubonic-corona/venv/lib64/python3.12/site-packages/_pyinstaller_hooks_contrib/stdhooks/hook-platformdirs.py", "Python", 9, 0, 0, 0, 0, 0, 0, 0, 0, 0, 0, 0, 14, 5, 28
"/home/david/DVHS Robotics/bubonic-corona/venv/lib64/python3.12/site-packages/_pyinstaller_hooks_contrib/stdhooks/hook-plotly.py", "Python", 4, 0, 0, 0, 0, 0, 0, 0, 0, 0, 0, 0, 11, 3, 18
"/home/david/DVHS Robotics/bubonic-corona/venv/lib64/python3.12/site-packages/_pyinstaller_hooks_contrib/stdhooks/hook-pointcept.py", "Python", 1, 0, 0, 0, 0, 0, 0, 0, 0, 0, 0, 0, 12, 2, 15
"/home/david/DVHS Robotics/bubonic-corona/venv/lib64/python3.12/site-packages/_pyinstaller_hooks_contrib/stdhooks/hook-pptx.py", "Python", 2, 0, 0, 0, 0, 0, 0, 0, 0, 0, 0, 0, 11, 3, 16
"/home/david/DVHS Robotics/bubonic-corona/venv/lib64/python3.12/site-packages/_pyinstaller_hooks_contrib/stdhooks/hook-prettytable.py", "Python", 3, 0, 0, 0, 0, 0, 0, 0, 0, 0, 0, 0, 12, 3, 18
"/home/david/DVHS Robotics/bubonic-corona/venv/lib64/python3.12/site-packages/_pyinstaller_hooks_contrib/stdhooks/hook-psutil.py", "Python", 32, 0, 0, 0, 0, 0, 0, 0, 0, 0, 0, 0, 15, 4, 51
"/home/david/DVHS Robotics/bubonic-corona/venv/lib64/python3.12/site-packages/_pyinstaller_hooks_contrib/stdhooks/hook-psychopy.py", "Python", 2, 0, 0, 0, 0, 0, 0, 0, 0, 0, 0, 0, 12, 4, 18
"/home/david/DVHS Robotics/bubonic-corona/venv/lib64/python3.12/site-packages/_pyinstaller_hooks_contrib/stdhooks/hook-psycopg2.py", "Python", 1, 0, 0, 0, 0, 0, 0, 0, 0, 0, 0, 0, 11, 2, 14
"/home/david/DVHS Robotics/bubonic-corona/venv/lib64/python3.12/site-packages/_pyinstaller_hooks_contrib/stdhooks/hook-psycopg_binary.py", "Python", 1, 0, 0, 0, 0, 0, 0, 0, 0, 0, 0, 0, 13, 2, 16
"/home/david/DVHS Robotics/bubonic-corona/venv/lib64/python3.12/site-packages/_pyinstaller_hooks_contrib/stdhooks/hook-publicsuffix2.py", "Python", 2, 0, 0, 0, 0, 0, 0, 0, 0, 0, 0, 0, 11, 3, 16
"/home/david/DVHS Robotics/bubonic-corona/venv/lib64/python3.12/site-packages/_pyinstaller_hooks_contrib/stdhooks/hook-pubsub.core.py", "Python", 2, 0, 0, 0, 0, 0, 0, 0, 0, 0, 0, 0, 11, 3, 16
"/home/david/DVHS Robotics/bubonic-corona/venv/lib64/python3.12/site-packages/_pyinstaller_hooks_contrib/stdhooks/hook-puremagic.py", "Python", 2, 0, 0, 0, 0, 0, 0, 0, 0, 0, 0, 0, 11, 3, 16
"/home/david/DVHS Robotics/bubonic-corona/venv/lib64/python3.12/site-packages/_pyinstaller_hooks_contrib/stdhooks/hook-py.py", "Python", 2, 0, 0, 0, 0, 0, 0, 0, 0, 0, 0, 0, 11, 3, 16
"/home/david/DVHS Robotics/bubonic-corona/venv/lib64/python3.12/site-packages/_pyinstaller_hooks_contrib/stdhooks/hook-pyarrow.py", "Python", 4, 0, 0, 0, 0, 0, 0, 0, 0, 0, 0, 0, 12, 4, 20
"/home/david/DVHS Robotics/bubonic-corona/venv/lib64/python3.12/site-packages/_pyinstaller_hooks_contrib/stdhooks/hook-pycountry.py", "Python", 2, 0, 0, 0, 0, 0, 0, 0, 0, 0, 0, 0, 14, 3, 19
"/home/david/DVHS Robotics/bubonic-corona/venv/lib64/python3.12/site-packages/_pyinstaller_hooks_contrib/stdhooks/hook-pycparser.py", "Python", 1, 0, 0, 0, 0, 0, 0, 0, 0, 0, 0, 0, 20, 3, 24
"/home/david/DVHS Robotics/bubonic-corona/venv/lib64/python3.12/site-packages/_pyinstaller_hooks_contrib/stdhooks/hook-pycrfsuite.py", "Python", 1, 0, 0, 0, 0, 0, 0, 0, 0, 0, 0, 0, 11, 2, 14
"/home/david/DVHS Robotics/bubonic-corona/venv/lib64/python3.12/site-packages/_pyinstaller_hooks_contrib/stdhooks/hook-pydantic.py", "Python", 23, 0, 0, 0, 0, 0, 0, 0, 0, 0, 0, 0, 22, 5, 50
"/home/david/DVHS Robotics/bubonic-corona/venv/lib64/python3.12/site-packages/_pyinstaller_hooks_contrib/stdhooks/hook-pydicom.py", "Python", 34, 0, 0, 0, 0, 0, 0, 0, 0, 0, 0, 0, 30, 6, 70
"/home/david/DVHS Robotics/bubonic-corona/venv/lib64/python3.12/site-packages/_pyinstaller_hooks_contrib/stdhooks/hook-pydivert.py", "Python", 2, 0, 0, 0, 0, 0, 0, 0, 0, 0, 0, 0, 11, 3, 16
"/home/david/DVHS Robotics/bubonic-corona/venv/lib64/python3.12/site-packages/_pyinstaller_hooks_contrib/stdhooks/hook-pyecharts.py", "Python", 2, 0, 0, 0, 0, 0, 0, 0, 0, 0, 0, 0, 11, 2, 15
"/home/david/DVHS Robotics/bubonic-corona/venv/lib64/python3.12/site-packages/_pyinstaller_hooks_contrib/stdhooks/hook-pyexcel-io.py", "Python", 1, 0, 0, 0, 0, 0, 0, 0, 0, 0, 0, 0, 13, 3, 17
"/home/david/DVHS Robotics/bubonic-corona/venv/lib64/python3.12/site-packages/_pyinstaller_hooks_contrib/stdhooks/hook-pyexcel-ods.py", "Python", 1, 0, 0, 0, 0, 0, 0, 0, 0, 0, 0, 0, 13, 3, 17
"/home/david/DVHS Robotics/bubonic-corona/venv/lib64/python3.12/site-packages/_pyinstaller_hooks_contrib/stdhooks/hook-pyexcel-ods3.py", "Python", 1, 0, 0, 0, 0, 0, 0, 0, 0, 0, 0, 0, 13, 3, 17
"/home/david/DVHS Robotics/bubonic-corona/venv/lib64/python3.12/site-packages/_pyinstaller_hooks_contrib/stdhooks/hook-pyexcel-odsr.py", "Python", 1, 0, 0, 0, 0, 0, 0, 0, 0, 0, 0, 0, 13, 3, 17
"/home/david/DVHS Robotics/bubonic-corona/venv/lib64/python3.12/site-packages/_pyinstaller_hooks_contrib/stdhooks/hook-pyexcel-xls.py", "Python", 1, 0, 0, 0, 0, 0, 0, 0, 0, 0, 0, 0, 13, 3, 17
"/home/david/DVHS Robotics/bubonic-corona/venv/lib64/python3.12/site-packages/_pyinstaller_hooks_contrib/stdhooks/hook-pyexcel-xlsx.py", "Python", 1, 0, 0, 0, 0, 0, 0, 0, 0, 0, 0, 0, 13, 3, 17
"/home/david/DVHS Robotics/bubonic-corona/venv/lib64/python3.12/site-packages/_pyinstaller_hooks_contrib/stdhooks/hook-pyexcel-xlsxw.py", "Python", 1, 0, 0, 0, 0, 0, 0, 0, 0, 0, 0, 0, 13, 3, 17
"/home/david/DVHS Robotics/bubonic-corona/venv/lib64/python3.12/site-packages/_pyinstaller_hooks_contrib/stdhooks/hook-pyexcel.py", "Python", 14, 0, 0, 0, 0, 0, 0, 0, 0, 0, 0, 0, 13, 3, 30
"/home/david/DVHS Robotics/bubonic-corona/venv/lib64/python3.12/site-packages/_pyinstaller_hooks_contrib/stdhooks/hook-pyexcel_io.py", "Python", 11, 0, 0, 0, 0, 0, 0, 0, 0, 0, 0, 0, 13, 3, 27
"/home/david/DVHS Robotics/bubonic-corona/venv/lib64/python3.12/site-packages/_pyinstaller_hooks_contrib/stdhooks/hook-pyexcel_ods.py", "Python", 1, 0, 0, 0, 0, 0, 0, 0, 0, 0, 0, 0, 13, 3, 17
"/home/david/DVHS Robotics/bubonic-corona/venv/lib64/python3.12/site-packages/_pyinstaller_hooks_contrib/stdhooks/hook-pyexcel_ods3.py", "Python", 1, 0, 0, 0, 0, 0, 0, 0, 0, 0, 0, 0, 13, 3, 17
"/home/david/DVHS Robotics/bubonic-corona/venv/lib64/python3.12/site-packages/_pyinstaller_hooks_contrib/stdhooks/hook-pyexcel_odsr.py", "Python", 1, 0, 0, 0, 0, 0, 0, 0, 0, 0, 0, 0, 13, 3, 17
"/home/david/DVHS Robotics/bubonic-corona/venv/lib64/python3.12/site-packages/_pyinstaller_hooks_contrib/stdhooks/hook-pyexcel_xls.py", "Python", 1, 0, 0, 0, 0, 0, 0, 0, 0, 0, 0, 0, 13, 3, 17
"/home/david/DVHS Robotics/bubonic-corona/venv/lib64/python3.12/site-packages/_pyinstaller_hooks_contrib/stdhooks/hook-pyexcel_xlsx.py", "Python", 1, 0, 0, 0, 0, 0, 0, 0, 0, 0, 0, 0, 13, 3, 17
"/home/david/DVHS Robotics/bubonic-corona/venv/lib64/python3.12/site-packages/_pyinstaller_hooks_contrib/stdhooks/hook-pyexcel_xlsxw.py", "Python", 1, 0, 0, 0, 0, 0, 0, 0, 0, 0, 0, 0, 13, 3, 17
"/home/david/DVHS Robotics/bubonic-corona/venv/lib64/python3.12/site-packages/_pyinstaller_hooks_contrib/stdhooks/hook-pyexcelerate.Writer.py", "Python", 2, 0, 0, 0, 0, 0, 0, 0, 0, 0, 0, 0, 11, 3, 16
"/home/david/DVHS Robotics/bubonic-corona/venv/lib64/python3.12/site-packages/_pyinstaller_hooks_contrib/stdhooks/hook-pygraphviz.py", "Python", 84, 0, 0, 0, 0, 0, 0, 0, 0, 0, 0, 0, 40, 22, 146
"/home/david/DVHS Robotics/bubonic-corona/venv/lib64/python3.12/site-packages/_pyinstaller_hooks_contrib/stdhooks/hook-pygwalker.py", "Python", 2, 0, 0, 0, 0, 0, 0, 0, 0, 0, 0, 0, 11, 3, 16
"/home/david/DVHS Robotics/bubonic-corona/venv/lib64/python3.12/site-packages/_pyinstaller_hooks_contrib/stdhooks/hook-pylibmagic.py", "Python", 2, 0, 0, 0, 0, 0, 0, 0, 0, 0, 0, 0, 14, 3, 19
"/home/david/DVHS Robotics/bubonic-corona/venv/lib64/python3.12/site-packages/_pyinstaller_hooks_contrib/stdhooks/hook-pylint.py", "Python", 14, 0, 0, 0, 0, 0, 0, 0, 0, 0, 0, 0, 55, 7, 76
"/home/david/DVHS Robotics/bubonic-corona/venv/lib64/python3.12/site-packages/_pyinstaller_hooks_contrib/stdhooks/hook-pylsl.py", "Python", 18, 0, 0, 0, 0, 0, 0, 0, 0, 0, 0, 0, 16, 9, 43
"/home/david/DVHS Robotics/bubonic-corona/venv/lib64/python3.12/site-packages/_pyinstaller_hooks_contrib/stdhooks/hook-pymediainfo.py", "Python", 22, 0, 0, 0, 0, 0, 0, 0, 0, 0, 0, 0, 14, 9, 45
"/home/david/DVHS Robotics/bubonic-corona/venv/lib64/python3.12/site-packages/_pyinstaller_hooks_contrib/stdhooks/hook-pymeshlab.py", "Python", 13, 0, 0, 0, 0, 0, 0, 0, 0, 0, 0, 0, 25, 4, 42
"/home/david/DVHS Robotics/bubonic-corona/venv/lib64/python3.12/site-packages/_pyinstaller_hooks_contrib/stdhooks/hook-pymorphy3.py", "Python", 8, 0, 0, 0, 0, 0, 0, 0, 0, 0, 0, 0, 12, 6, 26
"/home/david/DVHS Robotics/bubonic-corona/venv/lib64/python3.12/site-packages/_pyinstaller_hooks_contrib/stdhooks/hook-pymssql.py", "Python", 6, 0, 0, 0, 0, 0, 0, 0, 0, 0, 0, 0, 12, 3, 21
"/home/david/DVHS Robotics/bubonic-corona/venv/lib64/python3.12/site-packages/_pyinstaller_hooks_contrib/stdhooks/hook-pynng.py", "Python", 1, 0, 0, 0, 0, 0, 0, 0, 0, 0, 0, 0, 14, 2, 17
"/home/david/DVHS Robotics/bubonic-corona/venv/lib64/python3.12/site-packages/_pyinstaller_hooks_contrib/stdhooks/hook-pynput.py", "Python", 2, 0, 0, 0, 0, 0, 0, 0, 0, 0, 0, 0, 11, 3, 16
"/home/david/DVHS Robotics/bubonic-corona/venv/lib64/python3.12/site-packages/_pyinstaller_hooks_contrib/stdhooks/hook-pyodbc.py", "Python", 2, 0, 0, 0, 0, 0, 0, 0, 0, 0, 0, 0, 15, 3, 20
"/home/david/DVHS Robotics/bubonic-corona/venv/lib64/python3.12/site-packages/_pyinstaller_hooks_contrib/stdhooks/hook-pyopencl.py", "Python", 3, 0, 0, 0, 0, 0, 0, 0, 0, 0, 0, 0, 12, 4, 19
"/home/david/DVHS Robotics/bubonic-corona/venv/lib64/python3.12/site-packages/_pyinstaller_hooks_contrib/stdhooks/hook-pypdfium2.py", "Python", 2, 0, 0, 0, 0, 0, 0, 0, 0, 0, 0, 0, 12, 3, 17
"/home/david/DVHS Robotics/bubonic-corona/venv/lib64/python3.12/site-packages/_pyinstaller_hooks_contrib/stdhooks/hook-pypdfium2_raw.py", "Python", 3, 0, 0, 0, 0, 0, 0, 0, 0, 0, 0, 0, 13, 4, 20
"/home/david/DVHS Robotics/bubonic-corona/venv/lib64/python3.12/site-packages/_pyinstaller_hooks_contrib/stdhooks/hook-pypemicro.py", "Python", 26, 0, 0, 0, 0, 0, 0, 0, 0, 0, 0, 0, 12, 6, 44
"/home/david/DVHS Robotics/bubonic-corona/venv/lib64/python3.12/site-packages/_pyinstaller_hooks_contrib/stdhooks/hook-pyphen.py", "Python", 2, 0, 0, 0, 0, 0, 0, 0, 0, 0, 0, 0, 11, 3, 16
"/home/david/DVHS Robotics/bubonic-corona/venv/lib64/python3.12/site-packages/_pyinstaller_hooks_contrib/stdhooks/hook-pyppeteer.py", "Python", 2, 0, 0, 0, 0, 0, 0, 0, 0, 0, 0, 0, 12, 3, 17
"/home/david/DVHS Robotics/bubonic-corona/venv/lib64/python3.12/site-packages/_pyinstaller_hooks_contrib/stdhooks/hook-pyproj.py", "Python", 37, 0, 0, 0, 0, 0, 0, 0, 0, 0, 0, 0, 23, 13, 73
"/home/david/DVHS Robotics/bubonic-corona/venv/lib64/python3.12/site-packages/_pyinstaller_hooks_contrib/stdhooks/hook-pypsexec.py", "Python", 2, 0, 0, 0, 0, 0, 0, 0, 0, 0, 0, 0, 13, 4, 19
"/home/david/DVHS Robotics/bubonic-corona/venv/lib64/python3.12/site-packages/_pyinstaller_hooks_contrib/stdhooks/hook-pypylon.py", "Python", 14, 0, 0, 0, 0, 0, 0, 0, 0, 0, 0, 0, 28, 7, 49
"/home/david/DVHS Robotics/bubonic-corona/venv/lib64/python3.12/site-packages/_pyinstaller_hooks_contrib/stdhooks/hook-pyqtgraph.py", "Python", 14, 0, 0, 0, 0, 0, 0, 0, 0, 0, 0, 0, 37, 6, 57
"/home/david/DVHS Robotics/bubonic-corona/venv/lib64/python3.12/site-packages/_pyinstaller_hooks_contrib/stdhooks/hook-pyshark.py", "Python", 7, 0, 0, 0, 0, 0, 0, 0, 0, 0, 0, 0, 13, 6, 26
"/home/david/DVHS Robotics/bubonic-corona/venv/lib64/python3.12/site-packages/_pyinstaller_hooks_contrib/stdhooks/hook-pysnmp.py", "Python", 3, 0, 0, 0, 0, 0, 0, 0, 0, 0, 0, 0, 11, 3, 17
"/home/david/DVHS Robotics/bubonic-corona/venv/lib64/python3.12/site-packages/_pyinstaller_hooks_contrib/stdhooks/hook-pystray.py", "Python", 2, 0, 0, 0, 0, 0, 0, 0, 0, 0, 0, 0, 13, 2, 17
"/home/david/DVHS Robotics/bubonic-corona/venv/lib64/python3.12/site-packages/_pyinstaller_hooks_contrib/stdhooks/hook-pytest.py", "Python", 2, 0, 0, 0, 0, 0, 0, 0, 0, 0, 0, 0, 14, 3, 19
"/home/david/DVHS Robotics/bubonic-corona/venv/lib64/python3.12/site-packages/_pyinstaller_hooks_contrib/stdhooks/hook-pythainlp.py", "Python", 2, 0, 0, 0, 0, 0, 0, 0, 0, 0, 0, 0, 11, 3, 16
"/home/david/DVHS Robotics/bubonic-corona/venv/lib64/python3.12/site-packages/_pyinstaller_hooks_contrib/stdhooks/hook-pythoncom.py", "Python", 9, 0, 0, 0, 0, 0, 0, 0, 0, 0, 0, 0, 16, 7, 32
"/home/david/DVHS Robotics/bubonic-corona/venv/lib64/python3.12/site-packages/_pyinstaller_hooks_contrib/stdhooks/hook-pytokens.py", "Python", 2, 0, 0, 0, 0, 0, 0, 0, 0, 0, 0, 0, 13, 2, 17
"/home/david/DVHS Robotics/bubonic-corona/venv/lib64/python3.12/site-packages/_pyinstaller_hooks_contrib/stdhooks/hook-pyttsx.py", "Python", 7, 0, 0, 0, 0, 0, 0, 0, 0, 0, 0, 0, 15, 2, 24
"/home/david/DVHS Robotics/bubonic-corona/venv/lib64/python3.12/site-packages/_pyinstaller_hooks_contrib/stdhooks/hook-pyttsx3.py", "Python", 10, 0, 0, 0, 0, 0, 0, 0, 0, 0, 0, 0, 15, 6, 31
"/home/david/DVHS Robotics/bubonic-corona/venv/lib64/python3.12/site-packages/_pyinstaller_hooks_contrib/stdhooks/hook-pyviz_comms.py", "Python", 2, 0, 0, 0, 0, 0, 0, 0, 0, 0, 0, 0, 11, 3, 16
"/home/david/DVHS Robotics/bubonic-corona/venv/lib64/python3.12/site-packages/_pyinstaller_hooks_contrib/stdhooks/hook-pyvjoy.py", "Python", 2, 0, 0, 0, 0, 0, 0, 0, 0, 0, 0, 0, 11, 2, 15
"/home/david/DVHS Robotics/bubonic-corona/venv/lib64/python3.12/site-packages/_pyinstaller_hooks_contrib/stdhooks/hook-pywintypes.py", "Python", 9, 0, 0, 0, 0, 0, 0, 0, 0, 0, 0, 0, 16, 7, 32
"/home/david/DVHS Robotics/bubonic-corona/venv/lib64/python3.12/site-packages/_pyinstaller_hooks_contrib/stdhooks/hook-pywt.py", "Python", 1, 0, 0, 0, 0, 0, 0, 0, 0, 0, 0, 0, 17, 4, 22
"/home/david/DVHS Robotics/bubonic-corona/venv/lib64/python3.12/site-packages/_pyinstaller_hooks_contrib/stdhooks/hook-qtmodern.py", "Python", 2, 0, 0, 0, 0, 0, 0, 0, 0, 0, 0, 0, 11, 3, 16
"/home/david/DVHS Robotics/bubonic-corona/venv/lib64/python3.12/site-packages/_pyinstaller_hooks_contrib/stdhooks/hook-radicale.py", "Python", 3, 0, 0, 0, 0, 0, 0, 0, 0, 0, 0, 0, 11, 3, 17
"/home/david/DVHS Robotics/bubonic-corona/venv/lib64/python3.12/site-packages/_pyinstaller_hooks_contrib/stdhooks/hook-raven.py", "Python", 1, 0, 0, 0, 0, 0, 0, 0, 0, 0, 0, 0, 11, 2, 14
"/home/david/DVHS Robotics/bubonic-corona/venv/lib64/python3.12/site-packages/_pyinstaller_hooks_contrib/stdhooks/hook-rawpy.py", "Python", 1, 0, 0, 0, 0, 0, 0, 0, 0, 0, 0, 0, 13, 3, 17
"/home/david/DVHS Robotics/bubonic-corona/venv/lib64/python3.12/site-packages/_pyinstaller_hooks_contrib/stdhooks/hook-rdflib.py", "Python", 2, 0, 0, 0, 0, 0, 0, 0, 0, 0, 0, 0, 11, 3, 16
"/home/david/DVHS Robotics/bubonic-corona/venv/lib64/python3.12/site-packages/_pyinstaller_hooks_contrib/stdhooks/hook-redmine.py", "Python", 1, 0, 0, 0, 0, 0, 0, 0, 0, 0, 0, 0, 11, 2, 14
"/home/david/DVHS Robotics/bubonic-corona/venv/lib64/python3.12/site-packages/_pyinstaller_hooks_contrib/stdhooks/hook-regex.py", "Python", 1, 0, 0, 0, 0, 0, 0, 0, 0, 0, 0, 0, 11, 2, 14
"/home/david/DVHS Robotics/bubonic-corona/venv/lib64/python3.12/site-packages/_pyinstaller_hooks_contrib/stdhooks/hook-reportlab.lib.utils.py", "Python", 3, 0, 0, 0, 0, 0, 0, 0, 0, 0, 0, 0, 12, 2, 17
"/home/david/DVHS Robotics/bubonic-corona/venv/lib64/python3.12/site-packages/_pyinstaller_hooks_contrib/stdhooks/hook-reportlab.pdfbase._fontdata.py", "Python", 3, 0, 0, 0, 0, 0, 0, 0, 0, 0, 0, 0, 13, 3, 19
"/home/david/DVHS Robotics/bubonic-corona/venv/lib64/python3.12/site-packages/_pyinstaller_hooks_contrib/stdhooks/hook-resampy.py", "Python", 2, 0, 0, 0, 0, 0, 0, 0, 0, 0, 0, 0, 13, 3, 18
"/home/david/DVHS Robotics/bubonic-corona/venv/lib64/python3.12/site-packages/_pyinstaller_hooks_contrib/stdhooks/hook-rich.py", "Python", 3, 0, 0, 0, 0, 0, 0, 0, 0, 0, 0, 0, 12, 3, 18
"/home/david/DVHS Robotics/bubonic-corona/venv/lib64/python3.12/site-packages/_pyinstaller_hooks_contrib/stdhooks/hook-rlp.py", "Python", 3, 0, 0, 0, 0, 0, 0, 0, 0, 0, 0, 0, 12, 3, 18
"/home/david/DVHS Robotics/bubonic-corona/venv/lib64/python3.12/site-packages/_pyinstaller_hooks_contrib/stdhooks/hook-rpy2.py", "Python", 6, 0, 0, 0, 0, 0, 0, 0, 0, 0, 0, 0, 11, 2, 19
"/home/david/DVHS Robotics/bubonic-corona/venv/lib64/python3.12/site-packages/_pyinstaller_hooks_contrib/stdhooks/hook-rtree.py", "Python", 21, 0, 0, 0, 0, 0, 0, 0, 0, 0, 0, 0, 18, 8, 47
"/home/david/DVHS Robotics/bubonic-corona/venv/lib64/python3.12/site-packages/_pyinstaller_hooks_contrib/stdhooks/hook-ruamel.yaml.py", "Python", 12, 0, 0, 0, 0, 0, 0, 0, 0, 0, 0, 0, 19, 9, 40
"/home/david/DVHS Robotics/bubonic-corona/venv/lib64/python3.12/site-packages/_pyinstaller_hooks_contrib/stdhooks/hook-rubicon.py", "Python", 1, 0, 0, 0, 0, 0, 0, 0, 0, 0, 0, 0, 12, 2, 15
"/home/david/DVHS Robotics/bubonic-corona/venv/lib64/python3.12/site-packages/_pyinstaller_hooks_contrib/stdhooks/hook-sacremoses.py", "Python", 2, 0, 0, 0, 0, 0, 0, 0, 0, 0, 0, 0, 11, 3, 16
"/home/david/DVHS Robotics/bubonic-corona/venv/lib64/python3.12/site-packages/_pyinstaller_hooks_contrib/stdhooks/hook-sam2.py", "Python", 7, 0, 0, 0, 0, 0, 0, 0, 0, 0, 0, 0, 18, 6, 31
"/home/david/DVHS Robotics/bubonic-corona/venv/lib64/python3.12/site-packages/_pyinstaller_hooks_contrib/stdhooks/hook-saml2.py", "Python", 4, 0, 0, 0, 0, 0, 0, 0, 0, 0, 0, 0, 17, 5, 26
"/home/david/DVHS Robotics/bubonic-corona/venv/lib64/python3.12/site-packages/_pyinstaller_hooks_contrib/stdhooks/hook-schwifty.py", "Python", 3, 0, 0, 0, 0, 0, 0, 0, 0, 0, 0, 0, 11, 3, 17
"/home/david/DVHS Robotics/bubonic-corona/venv/lib64/python3.12/site-packages/_pyinstaller_hooks_contrib/stdhooks/hook-seedir.py", "Python", 2, 0, 0, 0, 0, 0, 0, 0, 0, 0, 0, 0, 11, 3, 16
"/home/david/DVHS Robotics/bubonic-corona/venv/lib64/python3.12/site-packages/_pyinstaller_hooks_contrib/stdhooks/hook-selectolax.py", "Python", 2, 0, 0, 0, 0, 0, 0, 0, 0, 0, 0, 0, 11, 3, 16
"/home/david/DVHS Robotics/bubonic-corona/venv/lib64/python3.12/site-packages/_pyinstaller_hooks_contrib/stdhooks/hook-selenium.py", "Python", 2, 0, 0, 0, 0, 0, 0, 0, 0, 0, 0, 0, 11, 3, 16
"/home/david/DVHS Robotics/bubonic-corona/venv/lib64/python3.12/site-packages/_pyinstaller_hooks_contrib/stdhooks/hook-sentry_sdk.py", "Python", 17, 0, 0, 0, 0, 0, 0, 0, 0, 0, 0, 0, 14, 9, 40
"/home/david/DVHS Robotics/bubonic-corona/venv/lib64/python3.12/site-packages/_pyinstaller_hooks_contrib/stdhooks/hook-setuptools_scm.py", "Python", 2, 0, 0, 0, 0, 0, 0, 0, 0, 0, 0, 0, 13, 3, 18
"/home/david/DVHS Robotics/bubonic-corona/venv/lib64/python3.12/site-packages/_pyinstaller_hooks_contrib/stdhooks/hook-shapely.py", "Python", 52, 0, 0, 0, 0, 0, 0, 0, 0, 0, 0, 0, 41, 13, 106
"/home/david/DVHS Robotics/bubonic-corona/venv/lib64/python3.12/site-packages/_pyinstaller_hooks_contrib/stdhooks/hook-shotgun_api3.py", "Python", 3, 0, 0, 0, 0, 0, 0, 0, 0, 0, 0, 0, 17, 4, 24
"/home/david/DVHS Robotics/bubonic-corona/venv/lib64/python3.12/site-packages/_pyinstaller_hooks_contrib/stdhooks/hook-simplemma.py", "Python", 2, 0, 0, 0, 0, 0, 0, 0, 0, 0, 0, 0, 11, 3, 16
"/home/david/DVHS Robotics/bubonic-corona/venv/lib64/python3.12/site-packages/_pyinstaller_hooks_contrib/stdhooks/hook-skimage.color.py", "Python", 4, 0, 0, 0, 0, 0, 0, 0, 0, 0, 0, 0, 13, 3, 20
"/home/david/DVHS Robotics/bubonic-corona/venv/lib64/python3.12/site-packages/_pyinstaller_hooks_contrib/stdhooks/hook-skimage.data.py", "Python", 4, 0, 0, 0, 0, 0, 0, 0, 0, 0, 0, 0, 13, 3, 20
"/home/david/DVHS Robotics/bubonic-corona/venv/lib64/python3.12/site-packages/_pyinstaller_hooks_contrib/stdhooks/hook-skimage.draw.py", "Python", 4, 0, 0, 0, 0, 0, 0, 0, 0, 0, 0, 0, 13, 3, 20
"/home/david/DVHS Robotics/bubonic-corona/venv/lib64/python3.12/site-packages/_pyinstaller_hooks_contrib/stdhooks/hook-skimage.exposure.py", "Python", 4, 0, 0, 0, 0, 0, 0, 0, 0, 0, 0, 0, 13, 3, 20
"/home/david/DVHS Robotics/bubonic-corona/venv/lib64/python3.12/site-packages/_pyinstaller_hooks_contrib/stdhooks/hook-skimage.feature.py", "Python", 6, 0, 0, 0, 0, 0, 0, 0, 0, 0, 0, 0, 16, 5, 27
"/home/david/DVHS Robotics/bubonic-corona/venv/lib64/python3.12/site-packages/_pyinstaller_hooks_contrib/stdhooks/hook-skimage.filters.py", "Python", 7, 0, 0, 0, 0, 0, 0, 0, 0, 0, 0, 0, 14, 4, 25
"/home/david/DVHS Robotics/bubonic-corona/venv/lib64/python3.12/site-packages/_pyinstaller_hooks_contrib/stdhooks/hook-skimage.future.py", "Python", 4, 0, 0, 0, 0, 0, 0, 0, 0, 0, 0, 0, 13, 3, 20
"/home/david/DVHS Robotics/bubonic-corona/venv/lib64/python3.12/site-packages/_pyinstaller_hooks_contrib/stdhooks/hook-skimage.graph.py", "Python", 5, 0, 0, 0, 0, 0, 0, 0, 0, 0, 0, 0, 14, 4, 23
"/home/david/DVHS Robotics/bubonic-corona/venv/lib64/python3.12/site-packages/_pyinstaller_hooks_contrib/stdhooks/hook-skimage.io.py", "Python", 3, 0, 0, 0, 0, 0, 0, 0, 0, 0, 0, 0, 13, 4, 20
"/home/david/DVHS Robotics/bubonic-corona/venv/lib64/python3.12/site-packages/_pyinstaller_hooks_contrib/stdhooks/hook-skimage.measure.py", "Python", 4, 0, 0, 0, 0, 0, 0, 0, 0, 0, 0, 0, 13, 3, 20
"/home/david/DVHS Robotics/bubonic-corona/venv/lib64/python3.12/site-packages/_pyinstaller_hooks_contrib/stdhooks/hook-skimage.metrics.py", "Python", 4, 0, 0, 0, 0, 0, 0, 0, 0, 0, 0, 0, 13, 3, 20
"/home/david/DVHS Robotics/bubonic-corona/venv/lib64/python3.12/site-packages/_pyinstaller_hooks_contrib/stdhooks/hook-skimage.morphology.py", "Python", 3, 0, 0, 0, 0, 0, 0, 0, 0, 0, 0, 0, 12, 3, 18
"/home/david/DVHS Robotics/bubonic-corona/venv/lib64/python3.12/site-packages/_pyinstaller_hooks_contrib/stdhooks/hook-skimage.py", "Python", 3, 0, 0, 0, 0, 0, 0, 0, 0, 0, 0, 0, 12, 3, 18
"/home/david/DVHS Robotics/bubonic-corona/venv/lib64/python3.12/site-packages/_pyinstaller_hooks_contrib/stdhooks/hook-skimage.registration.py", "Python", 4, 0, 0, 0, 0, 0, 0, 0, 0, 0, 0, 0, 13, 3, 20
"/home/david/DVHS Robotics/bubonic-corona/venv/lib64/python3.12/site-packages/_pyinstaller_hooks_contrib/stdhooks/hook-skimage.restoration.py", "Python", 4, 0, 0, 0, 0, 0, 0, 0, 0, 0, 0, 0, 13, 3, 20
"/home/david/DVHS Robotics/bubonic-corona/venv/lib64/python3.12/site-packages/_pyinstaller_hooks_contrib/stdhooks/hook-skimage.segmentation.py", "Python", 4, 0, 0, 0, 0, 0, 0, 0, 0, 0, 0, 0, 13, 3, 20
"/home/david/DVHS Robotics/bubonic-corona/venv/lib64/python3.12/site-packages/_pyinstaller_hooks_contrib/stdhooks/hook-skimage.transform.py", "Python", 8, 0, 0, 0, 0, 0, 0, 0, 0, 0, 0, 0, 14, 3, 25
"/home/david/DVHS Robotics/bubonic-corona/venv/lib64/python3.12/site-packages/_pyinstaller_hooks_contrib/stdhooks/hook-sklearn.cluster.py", "Python", 3, 0, 0, 0, 0, 0, 0, 0, 0, 0, 0, 0, 13, 3, 19
"/home/david/DVHS Robotics/bubonic-corona/venv/lib64/python3.12/site-packages/_pyinstaller_hooks_contrib/stdhooks/hook-sklearn.externals.array_api_compat.cupy.py", "Python", 4, 0, 0, 0, 0, 0, 0, 0, 0, 0, 0, 0, 16, 2, 22
"/home/david/DVHS Robotics/bubonic-corona/venv/lib64/python3.12/site-packages/_pyinstaller_hooks_contrib/stdhooks/hook-sklearn.externals.array_api_compat.dask.array.py", "Python", 4, 0, 0, 0, 0, 0, 0, 0, 0, 0, 0, 0, 16, 2, 22
"/home/david/DVHS Robotics/bubonic-corona/venv/lib64/python3.12/site-packages/_pyinstaller_hooks_contrib/stdhooks/hook-sklearn.externals.array_api_compat.numpy.py", "Python", 4, 0, 0, 0, 0, 0, 0, 0, 0, 0, 0, 0, 16, 2, 22
"/home/david/DVHS Robotics/bubonic-corona/venv/lib64/python3.12/site-packages/_pyinstaller_hooks_contrib/stdhooks/hook-sklearn.externals.array_api_compat.torch.py", "Python", 4, 0, 0, 0, 0, 0, 0, 0, 0, 0, 0, 0, 16, 2, 22
"/home/david/DVHS Robotics/bubonic-corona/venv/lib64/python3.12/site-packages/_pyinstaller_hooks_contrib/stdhooks/hook-sklearn.linear_model.py", "Python", 3, 0, 0, 0, 0, 0, 0, 0, 0, 0, 0, 0, 13, 3, 19
"/home/david/DVHS Robotics/bubonic-corona/venv/lib64/python3.12/site-packages/_pyinstaller_hooks_contrib/stdhooks/hook-sklearn.metrics.cluster.py", "Python", 10, 0, 0, 0, 0, 0, 0, 0, 0, 0, 0, 0, 15, 3, 28
"/home/david/DVHS Robotics/bubonic-corona/venv/lib64/python3.12/site-packages/_pyinstaller_hooks_contrib/stdhooks/hook-sklearn.metrics.pairwise.py", "Python", 7, 0, 0, 0, 0, 0, 0, 0, 0, 0, 0, 0, 12, 3, 22
"/home/david/DVHS Robotics/bubonic-corona/venv/lib64/python3.12/site-packages/_pyinstaller_hooks_contrib/stdhooks/hook-sklearn.metrics.py", "Python", 8, 0, 0, 0, 0, 0, 0, 0, 0, 0, 0, 0, 13, 5, 26
"/home/david/DVHS Robotics/bubonic-corona/venv/lib64/python3.12/site-packages/_pyinstaller_hooks_contrib/stdhooks/hook-sklearn.neighbors.py", "Python", 19, 0, 0, 0, 0, 0, 0, 0, 0, 0, 0, 0, 17, 6, 42
"/home/david/DVHS Robotics/bubonic-corona/venv/lib64/python3.12/site-packages/_pyinstaller_hooks_contrib/stdhooks/hook-sklearn.py", "Python", 2, 0, 0, 0, 0, 0, 0, 0, 0, 0, 0, 0, 12, 4, 18
"/home/david/DVHS Robotics/bubonic-corona/venv/lib64/python3.12/site-packages/_pyinstaller_hooks_contrib/stdhooks/hook-sklearn.tree.py", "Python", 4, 0, 0, 0, 0, 0, 0, 0, 0, 0, 0, 0, 11, 4, 19
"/home/david/DVHS Robotics/bubonic-corona/venv/lib64/python3.12/site-packages/_pyinstaller_hooks_contrib/stdhooks/hook-sklearn.utils.py", "Python", 4, 0, 0, 0, 0, 0, 0, 0, 0, 0, 0, 0, 13, 4, 21
"/home/david/DVHS Robotics/bubonic-corona/venv/lib64/python3.12/site-packages/_pyinstaller_hooks_contrib/stdhooks/hook-skyfield.py", "Python", 2, 0, 0, 0, 0, 0, 0, 0, 0, 0, 0, 0, 11, 2, 15
"/home/david/DVHS Robotics/bubonic-corona/venv/lib64/python3.12/site-packages/_pyinstaller_hooks_contrib/stdhooks/hook-slixmpp.py", "Python", 2, 0, 0, 0, 0, 0, 0, 0, 0, 0, 0, 0, 11, 3, 16
"/home/david/DVHS Robotics/bubonic-corona/venv/lib64/python3.12/site-packages/_pyinstaller_hooks_contrib/stdhooks/hook-sound_lib.py", "Python", 2, 0, 0, 0, 0, 0, 0, 0, 0, 0, 0, 0, 14, 3, 19
"/home/david/DVHS Robotics/bubonic-corona/venv/lib64/python3.12/site-packages/_pyinstaller_hooks_contrib/stdhooks/hook-sounddevice.py", "Python", 32, 0, 0, 0, 0, 0, 0, 0, 0, 0, 0, 0, 20, 11, 63
"/home/david/DVHS Robotics/bubonic-corona/venv/lib64/python3.12/site-packages/_pyinstaller_hooks_contrib/stdhooks/hook-soundfile.py", "Python", 32, 0, 0, 0, 0, 0, 0, 0, 0, 0, 0, 0, 20, 11, 63
"/home/david/DVHS Robotics/bubonic-corona/venv/lib64/python3.12/site-packages/_pyinstaller_hooks_contrib/stdhooks/hook-spacy.py", "Python", 3, 0, 0, 0, 0, 0, 0, 0, 0, 0, 0, 0, 14, 3, 20
"/home/david/DVHS Robotics/bubonic-corona/venv/lib64/python3.12/site-packages/_pyinstaller_hooks_contrib/stdhooks/hook-speech_recognition.py", "Python", 2, 0, 0, 0, 0, 0, 0, 0, 0, 0, 0, 0, 13, 4, 19
"/home/david/DVHS Robotics/bubonic-corona/venv/lib64/python3.12/site-packages/_pyinstaller_hooks_contrib/stdhooks/hook-spiceypy.py", "Python", 2, 0, 0, 0, 0, 0, 0, 0, 0, 0, 0, 0, 13, 4, 19
"/home/david/DVHS Robotics/bubonic-corona/venv/lib64/python3.12/site-packages/_pyinstaller_hooks_contrib/stdhooks/hook-spnego.py", "Python", 2, 0, 0, 0, 0, 0, 0, 0, 0, 0, 0, 0, 11, 3, 16
"/home/david/DVHS Robotics/bubonic-corona/venv/lib64/python3.12/site-packages/_pyinstaller_hooks_contrib/stdhooks/hook-srsly.msgpack._packer.py", "Python", 1, 0, 0, 0, 0, 0, 0, 0, 0, 0, 0, 0, 15, 2, 18
"/home/david/DVHS Robotics/bubonic-corona/venv/lib64/python3.12/site-packages/_pyinstaller_hooks_contrib/stdhooks/hook-sspilib.raw.py", "Python", 3, 0, 0, 0, 0, 0, 0, 0, 0, 0, 0, 0, 14, 4, 21
"/home/david/DVHS Robotics/bubonic-corona/venv/lib64/python3.12/site-packages/_pyinstaller_hooks_contrib/stdhooks/hook-statsmodels.tsa.statespace.py", "Python", 3, 0, 0, 0, 0, 0, 0, 0, 0, 0, 0, 0, 11, 3, 17
"/home/david/DVHS Robotics/bubonic-corona/venv/lib64/python3.12/site-packages/_pyinstaller_hooks_contrib/stdhooks/hook-stdnum.py", "Python", 2, 0, 0, 0, 0, 0, 0, 0, 0, 0, 0, 0, 12, 3, 17
"/home/david/DVHS Robotics/bubonic-corona/venv/lib64/python3.12/site-packages/_pyinstaller_hooks_contrib/stdhooks/hook-storm.database.py", "Python", 5, 0, 0, 0, 0, 0, 0, 0, 0, 0, 0, 0, 14, 2, 21
"/home/david/DVHS Robotics/bubonic-corona/venv/lib64/python3.12/site-packages/_pyinstaller_hooks_contrib/stdhooks/hook-sudachipy.py", "Python", 12, 0, 0, 0, 0, 0, 0, 0, 0, 0, 0, 0, 13, 6, 31
"/home/david/DVHS Robotics/bubonic-corona/venv/lib64/python3.12/site-packages/_pyinstaller_hooks_contrib/stdhooks/hook-sunpy.py", "Python", 5, 0, 0, 0, 0, 0, 0, 0, 0, 0, 0, 0, 12, 4, 21
"/home/david/DVHS Robotics/bubonic-corona/venv/lib64/python3.12/site-packages/_pyinstaller_hooks_contrib/stdhooks/hook-sv_ttk.py", "Python", 2, 0, 0, 0, 0, 0, 0, 0, 0, 0, 0, 0, 12, 3, 17
"/home/david/DVHS Robotics/bubonic-corona/venv/lib64/python3.12/site-packages/_pyinstaller_hooks_contrib/stdhooks/hook-swagger_spec_validator.py", "Python", 2, 0, 0, 0, 0, 0, 0, 0, 0, 0, 0, 0, 11, 3, 16
"/home/david/DVHS Robotics/bubonic-corona/venv/lib64/python3.12/site-packages/_pyinstaller_hooks_contrib/stdhooks/hook-tableauhyperapi.py", "Python", 2, 0, 0, 0, 0, 0, 0, 0, 0, 0, 0, 0, 11, 3, 16
"/home/david/DVHS Robotics/bubonic-corona/venv/lib64/python3.12/site-packages/_pyinstaller_hooks_contrib/stdhooks/hook-tables.py", "Python", 9, 0, 0, 0, 0, 0, 0, 0, 0, 0, 0, 0, 17, 5, 31
"/home/david/DVHS Robotics/bubonic-corona/venv/lib64/python3.12/site-packages/_pyinstaller_hooks_contrib/stdhooks/hook-tcod.py", "Python", 3, 0, 0, 0, 0, 0, 0, 0, 0, 0, 0, 0, 15, 3, 21
"/home/david/DVHS Robotics/bubonic-corona/venv/lib64/python3.12/site-packages/_pyinstaller_hooks_contrib/stdhooks/hook-tensorflow.py", "Python", 108, 0, 0, 0, 0, 0, 0, 0, 0, 0, 0, 0, 56, 25, 189
"/home/david/DVHS Robotics/bubonic-corona/venv/lib64/python3.12/site-packages/_pyinstaller_hooks_contrib/stdhooks/hook-text_unidecode.py", "Python", 6, 0, 0, 0, 0, 0, 0, 0, 0, 0, 0, 0, 16, 4, 26
"/home/david/DVHS Robotics/bubonic-corona/venv/lib64/python3.12/site-packages/_pyinstaller_hooks_contrib/stdhooks/hook-textdistance.py", "Python", 2, 0, 0, 0, 0, 0, 0, 0, 0, 0, 0, 0, 12, 4, 18
"/home/david/DVHS Robotics/bubonic-corona/venv/lib64/python3.12/site-packages/_pyinstaller_hooks_contrib/stdhooks/hook-thinc.backends.numpy_ops.py", "Python", 1, 0, 0, 0, 0, 0, 0, 0, 0, 0, 0, 0, 15, 2, 18
"/home/david/DVHS Robotics/bubonic-corona/venv/lib64/python3.12/site-packages/_pyinstaller_hooks_contrib/stdhooks/hook-thinc.py", "Python", 3, 0, 0, 0, 0, 0, 0, 0, 0, 0, 0, 0, 14, 2, 19
"/home/david/DVHS Robotics/bubonic-corona/venv/lib64/python3.12/site-packages/_pyinstaller_hooks_contrib/stdhooks/hook-timezonefinder.py", "Python", 2, 0, 0, 0, 0, 0, 0, 0, 0, 0, 0, 0, 11, 3, 16
"/home/david/DVHS Robotics/bubonic-corona/venv/lib64/python3.12/site-packages/_pyinstaller_hooks_contrib/stdhooks/hook-timm.py", "Python", 1, 0, 0, 0, 0, 0, 0, 0, 0, 0, 0, 0, 12, 2, 15
"/home/david/DVHS Robotics/bubonic-corona/venv/lib64/python3.12/site-packages/_pyinstaller_hooks_contrib/stdhooks/hook-tinycss2.py", "Python", 3, 0, 0, 0, 0, 0, 0, 0, 0, 0, 0, 0, 16, 3, 22
"/home/david/DVHS Robotics/bubonic-corona/venv/lib64/python3.12/site-packages/_pyinstaller_hooks_contrib/stdhooks/hook-tkinterdnd2.py", "Python", 49, 0, 0, 0, 0, 0, 0, 0, 0, 0, 0, 0, 25, 17, 91
"/home/david/DVHS Robotics/bubonic-corona/venv/lib64/python3.12/site-packages/_pyinstaller_hooks_contrib/stdhooks/hook-tkinterweb.py", "Python", 2, 0, 0, 0, 0, 0, 0, 0, 0, 0, 0, 0, 12, 3, 17
"/home/david/DVHS Robotics/bubonic-corona/venv/lib64/python3.12/site-packages/_pyinstaller_hooks_contrib/stdhooks/hook-tkinterweb_tkhtml.py", "Python", 3, 0, 0, 0, 0, 0, 0, 0, 0, 0, 0, 0, 13, 4, 20
"/home/david/DVHS Robotics/bubonic-corona/venv/lib64/python3.12/site-packages/_pyinstaller_hooks_contrib/stdhooks/hook-tkinterweb_tkhtml_extras.py", "Python", 3, 0, 0, 0, 0, 0, 0, 0, 0, 0, 0, 0, 13, 4, 20
"/home/david/DVHS Robotics/bubonic-corona/venv/lib64/python3.12/site-packages/_pyinstaller_hooks_contrib/stdhooks/hook-toga.py", "Python", 19, 0, 0, 0, 0, 0, 0, 0, 0, 0, 0, 0, 17, 9, 45
"/home/david/DVHS Robotics/bubonic-corona/venv/lib64/python3.12/site-packages/_pyinstaller_hooks_contrib/stdhooks/hook-toga_cocoa.py", "Python", 3, 0, 0, 0, 0, 0, 0, 0, 0, 0, 0, 0, 13, 4, 20
"/home/david/DVHS Robotics/bubonic-corona/venv/lib64/python3.12/site-packages/_pyinstaller_hooks_contrib/stdhooks/hook-toga_gtk.py", "Python", 3, 0, 0, 0, 0, 0, 0, 0, 0, 0, 0, 0, 13, 4, 20
"/home/david/DVHS Robotics/bubonic-corona/venv/lib64/python3.12/site-packages/_pyinstaller_hooks_contrib/stdhooks/hook-toga_winforms.py", "Python", 16, 0, 0, 0, 0, 0, 0, 0, 0, 0, 0, 0, 18, 7, 41
"/home/david/DVHS Robotics/bubonic-corona/venv/lib64/python3.12/site-packages/_pyinstaller_hooks_contrib/stdhooks/hook-torch.py", "Python", 107, 0, 0, 0, 0, 0, 0, 0, 0, 0, 0, 0, 51, 22, 180
"/home/david/DVHS Robotics/bubonic-corona/venv/lib64/python3.12/site-packages/_pyinstaller_hooks_contrib/stdhooks/hook-torchao.py", "Python", 1, 0, 0, 0, 0, 0, 0, 0, 0, 0, 0, 0, 12, 2, 15
"/home/david/DVHS Robotics/bubonic-corona/venv/lib64/python3.12/site-packages/_pyinstaller_hooks_contrib/stdhooks/hook-torchaudio.py", "Python", 4, 0, 0, 0, 0, 0, 0, 0, 0, 0, 0, 0, 14, 4, 22
"/home/david/DVHS Robotics/bubonic-corona/venv/lib64/python3.12/site-packages/_pyinstaller_hooks_contrib/stdhooks/hook-torchtext.py", "Python", 4, 0, 0, 0, 0, 0, 0, 0, 0, 0, 0, 0, 14, 4, 22
"/home/david/DVHS Robotics/bubonic-corona/venv/lib64/python3.12/site-packages/_pyinstaller_hooks_contrib/stdhooks/hook-torchvision.io.image.py", "Python", 1, 0, 0, 0, 0, 0, 0, 0, 0, 0, 0, 0, 12, 2, 15
"/home/david/DVHS Robotics/bubonic-corona/venv/lib64/python3.12/site-packages/_pyinstaller_hooks_contrib/stdhooks/hook-torchvision.py", "Python", 2, 0, 0, 0, 0, 0, 0, 0, 0, 0, 0, 0, 14, 3, 19
"/home/david/DVHS Robotics/bubonic-corona/venv/lib64/python3.12/site-packages/_pyinstaller_hooks_contrib/stdhooks/hook-trame.py", "Python", 1, 0, 0, 0, 0, 0, 0, 0, 0, 0, 0, 0, 11, 2, 14
"/home/david/DVHS Robotics/bubonic-corona/venv/lib64/python3.12/site-packages/_pyinstaller_hooks_contrib/stdhooks/hook-trame_client.py", "Python", 2, 0, 0, 0, 0, 0, 0, 0, 0, 0, 0, 0, 11, 3, 16
"/home/david/DVHS Robotics/bubonic-corona/venv/lib64/python3.12/site-packages/_pyinstaller_hooks_contrib/stdhooks/hook-trame_code.py", "Python", 2, 0, 0, 0, 0, 0, 0, 0, 0, 0, 0, 0, 11, 3, 16
"/home/david/DVHS Robotics/bubonic-corona/venv/lib64/python3.12/site-packages/_pyinstaller_hooks_contrib/stdhooks/hook-trame_components.py", "Python", 2, 0, 0, 0, 0, 0, 0, 0, 0, 0, 0, 0, 11, 3, 16
"/home/david/DVHS Robotics/bubonic-corona/venv/lib64/python3.12/site-packages/_pyinstaller_hooks_contrib/stdhooks/hook-trame_datagrid.py", "Python", 2, 0, 0, 0, 0, 0, 0, 0, 0, 0, 0, 0, 11, 3, 16
"/home/david/DVHS Robotics/bubonic-corona/venv/lib64/python3.12/site-packages/_pyinstaller_hooks_contrib/stdhooks/hook-trame_deckgl.py", "Python", 2, 0, 0, 0, 0, 0, 0, 0, 0, 0, 0, 0, 11, 3, 16
"/home/david/DVHS Robotics/bubonic-corona/venv/lib64/python3.12/site-packages/_pyinstaller_hooks_contrib/stdhooks/hook-trame_formkit.py", "Python", 2, 0, 0, 0, 0, 0, 0, 0, 0, 0, 0, 0, 11, 3, 16
"/home/david/DVHS Robotics/bubonic-corona/venv/lib64/python3.12/site-packages/_pyinstaller_hooks_contrib/stdhooks/hook-trame_grid.py", "Python", 2, 0, 0, 0, 0, 0, 0, 0, 0, 0, 0, 0, 11, 3, 16
"/home/david/DVHS Robotics/bubonic-corona/venv/lib64/python3.12/site-packages/_pyinstaller_hooks_contrib/stdhooks/hook-trame_iframe.py", "Python", 2, 0, 0, 0, 0, 0, 0, 0, 0, 0, 0, 0, 11, 3, 16
"/home/david/DVHS Robotics/bubonic-corona/venv/lib64/python3.12/site-packages/_pyinstaller_hooks_contrib/stdhooks/hook-trame_keycloak.py", "Python", 2, 0, 0, 0, 0, 0, 0, 0, 0, 0, 0, 0, 11, 3, 16
"/home/david/DVHS Robotics/bubonic-corona/venv/lib64/python3.12/site-packages/_pyinstaller_hooks_contrib/stdhooks/hook-trame_leaflet.py", "Python", 2, 0, 0, 0, 0, 0, 0, 0, 0, 0, 0, 0, 11, 3, 16
"/home/david/DVHS Robotics/bubonic-corona/venv/lib64/python3.12/site-packages/_pyinstaller_hooks_contrib/stdhooks/hook-trame_markdown.py", "Python", 2, 0, 0, 0, 0, 0, 0, 0, 0, 0, 0, 0, 11, 3, 16
"/home/david/DVHS Robotics/bubonic-corona/venv/lib64/python3.12/site-packages/_pyinstaller_hooks_contrib/stdhooks/hook-trame_matplotlib.py", "Python", 2, 0, 0, 0, 0, 0, 0, 0, 0, 0, 0, 0, 11, 3, 16
"/home/david/DVHS Robotics/bubonic-corona/venv/lib64/python3.12/site-packages/_pyinstaller_hooks_contrib/stdhooks/hook-trame_mesh_streamer.py", "Python", 3, 0, 0, 0, 0, 0, 0, 0, 0, 0, 0, 0, 11, 3, 17
"/home/david/DVHS Robotics/bubonic-corona/venv/lib64/python3.12/site-packages/_pyinstaller_hooks_contrib/stdhooks/hook-trame_plotly.py", "Python", 2, 0, 0, 0, 0, 0, 0, 0, 0, 0, 0, 0, 11, 3, 16
"/home/david/DVHS Robotics/bubonic-corona/venv/lib64/python3.12/site-packages/_pyinstaller_hooks_contrib/stdhooks/hook-trame_pvui.py", "Python", 2, 0, 0, 0, 0, 0, 0, 0, 0, 0, 0, 0, 11, 3, 16
"/home/david/DVHS Robotics/bubonic-corona/venv/lib64/python3.12/site-packages/_pyinstaller_hooks_contrib/stdhooks/hook-trame_quasar.py", "Python", 2, 0, 0, 0, 0, 0, 0, 0, 0, 0, 0, 0, 11, 3, 16
"/home/david/DVHS Robotics/bubonic-corona/venv/lib64/python3.12/site-packages/_pyinstaller_hooks_contrib/stdhooks/hook-trame_rca.py", "Python", 2, 0, 0, 0, 0, 0, 0, 0, 0, 0, 0, 0, 11, 3, 16
"/home/david/DVHS Robotics/bubonic-corona/venv/lib64/python3.12/site-packages/_pyinstaller_hooks_contrib/stdhooks/hook-trame_router.py", "Python", 2, 0, 0, 0, 0, 0, 0, 0, 0, 0, 0, 0, 11, 3, 16
"/home/david/DVHS Robotics/bubonic-corona/venv/lib64/python3.12/site-packages/_pyinstaller_hooks_contrib/stdhooks/hook-trame_simput.py", "Python", 2, 0, 0, 0, 0, 0, 0, 0, 0, 0, 0, 0, 11, 3, 16
"/home/david/DVHS Robotics/bubonic-corona/venv/lib64/python3.12/site-packages/_pyinstaller_hooks_contrib/stdhooks/hook-trame_tauri.py", "Python", 2, 0, 0, 0, 0, 0, 0, 0, 0, 0, 0, 0, 11, 3, 16
"/home/david/DVHS Robotics/bubonic-corona/venv/lib64/python3.12/site-packages/_pyinstaller_hooks_contrib/stdhooks/hook-trame_tweakpane.py", "Python", 2, 0, 0, 0, 0, 0, 0, 0, 0, 0, 0, 0, 11, 3, 16
"/home/david/DVHS Robotics/bubonic-corona/venv/lib64/python3.12/site-packages/_pyinstaller_hooks_contrib/stdhooks/hook-trame_vega.py", "Python", 2, 0, 0, 0, 0, 0, 0, 0, 0, 0, 0, 0, 11, 3, 16
"/home/david/DVHS Robotics/bubonic-corona/venv/lib64/python3.12/site-packages/_pyinstaller_hooks_contrib/stdhooks/hook-trame_vtk.py", "Python", 5, 0, 0, 0, 0, 0, 0, 0, 0, 0, 0, 0, 11, 3, 19
"/home/david/DVHS Robotics/bubonic-corona/venv/lib64/python3.12/site-packages/_pyinstaller_hooks_contrib/stdhooks/hook-trame_vtk3d.py", "Python", 2, 0, 0, 0, 0, 0, 0, 0, 0, 0, 0, 0, 11, 3, 16
"/home/david/DVHS Robotics/bubonic-corona/venv/lib64/python3.12/site-packages/_pyinstaller_hooks_contrib/stdhooks/hook-trame_vtklocal.py", "Python", 3, 0, 0, 0, 0, 0, 0, 0, 0, 0, 0, 0, 11, 3, 17
"/home/david/DVHS Robotics/bubonic-corona/venv/lib64/python3.12/site-packages/_pyinstaller_hooks_contrib/stdhooks/hook-trame_vuetify.py", "Python", 2, 0, 0, 0, 0, 0, 0, 0, 0, 0, 0, 0, 11, 3, 16
"/home/david/DVHS Robotics/bubonic-corona/venv/lib64/python3.12/site-packages/_pyinstaller_hooks_contrib/stdhooks/hook-trame_xterm.py", "Python", 2, 0, 0, 0, 0, 0, 0, 0, 0, 0, 0, 0, 11, 3, 16
"/home/david/DVHS Robotics/bubonic-corona/venv/lib64/python3.12/site-packages/_pyinstaller_hooks_contrib/stdhooks/hook-transformers.py", "Python", 26, 0, 0, 0, 0, 0, 0, 0, 0, 0, 0, 0, 7, 5, 38
"/home/david/DVHS Robotics/bubonic-corona/venv/lib64/python3.12/site-packages/_pyinstaller_hooks_contrib/stdhooks/hook-travertino.py", "Python", 3, 0, 0, 0, 0, 0, 0, 0, 0, 0, 0, 0, 13, 4, 20
"/home/david/DVHS Robotics/bubonic-corona/venv/lib64/python3.12/site-packages/_pyinstaller_hooks_contrib/stdhooks/hook-trimesh.py", "Python", 2, 0, 0, 0, 0, 0, 0, 0, 0, 0, 0, 0, 13, 3, 18
"/home/david/DVHS Robotics/bubonic-corona/venv/lib64/python3.12/site-packages/_pyinstaller_hooks_contrib/stdhooks/hook-triton.py", "Python", 16, 0, 0, 0, 0, 0, 0, 0, 0, 0, 0, 0, 24, 8, 48
"/home/david/DVHS Robotics/bubonic-corona/venv/lib64/python3.12/site-packages/_pyinstaller_hooks_contrib/stdhooks/hook-ttkthemes.py", "Python", 2, 0, 0, 0, 0, 0, 0, 0, 0, 0, 0, 0, 53, 2, 57
"/home/david/DVHS Robotics/bubonic-corona/venv/lib64/python3.12/site-packages/_pyinstaller_hooks_contrib/stdhooks/hook-ttkwidgets.py", "Python", 2, 0, 0, 0, 0, 0, 0, 0, 0, 0, 0, 0, 34, 3, 39
"/home/david/DVHS Robotics/bubonic-corona/venv/lib64/python3.12/site-packages/_pyinstaller_hooks_contrib/stdhooks/hook-tzdata.py", "Python", 3, 0, 0, 0, 0, 0, 0, 0, 0, 0, 0, 0, 16, 4, 23
"/home/david/DVHS Robotics/bubonic-corona/venv/lib64/python3.12/site-packages/_pyinstaller_hooks_contrib/stdhooks/hook-tzwhere.py", "Python", 2, 0, 0, 0, 0, 0, 0, 0, 0, 0, 0, 0, 11, 3, 16
"/home/david/DVHS Robotics/bubonic-corona/venv/lib64/python3.12/site-packages/_pyinstaller_hooks_contrib/stdhooks/hook-u1db.py", "Python", 2, 0, 0, 0, 0, 0, 0, 0, 0, 0, 0, 0, 27, 3, 32
"/home/david/DVHS Robotics/bubonic-corona/venv/lib64/python3.12/site-packages/_pyinstaller_hooks_contrib/stdhooks/hook-ultralytics.py", "Python", 3, 0, 0, 0, 0, 0, 0, 0, 0, 0, 0, 0, 13, 4, 20
"/home/david/DVHS Robotics/bubonic-corona/venv/lib64/python3.12/site-packages/_pyinstaller_hooks_contrib/stdhooks/hook-umap.py", "Python", 2, 0, 0, 0, 0, 0, 0, 0, 0, 0, 0, 0, 11, 3, 16
"/home/david/DVHS Robotics/bubonic-corona/venv/lib64/python3.12/site-packages/_pyinstaller_hooks_contrib/stdhooks/hook-unidecode.py", "Python", 2, 0, 0, 0, 0, 0, 0, 0, 0, 0, 0, 0, 15, 4, 21
"/home/david/DVHS Robotics/bubonic-corona/venv/lib64/python3.12/site-packages/_pyinstaller_hooks_contrib/stdhooks/hook-uniseg.py", "Python", 2, 0, 0, 0, 0, 0, 0, 0, 0, 0, 0, 0, 12, 4, 18
"/home/david/DVHS Robotics/bubonic-corona/venv/lib64/python3.12/site-packages/_pyinstaller_hooks_contrib/stdhooks/hook-urllib3.py", "Python", 3, 0, 0, 0, 0, 0, 0, 0, 0, 0, 0, 0, 13, 3, 19
"/home/david/DVHS Robotics/bubonic-corona/venv/lib64/python3.12/site-packages/_pyinstaller_hooks_contrib/stdhooks/hook-urllib3_future.py", "Python", 2, 0, 0, 0, 0, 0, 0, 0, 0, 0, 0, 0, 12, 3, 17
"/home/david/DVHS Robotics/bubonic-corona/venv/lib64/python3.12/site-packages/_pyinstaller_hooks_contrib/stdhooks/hook-usb.py", "Python", 51, 0, 0, 0, 0, 0, 0, 0, 0, 0, 0, 0, 30, 11, 92
"/home/david/DVHS Robotics/bubonic-corona/venv/lib64/python3.12/site-packages/_pyinstaller_hooks_contrib/stdhooks/hook-uuid6.py", "Python", 3, 0, 0, 0, 0, 0, 0, 0, 0, 0, 0, 0, 12, 3, 18
"/home/david/DVHS Robotics/bubonic-corona/venv/lib64/python3.12/site-packages/_pyinstaller_hooks_contrib/stdhooks/hook-uvicorn.py", "Python", 2, 0, 0, 0, 0, 0, 0, 0, 0, 0, 0, 0, 11, 3, 16
"/home/david/DVHS Robotics/bubonic-corona/venv/lib64/python3.12/site-packages/_pyinstaller_hooks_contrib/stdhooks/hook-uvloop.py", "Python", 2, 0, 0, 0, 0, 0, 0, 0, 0, 0, 0, 0, 15, 3, 20
"/home/david/DVHS Robotics/bubonic-corona/venv/lib64/python3.12/site-packages/_pyinstaller_hooks_contrib/stdhooks/hook-vaderSentiment.py", "Python", 2, 0, 0, 0, 0, 0, 0, 0, 0, 0, 0, 0, 11, 3, 16
"/home/david/DVHS Robotics/bubonic-corona/venv/lib64/python3.12/site-packages/_pyinstaller_hooks_contrib/stdhooks/hook-vtkmodules.vtkAcceleratorsVTKmCore.py", "Python", 2, 0, 0, 0, 0, 0, 0, 0, 0, 0, 0, 0, 11, 3, 16
"/home/david/DVHS Robotics/bubonic-corona/venv/lib64/python3.12/site-packages/_pyinstaller_hooks_contrib/stdhooks/hook-vtkmodules.vtkAcceleratorsVTKmDataModel.py", "Python", 2, 0, 0, 0, 0, 0, 0, 0, 0, 0, 0, 0, 11, 3, 16
"/home/david/DVHS Robotics/bubonic-corona/venv/lib64/python3.12/site-packages/_pyinstaller_hooks_contrib/stdhooks/hook-vtkmodules.vtkAcceleratorsVTKmFilters.py", "Python", 2, 0, 0, 0, 0, 0, 0, 0, 0, 0, 0, 0, 11, 3, 16
"/home/david/DVHS Robotics/bubonic-corona/venv/lib64/python3.12/site-packages/_pyinstaller_hooks_contrib/stdhooks/hook-vtkmodules.vtkChartsCore.py", "Python", 2, 0, 0, 0, 0, 0, 0, 0, 0, 0, 0, 0, 11, 3, 16
"/home/david/DVHS Robotics/bubonic-corona/venv/lib64/python3.12/site-packages/_pyinstaller_hooks_contrib/stdhooks/hook-vtkmodules.vtkCommonColor.py", "Python", 2, 0, 0, 0, 0, 0, 0, 0, 0, 0, 0, 0, 11, 3, 16
"/home/david/DVHS Robotics/bubonic-corona/venv/lib64/python3.12/site-packages/_pyinstaller_hooks_contrib/stdhooks/hook-vtkmodules.vtkCommonComputationalGeometry.py", "Python", 2, 0, 0, 0, 0, 0, 0, 0, 0, 0, 0, 0, 11, 3, 16
"/home/david/DVHS Robotics/bubonic-corona/venv/lib64/python3.12/site-packages/_pyinstaller_hooks_contrib/stdhooks/hook-vtkmodules.vtkCommonDataModel.py", "Python", 2, 0, 0, 0, 0, 0, 0, 0, 0, 0, 0, 0, 11, 3, 16
"/home/david/DVHS Robotics/bubonic-corona/venv/lib64/python3.12/site-packages/_pyinstaller_hooks_contrib/stdhooks/hook-vtkmodules.vtkCommonExecutionModel.py", "Python", 2, 0, 0, 0, 0, 0, 0, 0, 0, 0, 0, 0, 11, 3, 16
"/home/david/DVHS Robotics/bubonic-corona/venv/lib64/python3.12/site-packages/_pyinstaller_hooks_contrib/stdhooks/hook-vtkmodules.vtkCommonMath.py", "Python", 2, 0, 0, 0, 0, 0, 0, 0, 0, 0, 0, 0, 11, 3, 16
"/home/david/DVHS Robotics/bubonic-corona/venv/lib64/python3.12/site-packages/_pyinstaller_hooks_contrib/stdhooks/hook-vtkmodules.vtkCommonMisc.py", "Python", 2, 0, 0, 0, 0, 0, 0, 0, 0, 0, 0, 0, 11, 3, 16
"/home/david/DVHS Robotics/bubonic-corona/venv/lib64/python3.12/site-packages/_pyinstaller_hooks_contrib/stdhooks/hook-vtkmodules.vtkCommonPython.py", "Python", 2, 0, 0, 0, 0, 0, 0, 0, 0, 0, 0, 0, 11, 3, 16
"/home/david/DVHS Robotics/bubonic-corona/venv/lib64/python3.12/site-packages/_pyinstaller_hooks_contrib/stdhooks/hook-vtkmodules.vtkCommonSystem.py", "Python", 2, 0, 0, 0, 0, 0, 0, 0, 0, 0, 0, 0, 11, 3, 16
"/home/david/DVHS Robotics/bubonic-corona/venv/lib64/python3.12/site-packages/_pyinstaller_hooks_contrib/stdhooks/hook-vtkmodules.vtkCommonTransforms.py", "Python", 2, 0, 0, 0, 0, 0, 0, 0, 0, 0, 0, 0, 11, 3, 16
"/home/david/DVHS Robotics/bubonic-corona/venv/lib64/python3.12/site-packages/_pyinstaller_hooks_contrib/stdhooks/hook-vtkmodules.vtkDomainsChemistry.py", "Python", 2, 0, 0, 0, 0, 0, 0, 0, 0, 0, 0, 0, 11, 3, 16
"/home/david/DVHS Robotics/bubonic-corona/venv/lib64/python3.12/site-packages/_pyinstaller_hooks_contrib/stdhooks/hook-vtkmodules.vtkDomainsChemistryOpenGL2.py", "Python", 2, 0, 0, 0, 0, 0, 0, 0, 0, 0, 0, 0, 11, 3, 16
"/home/david/DVHS Robotics/bubonic-corona/venv/lib64/python3.12/site-packages/_pyinstaller_hooks_contrib/stdhooks/hook-vtkmodules.vtkFiltersAMR.py", "Python", 2, 0, 0, 0, 0, 0, 0, 0, 0, 0, 0, 0, 11, 3, 16
"/home/david/DVHS Robotics/bubonic-corona/venv/lib64/python3.12/site-packages/_pyinstaller_hooks_contrib/stdhooks/hook-vtkmodules.vtkFiltersCellGrid.py", "Python", 2, 0, 0, 0, 0, 0, 0, 0, 0, 0, 0, 0, 11, 3, 16
"/home/david/DVHS Robotics/bubonic-corona/venv/lib64/python3.12/site-packages/_pyinstaller_hooks_contrib/stdhooks/hook-vtkmodules.vtkFiltersCore.py", "Python", 2, 0, 0, 0, 0, 0, 0, 0, 0, 0, 0, 0, 11, 3, 16
"/home/david/DVHS Robotics/bubonic-corona/venv/lib64/python3.12/site-packages/_pyinstaller_hooks_contrib/stdhooks/hook-vtkmodules.vtkFiltersExtraction.py", "Python", 2, 0, 0, 0, 0, 0, 0, 0, 0, 0, 0, 0, 11, 3, 16
"/home/david/DVHS Robotics/bubonic-corona/venv/lib64/python3.12/site-packages/_pyinstaller_hooks_contrib/stdhooks/hook-vtkmodules.vtkFiltersFlowPaths.py", "Python", 2, 0, 0, 0, 0, 0, 0, 0, 0, 0, 0, 0, 11, 3, 16
"/home/david/DVHS Robotics/bubonic-corona/venv/lib64/python3.12/site-packages/_pyinstaller_hooks_contrib/stdhooks/hook-vtkmodules.vtkFiltersGeneral.py", "Python", 2, 0, 0, 0, 0, 0, 0, 0, 0, 0, 0, 0, 11, 3, 16
"/home/david/DVHS Robotics/bubonic-corona/venv/lib64/python3.12/site-packages/_pyinstaller_hooks_contrib/stdhooks/hook-vtkmodules.vtkFiltersGeneric.py", "Python", 2, 0, 0, 0, 0, 0, 0, 0, 0, 0, 0, 0, 11, 3, 16
"/home/david/DVHS Robotics/bubonic-corona/venv/lib64/python3.12/site-packages/_pyinstaller_hooks_contrib/stdhooks/hook-vtkmodules.vtkFiltersGeometry.py", "Python", 2, 0, 0, 0, 0, 0, 0, 0, 0, 0, 0, 0, 11, 3, 16
"/home/david/DVHS Robotics/bubonic-corona/venv/lib64/python3.12/site-packages/_pyinstaller_hooks_contrib/stdhooks/hook-vtkmodules.vtkFiltersGeometryPreview.py", "Python", 2, 0, 0, 0, 0, 0, 0, 0, 0, 0, 0, 0, 11, 3, 16
"/home/david/DVHS Robotics/bubonic-corona/venv/lib64/python3.12/site-packages/_pyinstaller_hooks_contrib/stdhooks/hook-vtkmodules.vtkFiltersHybrid.py", "Python", 2, 0, 0, 0, 0, 0, 0, 0, 0, 0, 0, 0, 11, 3, 16
"/home/david/DVHS Robotics/bubonic-corona/venv/lib64/python3.12/site-packages/_pyinstaller_hooks_contrib/stdhooks/hook-vtkmodules.vtkFiltersHyperTree.py", "Python", 2, 0, 0, 0, 0, 0, 0, 0, 0, 0, 0, 0, 11, 3, 16
"/home/david/DVHS Robotics/bubonic-corona/venv/lib64/python3.12/site-packages/_pyinstaller_hooks_contrib/stdhooks/hook-vtkmodules.vtkFiltersImaging.py", "Python", 2, 0, 0, 0, 0, 0, 0, 0, 0, 0, 0, 0, 11, 3, 16
"/home/david/DVHS Robotics/bubonic-corona/venv/lib64/python3.12/site-packages/_pyinstaller_hooks_contrib/stdhooks/hook-vtkmodules.vtkFiltersModeling.py", "Python", 2, 0, 0, 0, 0, 0, 0, 0, 0, 0, 0, 0, 11, 3, 16
"/home/david/DVHS Robotics/bubonic-corona/venv/lib64/python3.12/site-packages/_pyinstaller_hooks_contrib/stdhooks/hook-vtkmodules.vtkFiltersParallel.py", "Python", 2, 0, 0, 0, 0, 0, 0, 0, 0, 0, 0, 0, 11, 3, 16
"/home/david/DVHS Robotics/bubonic-corona/venv/lib64/python3.12/site-packages/_pyinstaller_hooks_contrib/stdhooks/hook-vtkmodules.vtkFiltersParallelDIY2.py", "Python", 2, 0, 0, 0, 0, 0, 0, 0, 0, 0, 0, 0, 11, 3, 16
"/home/david/DVHS Robotics/bubonic-corona/venv/lib64/python3.12/site-packages/_pyinstaller_hooks_contrib/stdhooks/hook-vtkmodules.vtkFiltersParallelImaging.py", "Python", 2, 0, 0, 0, 0, 0, 0, 0, 0, 0, 0, 0, 11, 3, 16
"/home/david/DVHS Robotics/bubonic-corona/venv/lib64/python3.12/site-packages/_pyinstaller_hooks_contrib/stdhooks/hook-vtkmodules.vtkFiltersParallelStatistics.py", "Python", 2, 0, 0, 0, 0, 0, 0, 0, 0, 0, 0, 0, 11, 3, 16
"/home/david/DVHS Robotics/bubonic-corona/venv/lib64/python3.12/site-packages/_pyinstaller_hooks_contrib/stdhooks/hook-vtkmodules.vtkFiltersPoints.py", "Python", 2, 0, 0, 0, 0, 0, 0, 0, 0, 0, 0, 0, 11, 3, 16
"/home/david/DVHS Robotics/bubonic-corona/venv/lib64/python3.12/site-packages/_pyinstaller_hooks_contrib/stdhooks/hook-vtkmodules.vtkFiltersProgrammable.py", "Python", 2, 0, 0, 0, 0, 0, 0, 0, 0, 0, 0, 0, 11, 3, 16
"/home/david/DVHS Robotics/bubonic-corona/venv/lib64/python3.12/site-packages/_pyinstaller_hooks_contrib/stdhooks/hook-vtkmodules.vtkFiltersPython.py", "Python", 2, 0, 0, 0, 0, 0, 0, 0, 0, 0, 0, 0, 11, 3, 16
"/home/david/DVHS Robotics/bubonic-corona/venv/lib64/python3.12/site-packages/_pyinstaller_hooks_contrib/stdhooks/hook-vtkmodules.vtkFiltersReduction.py", "Python", 2, 0, 0, 0, 0, 0, 0, 0, 0, 0, 0, 0, 11, 3, 16
"/home/david/DVHS Robotics/bubonic-corona/venv/lib64/python3.12/site-packages/_pyinstaller_hooks_contrib/stdhooks/hook-vtkmodules.vtkFiltersSMP.py", "Python", 2, 0, 0, 0, 0, 0, 0, 0, 0, 0, 0, 0, 11, 3, 16
"/home/david/DVHS Robotics/bubonic-corona/venv/lib64/python3.12/site-packages/_pyinstaller_hooks_contrib/stdhooks/hook-vtkmodules.vtkFiltersSelection.py", "Python", 2, 0, 0, 0, 0, 0, 0, 0, 0, 0, 0, 0, 11, 3, 16
"/home/david/DVHS Robotics/bubonic-corona/venv/lib64/python3.12/site-packages/_pyinstaller_hooks_contrib/stdhooks/hook-vtkmodules.vtkFiltersSources.py", "Python", 2, 0, 0, 0, 0, 0, 0, 0, 0, 0, 0, 0, 11, 3, 16
"/home/david/DVHS Robotics/bubonic-corona/venv/lib64/python3.12/site-packages/_pyinstaller_hooks_contrib/stdhooks/hook-vtkmodules.vtkFiltersStatistics.py", "Python", 2, 0, 0, 0, 0, 0, 0, 0, 0, 0, 0, 0, 11, 3, 16
"/home/david/DVHS Robotics/bubonic-corona/venv/lib64/python3.12/site-packages/_pyinstaller_hooks_contrib/stdhooks/hook-vtkmodules.vtkFiltersTemporal.py", "Python", 2, 0, 0, 0, 0, 0, 0, 0, 0, 0, 0, 0, 11, 3, 16
"/home/david/DVHS Robotics/bubonic-corona/venv/lib64/python3.12/site-packages/_pyinstaller_hooks_contrib/stdhooks/hook-vtkmodules.vtkFiltersTensor.py", "Python", 2, 0, 0, 0, 0, 0, 0, 0, 0, 0, 0, 0, 11, 3, 16
"/home/david/DVHS Robotics/bubonic-corona/venv/lib64/python3.12/site-packages/_pyinstaller_hooks_contrib/stdhooks/hook-vtkmodules.vtkFiltersTexture.py", "Python", 2, 0, 0, 0, 0, 0, 0, 0, 0, 0, 0, 0, 11, 3, 16
"/home/david/DVHS Robotics/bubonic-corona/venv/lib64/python3.12/site-packages/_pyinstaller_hooks_contrib/stdhooks/hook-vtkmodules.vtkFiltersTopology.py", "Python", 2, 0, 0, 0, 0, 0, 0, 0, 0, 0, 0, 0, 11, 3, 16
"/home/david/DVHS Robotics/bubonic-corona/venv/lib64/python3.12/site-packages/_pyinstaller_hooks_contrib/stdhooks/hook-vtkmodules.vtkFiltersVerdict.py", "Python", 2, 0, 0, 0, 0, 0, 0, 0, 0, 0, 0, 0, 11, 3, 16
"/home/david/DVHS Robotics/bubonic-corona/venv/lib64/python3.12/site-packages/_pyinstaller_hooks_contrib/stdhooks/hook-vtkmodules.vtkGeovisCore.py", "Python", 2, 0, 0, 0, 0, 0, 0, 0, 0, 0, 0, 0, 11, 3, 16
"/home/david/DVHS Robotics/bubonic-corona/venv/lib64/python3.12/site-packages/_pyinstaller_hooks_contrib/stdhooks/hook-vtkmodules.vtkIOAMR.py", "Python", 2, 0, 0, 0, 0, 0, 0, 0, 0, 0, 0, 0, 11, 3, 16
"/home/david/DVHS Robotics/bubonic-corona/venv/lib64/python3.12/site-packages/_pyinstaller_hooks_contrib/stdhooks/hook-vtkmodules.vtkIOAsynchronous.py", "Python", 2, 0, 0, 0, 0, 0, 0, 0, 0, 0, 0, 0, 11, 3, 16
"/home/david/DVHS Robotics/bubonic-corona/venv/lib64/python3.12/site-packages/_pyinstaller_hooks_contrib/stdhooks/hook-vtkmodules.vtkIOAvmesh.py", "Python", 2, 0, 0, 0, 0, 0, 0, 0, 0, 0, 0, 0, 11, 3, 16
"/home/david/DVHS Robotics/bubonic-corona/venv/lib64/python3.12/site-packages/_pyinstaller_hooks_contrib/stdhooks/hook-vtkmodules.vtkIOCGNSReader.py", "Python", 2, 0, 0, 0, 0, 0, 0, 0, 0, 0, 0, 0, 11, 3, 16
"/home/david/DVHS Robotics/bubonic-corona/venv/lib64/python3.12/site-packages/_pyinstaller_hooks_contrib/stdhooks/hook-vtkmodules.vtkIOCONVERGECFD.py", "Python", 2, 0, 0, 0, 0, 0, 0, 0, 0, 0, 0, 0, 11, 3, 16
"/home/david/DVHS Robotics/bubonic-corona/venv/lib64/python3.12/site-packages/_pyinstaller_hooks_contrib/stdhooks/hook-vtkmodules.vtkIOCellGrid.py", "Python", 2, 0, 0, 0, 0, 0, 0, 0, 0, 0, 0, 0, 11, 3, 16
"/home/david/DVHS Robotics/bubonic-corona/venv/lib64/python3.12/site-packages/_pyinstaller_hooks_contrib/stdhooks/hook-vtkmodules.vtkIOCesium3DTiles.py", "Python", 2, 0, 0, 0, 0, 0, 0, 0, 0, 0, 0, 0, 11, 3, 16
"/home/david/DVHS Robotics/bubonic-corona/venv/lib64/python3.12/site-packages/_pyinstaller_hooks_contrib/stdhooks/hook-vtkmodules.vtkIOChemistry.py", "Python", 2, 0, 0, 0, 0, 0, 0, 0, 0, 0, 0, 0, 11, 3, 16
"/home/david/DVHS Robotics/bubonic-corona/venv/lib64/python3.12/site-packages/_pyinstaller_hooks_contrib/stdhooks/hook-vtkmodules.vtkIOCityGML.py", "Python", 2, 0, 0, 0, 0, 0, 0, 0, 0, 0, 0, 0, 11, 3, 16
"/home/david/DVHS Robotics/bubonic-corona/venv/lib64/python3.12/site-packages/_pyinstaller_hooks_contrib/stdhooks/hook-vtkmodules.vtkIOCore.py", "Python", 2, 0, 0, 0, 0, 0, 0, 0, 0, 0, 0, 0, 11, 3, 16
"/home/david/DVHS Robotics/bubonic-corona/venv/lib64/python3.12/site-packages/_pyinstaller_hooks_contrib/stdhooks/hook-vtkmodules.vtkIOERF.py", "Python", 2, 0, 0, 0, 0, 0, 0, 0, 0, 0, 0, 0, 11, 3, 16
"/home/david/DVHS Robotics/bubonic-corona/venv/lib64/python3.12/site-packages/_pyinstaller_hooks_contrib/stdhooks/hook-vtkmodules.vtkIOEnSight.py", "Python", 2, 0, 0, 0, 0, 0, 0, 0, 0, 0, 0, 0, 11, 3, 16
"/home/david/DVHS Robotics/bubonic-corona/venv/lib64/python3.12/site-packages/_pyinstaller_hooks_contrib/stdhooks/hook-vtkmodules.vtkIOEngys.py", "Python", 2, 0, 0, 0, 0, 0, 0, 0, 0, 0, 0, 0, 11, 3, 16
"/home/david/DVHS Robotics/bubonic-corona/venv/lib64/python3.12/site-packages/_pyinstaller_hooks_contrib/stdhooks/hook-vtkmodules.vtkIOExodus.py", "Python", 2, 0, 0, 0, 0, 0, 0, 0, 0, 0, 0, 0, 11, 3, 16
"/home/david/DVHS Robotics/bubonic-corona/venv/lib64/python3.12/site-packages/_pyinstaller_hooks_contrib/stdhooks/hook-vtkmodules.vtkIOExport.py", "Python", 2, 0, 0, 0, 0, 0, 0, 0, 0, 0, 0, 0, 11, 3, 16
"/home/david/DVHS Robotics/bubonic-corona/venv/lib64/python3.12/site-packages/_pyinstaller_hooks_contrib/stdhooks/hook-vtkmodules.vtkIOExportGL2PS.py", "Python", 2, 0, 0, 0, 0, 0, 0, 0, 0, 0, 0, 0, 11, 3, 16
"/home/david/DVHS Robotics/bubonic-corona/venv/lib64/python3.12/site-packages/_pyinstaller_hooks_contrib/stdhooks/hook-vtkmodules.vtkIOExportPDF.py", "Python", 2, 0, 0, 0, 0, 0, 0, 0, 0, 0, 0, 0, 11, 3, 16
"/home/david/DVHS Robotics/bubonic-corona/venv/lib64/python3.12/site-packages/_pyinstaller_hooks_contrib/stdhooks/hook-vtkmodules.vtkIOFDS.py", "Python", 2, 0, 0, 0, 0, 0, 0, 0, 0, 0, 0, 0, 11, 3, 16
"/home/david/DVHS Robotics/bubonic-corona/venv/lib64/python3.12/site-packages/_pyinstaller_hooks_contrib/stdhooks/hook-vtkmodules.vtkIOFLUENTCFF.py", "Python", 2, 0, 0, 0, 0, 0, 0, 0, 0, 0, 0, 0, 11, 3, 16
"/home/david/DVHS Robotics/bubonic-corona/venv/lib64/python3.12/site-packages/_pyinstaller_hooks_contrib/stdhooks/hook-vtkmodules.vtkIOGeoJSON.py", "Python", 2, 0, 0, 0, 0, 0, 0, 0, 0, 0, 0, 0, 11, 3, 16
"/home/david/DVHS Robotics/bubonic-corona/venv/lib64/python3.12/site-packages/_pyinstaller_hooks_contrib/stdhooks/hook-vtkmodules.vtkIOGeometry.py", "Python", 2, 0, 0, 0, 0, 0, 0, 0, 0, 0, 0, 0, 11, 3, 16
"/home/david/DVHS Robotics/bubonic-corona/venv/lib64/python3.12/site-packages/_pyinstaller_hooks_contrib/stdhooks/hook-vtkmodules.vtkIOH5Rage.py", "Python", 2, 0, 0, 0, 0, 0, 0, 0, 0, 0, 0, 0, 11, 3, 16
"/home/david/DVHS Robotics/bubonic-corona/venv/lib64/python3.12/site-packages/_pyinstaller_hooks_contrib/stdhooks/hook-vtkmodules.vtkIOH5part.py", "Python", 2, 0, 0, 0, 0, 0, 0, 0, 0, 0, 0, 0, 11, 3, 16
"/home/david/DVHS Robotics/bubonic-corona/venv/lib64/python3.12/site-packages/_pyinstaller_hooks_contrib/stdhooks/hook-vtkmodules.vtkIOHDF.py", "Python", 2, 0, 0, 0, 0, 0, 0, 0, 0, 0, 0, 0, 11, 3, 16
"/home/david/DVHS Robotics/bubonic-corona/venv/lib64/python3.12/site-packages/_pyinstaller_hooks_contrib/stdhooks/hook-vtkmodules.vtkIOIOSS.py", "Python", 2, 0, 0, 0, 0, 0, 0, 0, 0, 0, 0, 0, 11, 3, 16
"/home/david/DVHS Robotics/bubonic-corona/venv/lib64/python3.12/site-packages/_pyinstaller_hooks_contrib/stdhooks/hook-vtkmodules.vtkIOImage.py", "Python", 2, 0, 0, 0, 0, 0, 0, 0, 0, 0, 0, 0, 11, 3, 16
"/home/david/DVHS Robotics/bubonic-corona/venv/lib64/python3.12/site-packages/_pyinstaller_hooks_contrib/stdhooks/hook-vtkmodules.vtkIOImport.py", "Python", 2, 0, 0, 0, 0, 0, 0, 0, 0, 0, 0, 0, 11, 3, 16
"/home/david/DVHS Robotics/bubonic-corona/venv/lib64/python3.12/site-packages/_pyinstaller_hooks_contrib/stdhooks/hook-vtkmodules.vtkIOInfovis.py", "Python", 2, 0, 0, 0, 0, 0, 0, 0, 0, 0, 0, 0, 11, 3, 16
"/home/david/DVHS Robotics/bubonic-corona/venv/lib64/python3.12/site-packages/_pyinstaller_hooks_contrib/stdhooks/hook-vtkmodules.vtkIOLANLX3D.py", "Python", 2, 0, 0, 0, 0, 0, 0, 0, 0, 0, 0, 0, 11, 3, 16
"/home/david/DVHS Robotics/bubonic-corona/venv/lib64/python3.12/site-packages/_pyinstaller_hooks_contrib/stdhooks/hook-vtkmodules.vtkIOLSDyna.py", "Python", 2, 0, 0, 0, 0, 0, 0, 0, 0, 0, 0, 0, 11, 3, 16
"/home/david/DVHS Robotics/bubonic-corona/venv/lib64/python3.12/site-packages/_pyinstaller_hooks_contrib/stdhooks/hook-vtkmodules.vtkIOLegacy.py", "Python", 2, 0, 0, 0, 0, 0, 0, 0, 0, 0, 0, 0, 11, 3, 16
"/home/david/DVHS Robotics/bubonic-corona/venv/lib64/python3.12/site-packages/_pyinstaller_hooks_contrib/stdhooks/hook-vtkmodules.vtkIOMINC.py", "Python", 2, 0, 0, 0, 0, 0, 0, 0, 0, 0, 0, 0, 11, 3, 16
"/home/david/DVHS Robotics/bubonic-corona/venv/lib64/python3.12/site-packages/_pyinstaller_hooks_contrib/stdhooks/hook-vtkmodules.vtkIOMotionFX.py", "Python", 2, 0, 0, 0, 0, 0, 0, 0, 0, 0, 0, 0, 11, 3, 16
"/home/david/DVHS Robotics/bubonic-corona/venv/lib64/python3.12/site-packages/_pyinstaller_hooks_contrib/stdhooks/hook-vtkmodules.vtkIOMovie.py", "Python", 2, 0, 0, 0, 0, 0, 0, 0, 0, 0, 0, 0, 11, 3, 16
"/home/david/DVHS Robotics/bubonic-corona/venv/lib64/python3.12/site-packages/_pyinstaller_hooks_contrib/stdhooks/hook-vtkmodules.vtkIONetCDF.py", "Python", 2, 0, 0, 0, 0, 0, 0, 0, 0, 0, 0, 0, 11, 3, 16
"/home/david/DVHS Robotics/bubonic-corona/venv/lib64/python3.12/site-packages/_pyinstaller_hooks_contrib/stdhooks/hook-vtkmodules.vtkIOOMF.py", "Python", 2, 0, 0, 0, 0, 0, 0, 0, 0, 0, 0, 0, 11, 3, 16
"/home/david/DVHS Robotics/bubonic-corona/venv/lib64/python3.12/site-packages/_pyinstaller_hooks_contrib/stdhooks/hook-vtkmodules.vtkIOOggTheora.py", "Python", 2, 0, 0, 0, 0, 0, 0, 0, 0, 0, 0, 0, 11, 3, 16
"/home/david/DVHS Robotics/bubonic-corona/venv/lib64/python3.12/site-packages/_pyinstaller_hooks_contrib/stdhooks/hook-vtkmodules.vtkIOPIO.py", "Python", 2, 0, 0, 0, 0, 0, 0, 0, 0, 0, 0, 0, 11, 3, 16
"/home/david/DVHS Robotics/bubonic-corona/venv/lib64/python3.12/site-packages/_pyinstaller_hooks_contrib/stdhooks/hook-vtkmodules.vtkIOPLY.py", "Python", 2, 0, 0, 0, 0, 0, 0, 0, 0, 0, 0, 0, 11, 3, 16
"/home/david/DVHS Robotics/bubonic-corona/venv/lib64/python3.12/site-packages/_pyinstaller_hooks_contrib/stdhooks/hook-vtkmodules.vtkIOParallel.py", "Python", 2, 0, 0, 0, 0, 0, 0, 0, 0, 0, 0, 0, 11, 3, 16
"/home/david/DVHS Robotics/bubonic-corona/venv/lib64/python3.12/site-packages/_pyinstaller_hooks_contrib/stdhooks/hook-vtkmodules.vtkIOParallelExodus.py", "Python", 2, 0, 0, 0, 0, 0, 0, 0, 0, 0, 0, 0, 11, 3, 16
"/home/david/DVHS Robotics/bubonic-corona/venv/lib64/python3.12/site-packages/_pyinstaller_hooks_contrib/stdhooks/hook-vtkmodules.vtkIOParallelLSDyna.py", "Python", 2, 0, 0, 0, 0, 0, 0, 0, 0, 0, 0, 0, 11, 3, 16
"/home/david/DVHS Robotics/bubonic-corona/venv/lib64/python3.12/site-packages/_pyinstaller_hooks_contrib/stdhooks/hook-vtkmodules.vtkIOParallelXML.py", "Python", 2, 0, 0, 0, 0, 0, 0, 0, 0, 0, 0, 0, 11, 3, 16
"/home/david/DVHS Robotics/bubonic-corona/venv/lib64/python3.12/site-packages/_pyinstaller_hooks_contrib/stdhooks/hook-vtkmodules.vtkIOSQL.py", "Python", 2, 0, 0, 0, 0, 0, 0, 0, 0, 0, 0, 0, 11, 3, 16
"/home/david/DVHS Robotics/bubonic-corona/venv/lib64/python3.12/site-packages/_pyinstaller_hooks_contrib/stdhooks/hook-vtkmodules.vtkIOSegY.py", "Python", 2, 0, 0, 0, 0, 0, 0, 0, 0, 0, 0, 0, 11, 3, 16
"/home/david/DVHS Robotics/bubonic-corona/venv/lib64/python3.12/site-packages/_pyinstaller_hooks_contrib/stdhooks/hook-vtkmodules.vtkIOTRUCHAS.py", "Python", 2, 0, 0, 0, 0, 0, 0, 0, 0, 0, 0, 0, 11, 3, 16
"/home/david/DVHS Robotics/bubonic-corona/venv/lib64/python3.12/site-packages/_pyinstaller_hooks_contrib/stdhooks/hook-vtkmodules.vtkIOTecplotTable.py", "Python", 2, 0, 0, 0, 0, 0, 0, 0, 0, 0, 0, 0, 11, 3, 16
"/home/david/DVHS Robotics/bubonic-corona/venv/lib64/python3.12/site-packages/_pyinstaller_hooks_contrib/stdhooks/hook-vtkmodules.vtkIOVPIC.py", "Python", 2, 0, 0, 0, 0, 0, 0, 0, 0, 0, 0, 0, 11, 3, 16
"/home/david/DVHS Robotics/bubonic-corona/venv/lib64/python3.12/site-packages/_pyinstaller_hooks_contrib/stdhooks/hook-vtkmodules.vtkIOVeraOut.py", "Python", 2, 0, 0, 0, 0, 0, 0, 0, 0, 0, 0, 0, 11, 3, 16
"/home/david/DVHS Robotics/bubonic-corona/venv/lib64/python3.12/site-packages/_pyinstaller_hooks_contrib/stdhooks/hook-vtkmodules.vtkIOVideo.py", "Python", 2, 0, 0, 0, 0, 0, 0, 0, 0, 0, 0, 0, 11, 3, 16
"/home/david/DVHS Robotics/bubonic-corona/venv/lib64/python3.12/site-packages/_pyinstaller_hooks_contrib/stdhooks/hook-vtkmodules.vtkIOXML.py", "Python", 2, 0, 0, 0, 0, 0, 0, 0, 0, 0, 0, 0, 11, 3, 16
"/home/david/DVHS Robotics/bubonic-corona/venv/lib64/python3.12/site-packages/_pyinstaller_hooks_contrib/stdhooks/hook-vtkmodules.vtkIOXMLParser.py", "Python", 2, 0, 0, 0, 0, 0, 0, 0, 0, 0, 0, 0, 11, 3, 16
"/home/david/DVHS Robotics/bubonic-corona/venv/lib64/python3.12/site-packages/_pyinstaller_hooks_contrib/stdhooks/hook-vtkmodules.vtkIOXdmf2.py", "Python", 2, 0, 0, 0, 0, 0, 0, 0, 0, 0, 0, 0, 11, 3, 16
"/home/david/DVHS Robotics/bubonic-corona/venv/lib64/python3.12/site-packages/_pyinstaller_hooks_contrib/stdhooks/hook-vtkmodules.vtkImagingColor.py", "Python", 2, 0, 0, 0, 0, 0, 0, 0, 0, 0, 0, 0, 11, 3, 16
"/home/david/DVHS Robotics/bubonic-corona/venv/lib64/python3.12/site-packages/_pyinstaller_hooks_contrib/stdhooks/hook-vtkmodules.vtkImagingCore.py", "Python", 2, 0, 0, 0, 0, 0, 0, 0, 0, 0, 0, 0, 11, 3, 16
"/home/david/DVHS Robotics/bubonic-corona/venv/lib64/python3.12/site-packages/_pyinstaller_hooks_contrib/stdhooks/hook-vtkmodules.vtkImagingFourier.py", "Python", 2, 0, 0, 0, 0, 0, 0, 0, 0, 0, 0, 0, 11, 3, 16
"/home/david/DVHS Robotics/bubonic-corona/venv/lib64/python3.12/site-packages/_pyinstaller_hooks_contrib/stdhooks/hook-vtkmodules.vtkImagingGeneral.py", "Python", 2, 0, 0, 0, 0, 0, 0, 0, 0, 0, 0, 0, 11, 3, 16
"/home/david/DVHS Robotics/bubonic-corona/venv/lib64/python3.12/site-packages/_pyinstaller_hooks_contrib/stdhooks/hook-vtkmodules.vtkImagingHybrid.py", "Python", 2, 0, 0, 0, 0, 0, 0, 0, 0, 0, 0, 0, 11, 3, 16
"/home/david/DVHS Robotics/bubonic-corona/venv/lib64/python3.12/site-packages/_pyinstaller_hooks_contrib/stdhooks/hook-vtkmodules.vtkImagingMath.py", "Python", 2, 0, 0, 0, 0, 0, 0, 0, 0, 0, 0, 0, 11, 3, 16
"/home/david/DVHS Robotics/bubonic-corona/venv/lib64/python3.12/site-packages/_pyinstaller_hooks_contrib/stdhooks/hook-vtkmodules.vtkImagingMorphological.py", "Python", 2, 0, 0, 0, 0, 0, 0, 0, 0, 0, 0, 0, 11, 3, 16
"/home/david/DVHS Robotics/bubonic-corona/venv/lib64/python3.12/site-packages/_pyinstaller_hooks_contrib/stdhooks/hook-vtkmodules.vtkImagingOpenGL2.py", "Python", 2, 0, 0, 0, 0, 0, 0, 0, 0, 0, 0, 0, 11, 3, 16
"/home/david/DVHS Robotics/bubonic-corona/venv/lib64/python3.12/site-packages/_pyinstaller_hooks_contrib/stdhooks/hook-vtkmodules.vtkImagingSources.py", "Python", 2, 0, 0, 0, 0, 0, 0, 0, 0, 0, 0, 0, 11, 3, 16
"/home/david/DVHS Robotics/bubonic-corona/venv/lib64/python3.12/site-packages/_pyinstaller_hooks_contrib/stdhooks/hook-vtkmodules.vtkImagingStatistics.py", "Python", 2, 0, 0, 0, 0, 0, 0, 0, 0, 0, 0, 0, 11, 3, 16
"/home/david/DVHS Robotics/bubonic-corona/venv/lib64/python3.12/site-packages/_pyinstaller_hooks_contrib/stdhooks/hook-vtkmodules.vtkImagingStencil.py", "Python", 2, 0, 0, 0, 0, 0, 0, 0, 0, 0, 0, 0, 11, 3, 16
"/home/david/DVHS Robotics/bubonic-corona/venv/lib64/python3.12/site-packages/_pyinstaller_hooks_contrib/stdhooks/hook-vtkmodules.vtkInfovisCore.py", "Python", 2, 0, 0, 0, 0, 0, 0, 0, 0, 0, 0, 0, 11, 3, 16
"/home/david/DVHS Robotics/bubonic-corona/venv/lib64/python3.12/site-packages/_pyinstaller_hooks_contrib/stdhooks/hook-vtkmodules.vtkInfovisLayout.py", "Python", 2, 0, 0, 0, 0, 0, 0, 0, 0, 0, 0, 0, 11, 3, 16
"/home/david/DVHS Robotics/bubonic-corona/venv/lib64/python3.12/site-packages/_pyinstaller_hooks_contrib/stdhooks/hook-vtkmodules.vtkInteractionImage.py", "Python", 2, 0, 0, 0, 0, 0, 0, 0, 0, 0, 0, 0, 11, 3, 16
"/home/david/DVHS Robotics/bubonic-corona/venv/lib64/python3.12/site-packages/_pyinstaller_hooks_contrib/stdhooks/hook-vtkmodules.vtkInteractionStyle.py", "Python", 2, 0, 0, 0, 0, 0, 0, 0, 0, 0, 0, 0, 11, 3, 16
"/home/david/DVHS Robotics/bubonic-corona/venv/lib64/python3.12/site-packages/_pyinstaller_hooks_contrib/stdhooks/hook-vtkmodules.vtkInteractionWidgets.py", "Python", 2, 0, 0, 0, 0, 0, 0, 0, 0, 0, 0, 0, 11, 3, 16
"/home/david/DVHS Robotics/bubonic-corona/venv/lib64/python3.12/site-packages/_pyinstaller_hooks_contrib/stdhooks/hook-vtkmodules.vtkParallelCore.py", "Python", 2, 0, 0, 0, 0, 0, 0, 0, 0, 0, 0, 0, 11, 3, 16
"/home/david/DVHS Robotics/bubonic-corona/venv/lib64/python3.12/site-packages/_pyinstaller_hooks_contrib/stdhooks/hook-vtkmodules.vtkPythonContext2D.py", "Python", 2, 0, 0, 0, 0, 0, 0, 0, 0, 0, 0, 0, 11, 3, 16
"/home/david/DVHS Robotics/bubonic-corona/venv/lib64/python3.12/site-packages/_pyinstaller_hooks_contrib/stdhooks/hook-vtkmodules.vtkRenderingAnnotation.py", "Python", 2, 0, 0, 0, 0, 0, 0, 0, 0, 0, 0, 0, 11, 3, 16
"/home/david/DVHS Robotics/bubonic-corona/venv/lib64/python3.12/site-packages/_pyinstaller_hooks_contrib/stdhooks/hook-vtkmodules.vtkRenderingCellGrid.py", "Python", 2, 0, 0, 0, 0, 0, 0, 0, 0, 0, 0, 0, 11, 3, 16
"/home/david/DVHS Robotics/bubonic-corona/venv/lib64/python3.12/site-packages/_pyinstaller_hooks_contrib/stdhooks/hook-vtkmodules.vtkRenderingContext2D.py", "Python", 2, 0, 0, 0, 0, 0, 0, 0, 0, 0, 0, 0, 11, 3, 16
"/home/david/DVHS Robotics/bubonic-corona/venv/lib64/python3.12/site-packages/_pyinstaller_hooks_contrib/stdhooks/hook-vtkmodules.vtkRenderingContextOpenGL2.py", "Python", 2, 0, 0, 0, 0, 0, 0, 0, 0, 0, 0, 0, 11, 3, 16
"/home/david/DVHS Robotics/bubonic-corona/venv/lib64/python3.12/site-packages/_pyinstaller_hooks_contrib/stdhooks/hook-vtkmodules.vtkRenderingCore.py", "Python", 2, 0, 0, 0, 0, 0, 0, 0, 0, 0, 0, 0, 11, 3, 16
"/home/david/DVHS Robotics/bubonic-corona/venv/lib64/python3.12/site-packages/_pyinstaller_hooks_contrib/stdhooks/hook-vtkmodules.vtkRenderingExternal.py", "Python", 2, 0, 0, 0, 0, 0, 0, 0, 0, 0, 0, 0, 11, 3, 16
"/home/david/DVHS Robotics/bubonic-corona/venv/lib64/python3.12/site-packages/_pyinstaller_hooks_contrib/stdhooks/hook-vtkmodules.vtkRenderingFreeType.py", "Python", 2, 0, 0, 0, 0, 0, 0, 0, 0, 0, 0, 0, 11, 3, 16
"/home/david/DVHS Robotics/bubonic-corona/venv/lib64/python3.12/site-packages/_pyinstaller_hooks_contrib/stdhooks/hook-vtkmodules.vtkRenderingGL2PSOpenGL2.py", "Python", 2, 0, 0, 0, 0, 0, 0, 0, 0, 0, 0, 0, 11, 3, 16
"/home/david/DVHS Robotics/bubonic-corona/venv/lib64/python3.12/site-packages/_pyinstaller_hooks_contrib/stdhooks/hook-vtkmodules.vtkRenderingGridAxes.py", "Python", 2, 0, 0, 0, 0, 0, 0, 0, 0, 0, 0, 0, 11, 3, 16
"/home/david/DVHS Robotics/bubonic-corona/venv/lib64/python3.12/site-packages/_pyinstaller_hooks_contrib/stdhooks/hook-vtkmodules.vtkRenderingHyperTreeGrid.py", "Python", 2, 0, 0, 0, 0, 0, 0, 0, 0, 0, 0, 0, 11, 3, 16
"/home/david/DVHS Robotics/bubonic-corona/venv/lib64/python3.12/site-packages/_pyinstaller_hooks_contrib/stdhooks/hook-vtkmodules.vtkRenderingImage.py", "Python", 2, 0, 0, 0, 0, 0, 0, 0, 0, 0, 0, 0, 11, 3, 16
"/home/david/DVHS Robotics/bubonic-corona/venv/lib64/python3.12/site-packages/_pyinstaller_hooks_contrib/stdhooks/hook-vtkmodules.vtkRenderingLICOpenGL2.py", "Python", 2, 0, 0, 0, 0, 0, 0, 0, 0, 0, 0, 0, 11, 3, 16
"/home/david/DVHS Robotics/bubonic-corona/venv/lib64/python3.12/site-packages/_pyinstaller_hooks_contrib/stdhooks/hook-vtkmodules.vtkRenderingLOD.py", "Python", 2, 0, 0, 0, 0, 0, 0, 0, 0, 0, 0, 0, 11, 3, 16
"/home/david/DVHS Robotics/bubonic-corona/venv/lib64/python3.12/site-packages/_pyinstaller_hooks_contrib/stdhooks/hook-vtkmodules.vtkRenderingLabel.py", "Python", 2, 0, 0, 0, 0, 0, 0, 0, 0, 0, 0, 0, 11, 3, 16
"/home/david/DVHS Robotics/bubonic-corona/venv/lib64/python3.12/site-packages/_pyinstaller_hooks_contrib/stdhooks/hook-vtkmodules.vtkRenderingMatplotlib.py", "Python", 2, 0, 0, 0, 0, 0, 0, 0, 0, 0, 0, 0, 11, 3, 16
"/home/david/DVHS Robotics/bubonic-corona/venv/lib64/python3.12/site-packages/_pyinstaller_hooks_contrib/stdhooks/hook-vtkmodules.vtkRenderingOpenGL2.py", "Python", 2, 0, 0, 0, 0, 0, 0, 0, 0, 0, 0, 0, 11, 3, 16
"/home/david/DVHS Robotics/bubonic-corona/venv/lib64/python3.12/site-packages/_pyinstaller_hooks_contrib/stdhooks/hook-vtkmodules.vtkRenderingParallel.py", "Python", 2, 0, 0, 0, 0, 0, 0, 0, 0, 0, 0, 0, 11, 3, 16
"/home/david/DVHS Robotics/bubonic-corona/venv/lib64/python3.12/site-packages/_pyinstaller_hooks_contrib/stdhooks/hook-vtkmodules.vtkRenderingSceneGraph.py", "Python", 2, 0, 0, 0, 0, 0, 0, 0, 0, 0, 0, 0, 11, 3, 16
"/home/david/DVHS Robotics/bubonic-corona/venv/lib64/python3.12/site-packages/_pyinstaller_hooks_contrib/stdhooks/hook-vtkmodules.vtkRenderingUI.py", "Python", 2, 0, 0, 0, 0, 0, 0, 0, 0, 0, 0, 0, 11, 3, 16
"/home/david/DVHS Robotics/bubonic-corona/venv/lib64/python3.12/site-packages/_pyinstaller_hooks_contrib/stdhooks/hook-vtkmodules.vtkRenderingVR.py", "Python", 2, 0, 0, 0, 0, 0, 0, 0, 0, 0, 0, 0, 11, 3, 16
"/home/david/DVHS Robotics/bubonic-corona/venv/lib64/python3.12/site-packages/_pyinstaller_hooks_contrib/stdhooks/hook-vtkmodules.vtkRenderingVRModels.py", "Python", 2, 0, 0, 0, 0, 0, 0, 0, 0, 0, 0, 0, 11, 3, 16
"/home/david/DVHS Robotics/bubonic-corona/venv/lib64/python3.12/site-packages/_pyinstaller_hooks_contrib/stdhooks/hook-vtkmodules.vtkRenderingVolume.py", "Python", 2, 0, 0, 0, 0, 0, 0, 0, 0, 0, 0, 0, 11, 3, 16
"/home/david/DVHS Robotics/bubonic-corona/venv/lib64/python3.12/site-packages/_pyinstaller_hooks_contrib/stdhooks/hook-vtkmodules.vtkRenderingVolumeAMR.py", "Python", 2, 0, 0, 0, 0, 0, 0, 0, 0, 0, 0, 0, 11, 3, 16
"/home/david/DVHS Robotics/bubonic-corona/venv/lib64/python3.12/site-packages/_pyinstaller_hooks_contrib/stdhooks/hook-vtkmodules.vtkRenderingVolumeOpenGL2.py", "Python", 2, 0, 0, 0, 0, 0, 0, 0, 0, 0, 0, 0, 11, 3, 16
"/home/david/DVHS Robotics/bubonic-corona/venv/lib64/python3.12/site-packages/_pyinstaller_hooks_contrib/stdhooks/hook-vtkmodules.vtkRenderingVtkJS.py", "Python", 2, 0, 0, 0, 0, 0, 0, 0, 0, 0, 0, 0, 11, 3, 16
"/home/david/DVHS Robotics/bubonic-corona/venv/lib64/python3.12/site-packages/_pyinstaller_hooks_contrib/stdhooks/hook-vtkmodules.vtkSerializationManager.py", "Python", 2, 0, 0, 0, 0, 0, 0, 0, 0, 0, 0, 0, 11, 3, 16
"/home/david/DVHS Robotics/bubonic-corona/venv/lib64/python3.12/site-packages/_pyinstaller_hooks_contrib/stdhooks/hook-vtkmodules.vtkTestingRendering.py", "Python", 2, 0, 0, 0, 0, 0, 0, 0, 0, 0, 0, 0, 11, 3, 16
"/home/david/DVHS Robotics/bubonic-corona/venv/lib64/python3.12/site-packages/_pyinstaller_hooks_contrib/stdhooks/hook-vtkmodules.vtkTestingSerialization.py", "Python", 2, 0, 0, 0, 0, 0, 0, 0, 0, 0, 0, 0, 11, 3, 16
"/home/david/DVHS Robotics/bubonic-corona/venv/lib64/python3.12/site-packages/_pyinstaller_hooks_contrib/stdhooks/hook-vtkmodules.vtkViewsContext2D.py", "Python", 2, 0, 0, 0, 0, 0, 0, 0, 0, 0, 0, 0, 11, 3, 16
"/home/david/DVHS Robotics/bubonic-corona/venv/lib64/python3.12/site-packages/_pyinstaller_hooks_contrib/stdhooks/hook-vtkmodules.vtkViewsCore.py", "Python", 2, 0, 0, 0, 0, 0, 0, 0, 0, 0, 0, 0, 11, 3, 16
"/home/david/DVHS Robotics/bubonic-corona/venv/lib64/python3.12/site-packages/_pyinstaller_hooks_contrib/stdhooks/hook-vtkmodules.vtkViewsInfovis.py", "Python", 2, 0, 0, 0, 0, 0, 0, 0, 0, 0, 0, 0, 11, 3, 16
"/home/david/DVHS Robotics/bubonic-corona/venv/lib64/python3.12/site-packages/_pyinstaller_hooks_contrib/stdhooks/hook-vtkmodules.vtkWebCore.py", "Python", 2, 0, 0, 0, 0, 0, 0, 0, 0, 0, 0, 0, 11, 3, 16
"/home/david/DVHS Robotics/bubonic-corona/venv/lib64/python3.12/site-packages/_pyinstaller_hooks_contrib/stdhooks/hook-vtkmodules.vtkWebGLExporter.py", "Python", 2, 0, 0, 0, 0, 0, 0, 0, 0, 0, 0, 0, 11, 3, 16
"/home/david/DVHS Robotics/bubonic-corona/venv/lib64/python3.12/site-packages/_pyinstaller_hooks_contrib/stdhooks/hook-vtkpython.py", "Python", 13, 0, 0, 0, 0, 0, 0, 0, 0, 0, 0, 0, 11, 2, 26
"/home/david/DVHS Robotics/bubonic-corona/venv/lib64/python3.12/site-packages/_pyinstaller_hooks_contrib/stdhooks/hook-wavefile.py", "Python", 2, 0, 0, 0, 0, 0, 0, 0, 0, 0, 0, 0, 14, 3, 19
"/home/david/DVHS Robotics/bubonic-corona/venv/lib64/python3.12/site-packages/_pyinstaller_hooks_contrib/stdhooks/hook-weasyprint.py", "Python", 54, 0, 0, 0, 0, 0, 0, 0, 0, 0, 0, 0, 29, 11, 94
"/home/david/DVHS Robotics/bubonic-corona/venv/lib64/python3.12/site-packages/_pyinstaller_hooks_contrib/stdhooks/hook-web3.py", "Python", 2, 0, 0, 0, 0, 0, 0, 0, 0, 0, 0, 0, 11, 3, 16
"/home/david/DVHS Robotics/bubonic-corona/venv/lib64/python3.12/site-packages/_pyinstaller_hooks_contrib/stdhooks/hook-webassets.py", "Python", 2, 0, 0, 0, 0, 0, 0, 0, 0, 0, 0, 0, 11, 2, 15
"/home/david/DVHS Robotics/bubonic-corona/venv/lib64/python3.12/site-packages/_pyinstaller_hooks_contrib/stdhooks/hook-webrtcvad.py", "Python", 2, 0, 0, 0, 0, 0, 0, 0, 0, 0, 0, 0, 11, 3, 16
"/home/david/DVHS Robotics/bubonic-corona/venv/lib64/python3.12/site-packages/_pyinstaller_hooks_contrib/stdhooks/hook-websockets.py", "Python", 2, 0, 0, 0, 0, 0, 0, 0, 0, 0, 0, 0, 12, 3, 17
"/home/david/DVHS Robotics/bubonic-corona/venv/lib64/python3.12/site-packages/_pyinstaller_hooks_contrib/stdhooks/hook-webview.py", "Python", 5, 0, 0, 0, 0, 0, 0, 0, 0, 0, 0, 0, 12, 4, 21
"/home/david/DVHS Robotics/bubonic-corona/venv/lib64/python3.12/site-packages/_pyinstaller_hooks_contrib/stdhooks/hook-win32com.py", "Python", 4, 0, 0, 0, 0, 0, 0, 0, 0, 0, 0, 0, 15, 2, 21
"/home/david/DVHS Robotics/bubonic-corona/venv/lib64/python3.12/site-packages/_pyinstaller_hooks_contrib/stdhooks/hook-wordcloud.py", "Python", 2, 0, 0, 0, 0, 0, 0, 0, 0, 0, 0, 0, 11, 3, 16
"/home/david/DVHS Robotics/bubonic-corona/venv/lib64/python3.12/site-packages/_pyinstaller_hooks_contrib/stdhooks/hook-workflow.py", "Python", 2, 0, 0, 0, 0, 0, 0, 0, 0, 0, 0, 0, 11, 3, 16
"/home/david/DVHS Robotics/bubonic-corona/venv/lib64/python3.12/site-packages/_pyinstaller_hooks_contrib/stdhooks/hook-wx.lib.activex.py", "Python", 8, 0, 0, 0, 0, 0, 0, 0, 0, 0, 0, 0, 14, 6, 28
"/home/david/DVHS Robotics/bubonic-corona/venv/lib64/python3.12/site-packages/_pyinstaller_hooks_contrib/stdhooks/hook-wx.lib.pubsub.py", "Python", 2, 0, 0, 0, 0, 0, 0, 0, 0, 0, 0, 0, 11, 3, 16
"/home/david/DVHS Robotics/bubonic-corona/venv/lib64/python3.12/site-packages/_pyinstaller_hooks_contrib/stdhooks/hook-wx.xrc.py", "Python", 1, 0, 0, 0, 0, 0, 0, 0, 0, 0, 0, 0, 11, 2, 14
"/home/david/DVHS Robotics/bubonic-corona/venv/lib64/python3.12/site-packages/_pyinstaller_hooks_contrib/stdhooks/hook-xarray.py", "Python", 10, 0, 0, 0, 0, 0, 0, 0, 0, 0, 0, 0, 15, 6, 31
"/home/david/DVHS Robotics/bubonic-corona/venv/lib64/python3.12/site-packages/_pyinstaller_hooks_contrib/stdhooks/hook-xml.dom.html.HTMLDocument.py", "Python", 54, 0, 0, 0, 0, 0, 0, 0, 0, 0, 0, 0, 12, 2, 68
"/home/david/DVHS Robotics/bubonic-corona/venv/lib64/python3.12/site-packages/_pyinstaller_hooks_contrib/stdhooks/hook-xml.sax.saxexts.py", "Python", 12, 0, 0, 0, 0, 0, 0, 0, 0, 0, 0, 0, 12, 2, 26
"/home/david/DVHS Robotics/bubonic-corona/venv/lib64/python3.12/site-packages/_pyinstaller_hooks_contrib/stdhooks/hook-xmldiff.py", "Python", 2, 0, 0, 0, 0, 0, 0, 0, 0, 0, 0, 0, 12, 3, 17
"/home/david/DVHS Robotics/bubonic-corona/venv/lib64/python3.12/site-packages/_pyinstaller_hooks_contrib/stdhooks/hook-xmlschema.py", "Python", 2, 0, 0, 0, 0, 0, 0, 0, 0, 0, 0, 0, 13, 3, 18
"/home/david/DVHS Robotics/bubonic-corona/venv/lib64/python3.12/site-packages/_pyinstaller_hooks_contrib/stdhooks/hook-xsge_gui.py", "Python", 2, 0, 0, 0, 0, 0, 0, 0, 0, 0, 0, 0, 12, 4, 18
"/home/david/DVHS Robotics/bubonic-corona/venv/lib64/python3.12/site-packages/_pyinstaller_hooks_contrib/stdhooks/hook-xyzservices.py", "Python", 2, 0, 0, 0, 0, 0, 0, 0, 0, 0, 0, 0, 11, 3, 16
"/home/david/DVHS Robotics/bubonic-corona/venv/lib64/python3.12/site-packages/_pyinstaller_hooks_contrib/stdhooks/hook-yapf_third_party.py", "Python", 2, 0, 0, 0, 0, 0, 0, 0, 0, 0, 0, 0, 11, 3, 16
"/home/david/DVHS Robotics/bubonic-corona/venv/lib64/python3.12/site-packages/_pyinstaller_hooks_contrib/stdhooks/hook-z3c.rml.py", "Python", 9, 0, 0, 0, 0, 0, 0, 0, 0, 0, 0, 0, 14, 3, 26
"/home/david/DVHS Robotics/bubonic-corona/venv/lib64/python3.12/site-packages/_pyinstaller_hooks_contrib/stdhooks/hook-zarr.py", "Python", 2, 0, 0, 0, 0, 0, 0, 0, 0, 0, 0, 0, 11, 3, 16
"/home/david/DVHS Robotics/bubonic-corona/venv/lib64/python3.12/site-packages/_pyinstaller_hooks_contrib/stdhooks/hook-zeep.py", "Python", 2, 0, 0, 0, 0, 0, 0, 0, 0, 0, 0, 0, 13, 4, 19
"/home/david/DVHS Robotics/bubonic-corona/venv/lib64/python3.12/site-packages/_pyinstaller_hooks_contrib/stdhooks/hook-zmq.py", "Python", 21, 0, 0, 0, 0, 0, 0, 0, 0, 0, 0, 0, 36, 7, 64
"/home/david/DVHS Robotics/bubonic-corona/venv/lib64/python3.12/site-packages/_pyinstaller_hooks_contrib/stdhooks/hook-zoneinfo.py", "Python", 3, 0, 0, 0, 0, 0, 0, 0, 0, 0, 0, 0, 13, 3, 19
"/home/david/DVHS Robotics/bubonic-corona/venv/lib64/python3.12/site-packages/_pyinstaller_hooks_contrib/utils/__init__.py", "Python", 0, 0, 0, 0, 0, 0, 0, 0, 0, 0, 0, 0, 1, 1, 2
"/home/david/DVHS Robotics/bubonic-corona/venv/lib64/python3.12/site-packages/_pyinstaller_hooks_contrib/utils/mypy.py", "Python", 7, 0, 0, 0, 0, 0, 0, 0, 0, 0, 0, 0, 15, 4, 26
"/home/david/DVHS Robotics/bubonic-corona/venv/lib64/python3.12/site-packages/_pyinstaller_hooks_contrib/utils/nvidia_cuda.py", "Python", 39, 0, 0, 0, 0, 0, 0, 0, 0, 0, 0, 0, 24, 15, 78
"/home/david/DVHS Robotics/bubonic-corona/venv/lib64/python3.12/site-packages/_pyinstaller_hooks_contrib/utils/vtkmodules.py", "Python", 601, 0, 0, 0, 0, 0, 0, 0, 0, 0, 0, 0, 12, 10, 623
"/home/david/DVHS Robotics/bubonic-corona/venv/lib64/python3.12/site-packages/altgraph/Dot.py", "Python", 136, 0, 0, 0, 0, 0, 0, 0, 0, 0, 0, 0, 150, 36, 322
"/home/david/DVHS Robotics/bubonic-corona/venv/lib64/python3.12/site-packages/altgraph/Graph.py", "Python", 307, 0, 0, 0, 0, 0, 0, 0, 0, 0, 0, 0, 288, 88, 683
"/home/david/DVHS Robotics/bubonic-corona/venv/lib64/python3.12/site-packages/altgraph/GraphAlgo.py", "Python", 81, 0, 0, 0, 0, 0, 0, 0, 0, 0, 0, 0, 73, 18, 172
"/home/david/DVHS Robotics/bubonic-corona/venv/lib64/python3.12/site-packages/altgraph/GraphStat.py", "Python", 33, 0, 0, 0, 0, 0, 0, 0, 0, 0, 0, 0, 25, 16, 74
"/home/david/DVHS Robotics/bubonic-corona/venv/lib64/python3.12/site-packages/altgraph/GraphUtil.py", "Python", 72, 0, 0, 0, 0, 0, 0, 0, 0, 0, 0, 0, 39, 29, 140
"/home/david/DVHS Robotics/bubonic-corona/venv/lib64/python3.12/site-packages/altgraph/ObjectGraph.py", "Python", 127, 0, 0, 0, 0, 0, 0, 0, 0, 0, 0, 0, 56, 30, 213
"/home/david/DVHS Robotics/bubonic-corona/venv/lib64/python3.12/site-packages/altgraph/__init__.py", "Python", 3, 0, 0, 0, 0, 0, 0, 0, 0, 0, 0, 0, 141, 3, 147
"/home/david/DVHS Robotics/bubonic-corona/venv/lib64/python3.12/site-packages/packaging/__init__.py", "Python", 8, 0, 0, 0, 0, 0, 0, 0, 0, 0, 0, 0, 3, 5, 16
"/home/david/DVHS Robotics/bubonic-corona/venv/lib64/python3.12/site-packages/packaging/_elffile.py", "Python", 72, 0, 0, 0, 0, 0, 0, 0, 0, 0, 0, 0, 17, 20, 109
"/home/david/DVHS Robotics/bubonic-corona/venv/lib64/python3.12/site-packages/packaging/_manylinux.py", "Python", 153, 0, 0, 0, 0, 0, 0, 0, 0, 0, 0, 0, 72, 38, 263
"/home/david/DVHS Robotics/bubonic-corona/venv/lib64/python3.12/site-packages/packaging/_musllinux.py", "Python", 45, 0, 0, 0, 0, 0, 0, 0, 0, 0, 0, 0, 25, 16, 86
"/home/david/DVHS Robotics/bubonic-corona/venv/lib64/python3.12/site-packages/packaging/_parser.py", "Python", 252, 0, 0, 0, 0, 0, 0, 0, 0, 0, 0, 0, 55, 87, 394
"/home/david/DVHS Robotics/bubonic-corona/venv/lib64/python3.12/site-packages/packaging/_structures.py", "Python", 9, 0, 0, 0, 0, 0, 0, 0, 0, 0, 0, 0, 14, 11, 34
"/home/david/DVHS Robotics/bubonic-corona/venv/lib64/python3.12/site-packages/packaging/_tokenizer.py", "Python", 116, 0, 0, 0, 0, 0, 0, 0, 0, 0, 0, 0, 64, 14, 194
"/home/david/DVHS Robotics/bubonic-corona/venv/lib64/python3.12/site-packages/packaging/dependency_groups.py", "Python", 161, 0, 0, 0, 0, 0, 0, 0, 0, 0, 0, 0, 82, 60, 303
"/home/david/DVHS Robotics/bubonic-corona/venv/lib64/python3.12/site-packages/packaging/direct_url.py", "Python", 242, 0, 0, 0, 0, 0, 0, 0, 0, 0, 0, 0, 30, 54, 326
"/home/david/DVHS Robotics/bubonic-corona/venv/lib64/python3.12/site-packages/packaging/errors.py", "Python", 43, 0, 0, 0, 0, 0, 0, 0, 0, 0, 0, 0, 34, 18, 95
"/home/david/DVHS Robotics/bubonic-corona/venv/lib64/python3.12/site-packages/packaging/licenses/__init__.py", "Python", 82, 0, 0, 0, 0, 0, 0, 0, 0, 0, 0, 0, 81, 24, 187
"/home/david/DVHS Robotics/bubonic-corona/venv/lib64/python3.12/site-packages/packaging/licenses/_spdx.py", "Python", 791, 0, 0, 0, 0, 0, 0, 0, 0, 0, 0, 0, 0, 9, 800
"/home/david/DVHS Robotics/bubonic-corona/venv/lib64/python3.12/site-packages/packaging/markers.py", "Python", 247, 0, 0, 0, 0, 0, 0, 0, 0, 0, 0, 0, 167, 79, 493
"/home/david/DVHS Robotics/bubonic-corona/venv/lib64/python3.12/site-packages/packaging/metadata.py", "Python", 565, 0, 0, 0, 0, 0, 0, 0, 0, 0, 0, 0, 293, 107, 965
"/home/david/DVHS Robotics/bubonic-corona/venv/lib64/python3.12/site-packages/packaging/pylock.py", "Python", 694, 0, 0, 0, 0, 0, 0, 0, 0, 0, 0, 0, 96, 116, 906
"/home/david/DVHS Robotics/bubonic-corona/venv/lib64/python3.12/site-packages/packaging/requirements.py", "Python", 75, 0, 0, 0, 0, 0, 0, 0, 0, 0, 0, 0, 30, 25, 130
"/home/david/DVHS Robotics/bubonic-corona/venv/lib64/python3.12/site-packages/packaging/specifiers.py", "Python", 782, 0, 0, 0, 0, 0, 0, 0, 0, 0, 0, 0, 1016, 146, 1944
"/home/david/DVHS Robotics/bubonic-corona/venv/lib64/python3.12/site-packages/packaging/tags.py", "Python", 474, 0, 0, 0, 0, 0, 0, 0, 0, 0, 0, 0, 340, 119, 933
"/home/david/DVHS Robotics/bubonic-corona/venv/lib64/python3.12/site-packages/packaging/utils.py", "Python", 113, 0, 0, 0, 0, 0, 0, 0, 0, 0, 0, 0, 148, 36, 297
"/home/david/DVHS Robotics/bubonic-corona/venv/lib64/python3.12/site-packages/packaging/version.py", "Python", 344, 0, 0, 0, 0, 0, 0, 0, 0, 0, 0, 0, 795, 93, 1232
"/home/david/DVHS Robotics/bubonic-corona/venv/lib64/python3.12/site-packages/pip/__init__.py", "Python", 5, 0, 0, 0, 0, 0, 0, 0, 0, 0, 0, 0, 4, 5, 14
"/home/david/DVHS Robotics/bubonic-corona/venv/lib64/python3.12/site-packages/pip/__main__.py", "Python", 10, 0, 0, 0, 0, 0, 0, 0, 0, 0, 0, 0, 10, 5, 25
"/home/david/DVHS Robotics/bubonic-corona/venv/lib64/python3.12/site-packages/pip/__pip-runner__.py", "Python", 25, 0, 0, 0, 0, 0, 0, 0, 0, 0, 0, 0, 9, 17, 51
"/home/david/DVHS Robotics/bubonic-corona/venv/lib64/python3.12/site-packages/pip/_internal/__init__.py", "Python", 6, 0, 0, 0, 0, 0, 0, 0, 0, 0, 0, 0, 7, 6, 19
"/home/david/DVHS Robotics/bubonic-corona/venv/lib64/python3.12/site-packages/pip/_internal/build_env.py", "Python", 219, 0, 0, 0, 0, 0, 0, 0, 0, 0, 0, 0, 57, 40, 316
"/home/david/DVHS Robotics/bubonic-corona/venv/lib64/python3.12/site-packages/pip/_internal/cache.py", "Python", 189, 0, 0, 0, 0, 0, 0, 0, 0, 0, 0, 0, 56, 46, 291
"/home/david/DVHS Robotics/bubonic-corona/venv/lib64/python3.12/site-packages/pip/_internal/cli/__init__.py", "Python", 0, 0, 0, 0, 0, 0, 0, 0, 0, 0, 0, 0, 3, 2, 5
"/home/david/DVHS Robotics/bubonic-corona/venv/lib64/python3.12/site-packages/pip/_internal/cli/autocompletion.py", "Python", 121, 0, 0, 0, 0, 0, 0, 0, 0, 0, 0, 0, 39, 17, 177
"/home/david/DVHS Robotics/bubonic-corona/venv/lib64/python3.12/site-packages/pip/_internal/cli/base_command.py", "Python", 164, 0, 0, 0, 0, 0, 0, 0, 0, 0, 0, 0, 27, 41, 232
"/home/david/DVHS Robotics/bubonic-corona/venv/lib64/python3.12/site-packages/pip/_internal/cli/cmdoptions.py", "Python", 835, 0, 0, 0, 0, 0, 0, 0, 0, 0, 0, 0, 93, 148, 1076
"/home/david/DVHS Robotics/bubonic-corona/venv/lib64/python3.12/site-packages/pip/_internal/cli/command_context.py", "Python", 20, 0, 0, 0, 0, 0, 0, 0, 0, 0, 0, 0, 0, 8, 28
"/home/david/DVHS Robotics/bubonic-corona/venv/lib64/python3.12/site-packages/pip/_internal/cli/index_command.py", "Python", 103, 0, 0, 0, 0, 0, 0, 0, 0, 0, 0, 0, 33, 35, 171
"/home/david/DVHS Robotics/bubonic-corona/venv/lib64/python3.12/site-packages/pip/_internal/cli/main.py", "Python", 32, 0, 0, 0, 0, 0, 0, 0, 0, 0, 0, 0, 32, 17, 81
"/home/david/DVHS Robotics/bubonic-corona/venv/lib64/python3.12/site-packages/pip/_internal/cli/main_parser.py", "Python", 79, 0, 0, 0, 0, 0, 0, 0, 0, 0, 0, 0, 27, 29, 135
"/home/david/DVHS Robotics/bubonic-corona/venv/lib64/python3.12/site-packages/pip/_internal/cli/parser.py", "Python", 196, 0, 0, 0, 0, 0, 0, 0, 0, 0, 0, 0, 49, 50, 295
"/home/david/DVHS Robotics/bubonic-corona/venv/lib64/python3.12/site-packages/pip/_internal/cli/progress_bars.py", "Python", 77, 0, 0, 0, 0, 0, 0, 0, 0, 0, 0, 0, 4, 14, 95
"/home/david/DVHS Robotics/bubonic-corona/venv/lib64/python3.12/site-packages/pip/_internal/cli/req_command.py", "Python", 260, 0, 0, 0, 0, 0, 0, 0, 0, 0, 0, 0, 37, 33, 330
"/home/david/DVHS Robotics/bubonic-corona/venv/lib64/python3.12/site-packages/pip/_internal/cli/spinners.py", "Python", 114, 0, 0, 0, 0, 0, 0, 0, 0, 0, 0, 0, 18, 28, 160
"/home/david/DVHS Robotics/bubonic-corona/venv/lib64/python3.12/site-packages/pip/_internal/cli/status_codes.py", "Python", 6, 0, 0, 0, 0, 0, 0, 0, 0, 0, 0, 0, 0, 1, 7
"/home/david/DVHS Robotics/bubonic-corona/venv/lib64/python3.12/site-packages/pip/_internal/commands/__init__.py", "Python", 106, 0, 0, 0, 0, 0, 0, 0, 0, 0, 0, 0, 14, 13, 133
"/home/david/DVHS Robotics/bubonic-corona/venv/lib64/python3.12/site-packages/pip/_internal/commands/cache.py", "Python", 145, 0, 0, 0, 0, 0, 0, 0, 0, 0, 0, 0, 41, 40, 226
"/home/david/DVHS Robotics/bubonic-corona/venv/lib64/python3.12/site-packages/pip/_internal/commands/check.py", "Python", 58, 0, 0, 0, 0, 0, 0, 0, 0, 0, 0, 0, 1, 9, 68
"/home/david/DVHS Robotics/bubonic-corona/venv/lib64/python3.12/site-packages/pip/_internal/commands/completion.py", "Python", 113, 0, 0, 0, 0, 0, 0, 0, 0, 0, 0, 0, 15, 3, 131
"/home/david/DVHS Robotics/bubonic-corona/venv/lib64/python3.12/site-packages/pip/_internal/commands/configuration.py", "Python", 202, 0, 0, 0, 0, 0, 0, 0, 0, 0, 0, 0, 39, 40, 281
"/home/david/DVHS Robotics/bubonic-corona/venv/lib64/python3.12/site-packages/pip/_internal/commands/debug.py", "Python", 143, 0, 0, 0, 0, 0, 0, 0, 0, 0, 0, 0, 15, 44, 202
"/home/david/DVHS Robotics/bubonic-corona/venv/lib64/python3.12/site-packages/pip/_internal/commands/download.py", "Python", 107, 0, 0, 0, 0, 0, 0, 0, 0, 0, 0, 0, 13, 27, 147
"/home/david/DVHS Robotics/bubonic-corona/venv/lib64/python3.12/site-packages/pip/_internal/commands/freeze.py", "Python", 89, 0, 0, 0, 0, 0, 0, 0, 0, 0, 0, 0, 5, 17, 111
"/home/david/DVHS Robotics/bubonic-corona/venv/lib64/python3.12/site-packages/pip/_internal/commands/hash.py", "Python", 42, 0, 0, 0, 0, 0, 0, 0, 0, 0, 0, 0, 7, 11, 60
"/home/david/DVHS Robotics/bubonic-corona/venv/lib64/python3.12/site-packages/pip/_internal/commands/help.py", "Python", 28, 0, 0, 0, 0, 0, 0, 0, 0, 0, 0, 0, 2, 12, 42
"/home/david/DVHS Robotics/bubonic-corona/venv/lib64/python3.12/site-packages/pip/_internal/commands/index.py", "Python", 102, 0, 0, 0, 0, 0, 0, 0, 0, 0, 0, 0, 10, 28, 140
"/home/david/DVHS Robotics/bubonic-corona/venv/lib64/python3.12/site-packages/pip/_internal/commands/inspect.py", "Python", 74, 0, 0, 0, 0, 0, 0, 0, 0, 0, 0, 0, 9, 10, 93
"/home/david/DVHS Robotics/bubonic-corona/venv/lib64/python3.12/site-packages/pip/_internal/commands/install.py", "Python", 632, 0, 0, 0, 0, 0, 0, 0, 0, 0, 0, 0, 63, 89, 784
"/home/david/DVHS Robotics/bubonic-corona/venv/lib64/python3.12/site-packages/pip/_internal/commands/list.py", "Python", 289, 0, 0, 0, 0, 0, 0, 0, 0, 0, 0, 0, 31, 58, 378
"/home/david/DVHS Robotics/bubonic-corona/venv/lib64/python3.12/site-packages/pip/_internal/commands/search.py", "Python", 134, 0, 0, 0, 0, 0, 0, 0, 0, 0, 0, 0, 8, 31, 173
"/home/david/DVHS Robotics/bubonic-corona/venv/lib64/python3.12/site-packages/pip/_internal/commands/show.py", "Python", 170, 0, 0, 0, 0, 0, 0, 0, 0, 0, 0, 0, 19, 29, 218
"/home/david/DVHS Robotics/bubonic-corona/venv/lib64/python3.12/site-packages/pip/_internal/commands/uninstall.py", "Python", 93, 0, 0, 0, 0, 0, 0, 0, 0, 0, 0, 0, 9, 13, 115
"/home/david/DVHS Robotics/bubonic-corona/venv/lib64/python3.12/site-packages/pip/_internal/commands/wheel.py", "Python", 142, 0, 0, 0, 0, 0, 0, 0, 0, 0, 0, 0, 13, 28, 183
"/home/david/DVHS Robotics/bubonic-corona/venv/lib64/python3.12/site-packages/pip/_internal/configuration.py", "Python", 233, 0, 0, 0, 0, 0, 0, 0, 0, 0, 0, 0, 85, 66, 384
"/home/david/DVHS Robotics/bubonic-corona/venv/lib64/python3.12/site-packages/pip/_internal/distributions/__init__.py", "Python", 12, 0, 0, 0, 0, 0, 0, 0, 0, 0, 0, 0, 5, 5, 22
"/home/david/DVHS Robotics/bubonic-corona/venv/lib64/python3.12/site-packages/pip/_internal/distributions/base.py", "Python", 24, 0, 0, 0, 0, 0, 0, 0, 0, 0, 0, 0, 21, 9, 54
"/home/david/DVHS Robotics/bubonic-corona/venv/lib64/python3.12/site-packages/pip/_internal/distributions/installed.py", "Python", 18, 0, 0, 0, 0, 0, 0, 0, 0, 0, 0, 0, 5, 7, 30
"/home/david/DVHS Robotics/bubonic-corona/venv/lib64/python3.12/site-packages/pip/_internal/distributions/sdist.py", "Python", 118, 0, 0, 0, 0, 0, 0, 0, 0, 0, 0, 0, 24, 17, 159
"/home/david/DVHS Robotics/bubonic-corona/venv/lib64/python3.12/site-packages/pip/_internal/distributions/wheel.py", "Python", 26, 0, 0, 0, 0, 0, 0, 0, 0, 0, 0, 0, 8, 9, 43
"/home/david/DVHS Robotics/bubonic-corona/venv/lib64/python3.12/site-packages/pip/_internal/exceptions.py", "Python", 387, 0, 0, 0, 0, 0, 0, 0, 0, 0, 0, 0, 253, 138, 778
"/home/david/DVHS Robotics/bubonic-corona/venv/lib64/python3.12/site-packages/pip/_internal/index/__init__.py", "Python", 0, 0, 0, 0, 0, 0, 0, 0, 0, 0, 0, 0, 2, 1, 3
"/home/david/DVHS Robotics/bubonic-corona/venv/lib64/python3.12/site-packages/pip/_internal/index/collector.py", "Python", 321, 0, 0, 0, 0, 0, 0, 0, 0, 0, 0, 0, 96, 78, 495
"/home/david/DVHS Robotics/bubonic-corona/venv/lib64/python3.12/site-packages/pip/_internal/index/package_finder.py", "Python", 657, 0, 0, 0, 0, 0, 0, 0, 0, 0, 0, 0, 244, 120, 1021
"/home/david/DVHS Robotics/bubonic-corona/venv/lib64/python3.12/site-packages/pip/_internal/index/sources.py", "Python", 197, 0, 0, 0, 0, 0, 0, 0, 0, 0, 0, 0, 37, 52, 286
"/home/david/DVHS Robotics/bubonic-corona/venv/lib64/python3.12/site-packages/pip/_internal/locations/__init__.py", "Python", 295, 0, 0, 0, 0, 0, 0, 0, 0, 0, 0, 0, 86, 76, 457
"/home/david/DVHS Robotics/bubonic-corona/venv/lib64/python3.12/site-packages/pip/_internal/locations/_distutils.py", "Python", 107, 0, 0, 0, 0, 0, 0, 0, 0, 0, 0, 0, 42, 24, 173
"/home/david/DVHS Robotics/bubonic-corona/venv/lib64/python3.12/site-packages/pip/_internal/locations/_sysconfig.py", "Python", 120, 0, 0, 0, 0, 0, 0, 0, 0, 0, 0, 0, 63, 32, 215
"/home/david/DVHS Robotics/bubonic-corona/venv/lib64/python3.12/site-packages/pip/_internal/locations/base.py", "Python", 45, 0, 0, 0, 0, 0, 0, 0, 0, 0, 0, 0, 20, 17, 82
"/home/david/DVHS Robotics/bubonic-corona/venv/lib64/python3.12/site-packages/pip/_internal/main.py", "Python", 4, 0, 0, 0, 0, 0, 0, 0, 0, 0, 0, 0, 5, 4, 13
"/home/david/DVHS Robotics/bubonic-corona/venv/lib64/python3.12/site-packages/pip/_internal/metadata/__init__.py", "Python", 58, 0, 0, 0, 0, 0, 0, 0, 0, 0, 0, 0, 47, 24, 129
"/home/david/DVHS Robotics/bubonic-corona/venv/lib64/python3.12/site-packages/pip/_internal/metadata/_json.py", "Python", 67, 0, 0, 0, 0, 0, 0, 0, 0, 0, 0, 0, 7, 11, 85
"/home/david/DVHS Robotics/bubonic-corona/venv/lib64/python3.12/site-packages/pip/_internal/metadata/base.py", "Python", 373, 0, 0, 0, 0, 0, 0, 0, 0, 0, 0, 0, 240, 76, 689
"/home/david/DVHS Robotics/bubonic-corona/venv/lib64/python3.12/site-packages/pip/_internal/metadata/importlib/__init__.py", "Python", 4, 0, 0, 0, 0, 0, 0, 0, 0, 0, 0, 0, 0, 3, 7
"/home/david/DVHS Robotics/bubonic-corona/venv/lib64/python3.12/site-packages/pip/_internal/metadata/importlib/_compat.py", "Python", 41, 0, 0, 0, 0, 0, 0, 0, 0, 0, 0, 0, 26, 19, 86
"/home/david/DVHS Robotics/bubonic-corona/venv/lib64/python3.12/site-packages/pip/_internal/metadata/importlib/_dists.py", "Python", 171, 0, 0, 0, 0, 0, 0, 0, 0, 0, 0, 0, 23, 28, 222
"/home/david/DVHS Robotics/bubonic-corona/venv/lib64/python3.12/site-packages/pip/_internal/metadata/importlib/_envs.py", "Python", 123, 0, 0, 0, 0, 0, 0, 0, 0, 0, 0, 0, 38, 29, 190
"/home/david/DVHS Robotics/bubonic-corona/venv/lib64/python3.12/site-packages/pip/_internal/metadata/pkg_resources.py", "Python", 220, 0, 0, 0, 0, 0, 0, 0, 0, 0, 0, 0, 32, 50, 302
"/home/david/DVHS Robotics/bubonic-corona/venv/lib64/python3.12/site-packages/pip/_internal/models/__init__.py", "Python", 0, 0, 0, 0, 0, 0, 0, 0, 0, 0, 0, 0, 2, 1, 3
"/home/david/DVHS Robotics/bubonic-corona/venv/lib64/python3.12/site-packages/pip/_internal/models/candidate.py", "Python", 16, 0, 0, 0, 0, 0, 0, 0, 0, 0, 0, 0, 1, 9, 26
"/home/david/DVHS Robotics/bubonic-corona/venv/lib64/python3.12/site-packages/pip/_internal/models/direct_url.py", "Python", 171, 0, 0, 0, 0, 0, 0, 0, 0, 0, 0, 0, 10, 44, 225
"/home/david/DVHS Robotics/bubonic-corona/venv/lib64/python3.12/site-packages/pip/_internal/models/format_control.py", "Python", 62, 0, 0, 0, 0, 0, 0, 0, 0, 0, 0, 0, 2, 15, 79
"/home/david/DVHS Robotics/bubonic-corona/venv/lib64/python3.12/site-packages/pip/_internal/models/index.py", "Python", 16, 0, 0, 0, 0, 0, 0, 0, 0, 0, 0, 0, 4, 9, 29
"/home/david/DVHS Robotics/bubonic-corona/venv/lib64/python3.12/site-packages/pip/_internal/models/installation_report.py", "Python", 29, 0, 0, 0, 0, 0, 0, 0, 0, 0, 0, 0, 21, 7, 57
"/home/david/DVHS Robotics/bubonic-corona/venv/lib64/python3.12/site-packages/pip/_internal/models/link.py", "Python", 350, 0, 0, 0, 0, 0, 0, 0, 0, 0, 0, 0, 145, 96, 591
"/home/david/DVHS Robotics/bubonic-corona/venv/lib64/python3.12/site-packages/pip/_internal/models/scheme.py", "Python", 10, 0, 0, 0, 0, 0, 0, 0, 0, 0, 0, 0, 9, 7, 26
"/home/david/DVHS Robotics/bubonic-corona/venv/lib64/python3.12/site-packages/pip/_internal/models/search_scope.py", "Python", 79, 0, 0, 0, 0, 0, 0, 0, 0, 0, 0, 0, 29, 20, 128
"/home/david/DVHS Robotics/bubonic-corona/venv/lib64/python3.12/site-packages/pip/_internal/models/selection_prefs.py", "Python", 25, 0, 0, 0, 0, 0, 0, 0, 0, 0, 0, 0, 22, 7, 54
"/home/david/DVHS Robotics/bubonic-corona/venv/lib64/python3.12/site-packages/pip/_internal/models/target_python.py", "Python", 70, 0, 0, 0, 0, 0, 0, 0, 0, 0, 0, 0, 34, 18, 122
"/home/david/DVHS Robotics/bubonic-corona/venv/lib64/python3.12/site-packages/pip/_internal/models/wheel.py", "Python", 39, 0, 0, 0, 0, 0, 0, 0, 0, 0, 0, 0, 42, 13, 94
"/home/david/DVHS Robotics/bubonic-corona/venv/lib64/python3.12/site-packages/pip/_internal/network/__init__.py", "Python", 0, 0, 0, 0, 0, 0, 0, 0, 0, 0, 0, 0, 2, 1, 3
"/home/david/DVHS Robotics/bubonic-corona/venv/lib64/python3.12/site-packages/pip/_internal/network/auth.py", "Python", 353, 0, 0, 0, 0, 0, 0, 0, 0, 0, 0, 0, 116, 98, 567
"/home/david/DVHS Robotics/bubonic-corona/venv/lib64/python3.12/site-packages/pip/_internal/network/cache.py", "Python", 61, 0, 0, 0, 0, 0, 0, 0, 0, 0, 0, 0, 26, 20, 107
"/home/david/DVHS Robotics/bubonic-corona/venv/lib64/python3.12/site-packages/pip/_internal/network/download.py", "Python", 136, 0, 0, 0, 0, 0, 0, 0, 0, 0, 0, 0, 17, 35, 188
"/home/david/DVHS Robotics/bubonic-corona/venv/lib64/python3.12/site-packages/pip/_internal/network/lazy_wheel.py", "Python", 116, 0, 0, 0, 0, 0, 0, 0, 0, 0, 0, 0, 65, 30, 211
"/home/david/DVHS Robotics/bubonic-corona/venv/lib64/python3.12/site-packages/pip/_internal/network/session.py", "Python", 333, 0, 0, 0, 0, 0, 0, 0, 0, 0, 0, 0, 110, 80, 523
"/home/david/DVHS Robotics/bubonic-corona/venv/lib64/python3.12/site-packages/pip/_internal/network/utils.py", "Python", 39, 0, 0, 0, 0, 0, 0, 0, 0, 0, 0, 0, 48, 12, 99
"/home/david/DVHS Robotics/bubonic-corona/venv/lib64/python3.12/site-packages/pip/_internal/network/xmlrpc.py", "Python", 48, 0, 0, 0, 0, 0, 0, 0, 0, 0, 0, 0, 5, 10, 63
"/home/david/DVHS Robotics/bubonic-corona/venv/lib64/python3.12/site-packages/pip/_internal/operations/__init__.py", "Python", 0, 0, 0, 0, 0, 0, 0, 0, 0, 0, 0, 0, 0, 1, 1
"/home/david/DVHS Robotics/bubonic-corona/venv/lib64/python3.12/site-packages/pip/_internal/operations/build/__init__.py", "Python", 0, 0, 0, 0, 0, 0, 0, 0, 0, 0, 0, 0, 0, 1, 1
"/home/david/DVHS Robotics/bubonic-corona/venv/lib64/python3.12/site-packages/pip/_internal/operations/build/build_tracker.py", "Python", 87, 0, 0, 0, 0, 0, 0, 0, 0, 0, 0, 0, 22, 30, 139
"/home/david/DVHS Robotics/bubonic-corona/venv/lib64/python3.12/site-packages/pip/_internal/operations/build/metadata.py", "Python", 22, 0, 0, 0, 0, 0, 0, 0, 0, 0, 0, 0, 9, 9, 40
"/home/david/DVHS Robotics/bubonic-corona/venv/lib64/python3.12/site-packages/pip/_internal/operations/build/metadata_editable.py", "Python", 24, 0, 0, 0, 0, 0, 0, 0, 0, 0, 0, 0, 9, 9, 42
"/home/david/DVHS Robotics/bubonic-corona/venv/lib64/python3.12/site-packages/pip/_internal/operations/build/metadata_legacy.py", "Python", 52, 0, 0, 0, 0, 0, 0, 0, 0, 0, 0, 0, 8, 15, 75
"/home/david/DVHS Robotics/bubonic-corona/venv/lib64/python3.12/site-packages/pip/_internal/operations/build/wheel.py", "Python", 27, 0, 0, 0, 0, 0, 0, 0, 0, 0, 0, 0, 4, 7, 38
"/home/david/DVHS Robotics/bubonic-corona/venv/lib64/python3.12/site-packages/pip/_internal/operations/build/wheel_editable.py", "Python", 36, 0, 0, 0, 0, 0, 0, 0, 0, 0, 0, 0, 4, 7, 47
"/home/david/DVHS Robotics/bubonic-corona/venv/lib64/python3.12/site-packages/pip/_internal/operations/build/wheel_legacy.py", "Python", 80, 0, 0, 0, 0, 0, 0, 0, 0, 0, 0, 0, 7, 16, 103
"/home/david/DVHS Robotics/bubonic-corona/venv/lib64/python3.12/site-packages/pip/_internal/operations/check.py", "Python", 122, 0, 0, 0, 0, 0, 0, 0, 0, 0, 0, 0, 22, 38, 182
"/home/david/DVHS Robotics/bubonic-corona/venv/lib64/python3.12/site-packages/pip/_internal/operations/freeze.py", "Python", 212, 0, 0, 0, 0, 0, 0, 0, 0, 0, 0, 0, 17, 30, 259
"/home/david/DVHS Robotics/bubonic-corona/venv/lib64/python3.12/site-packages/pip/_internal/operations/install/__init__.py", "Python", 0, 0, 0, 0, 0, 0, 0, 0, 0, 0, 0, 0, 2, 1, 3
"/home/david/DVHS Robotics/bubonic-corona/venv/lib64/python3.12/site-packages/pip/_internal/operations/install/editable_legacy.py", "Python", 35, 0, 0, 0, 0, 0, 0, 0, 0, 0, 0, 0, 5, 8, 48
"/home/david/DVHS Robotics/bubonic-corona/venv/lib64/python3.12/site-packages/pip/_internal/operations/install/wheel.py", "Python", 486, 0, 0, 0, 0, 0, 0, 0, 0, 0, 0, 0, 142, 114, 742
"/home/david/DVHS Robotics/bubonic-corona/venv/lib64/python3.12/site-packages/pip/_internal/operations/prepare.py", "Python", 507, 0, 0, 0, 0, 0, 0, 0, 0, 0, 0, 0, 137, 89, 733
"/home/david/DVHS Robotics/bubonic-corona/venv/lib64/python3.12/site-packages/pip/_internal/pyproject.py", "Python", 92, 0, 0, 0, 0, 0, 0, 0, 0, 0, 0, 0, 66, 28, 186
"/home/david/DVHS Robotics/bubonic-corona/venv/lib64/python3.12/site-packages/pip/_internal/req/__init__.py", "Python", 68, 0, 0, 0, 0, 0, 0, 0, 0, 0, 0, 0, 6, 17, 91
"/home/david/DVHS Robotics/bubonic-corona/venv/lib64/python3.12/site-packages/pip/_internal/req/constructors.py", "Python", 403, 0, 0, 0, 0, 0, 0, 0, 0, 0, 0, 0, 88, 70, 561
"/home/david/DVHS Robotics/bubonic-corona/venv/lib64/python3.12/site-packages/pip/_internal/req/req_file.py", "Python", 362, 0, 0, 0, 0, 0, 0, 0, 0, 0, 0, 0, 107, 83, 552
"/home/david/DVHS Robotics/bubonic-corona/venv/lib64/python3.12/site-packages/pip/_internal/req/req_install.py", "Python", 686, 0, 0, 0, 0, 0, 0, 0, 0, 0, 0, 0, 155, 94, 935
"/home/david/DVHS Robotics/bubonic-corona/venv/lib64/python3.12/site-packages/pip/_internal/req/req_set.py", "Python", 56, 0, 0, 0, 0, 0, 0, 0, 0, 0, 0, 0, 6, 21, 83
"/home/david/DVHS Robotics/bubonic-corona/venv/lib64/python3.12/site-packages/pip/_internal/req/req_uninstall.py", "Python", 421, 0, 0, 0, 0, 0, 0, 0, 0, 0, 0, 0, 119, 94, 634
"/home/david/DVHS Robotics/bubonic-corona/venv/lib64/python3.12/site-packages/pip/_internal/resolution/__init__.py", "Python", 0, 0, 0, 0, 0, 0, 0, 0, 0, 0, 0, 0, 0, 1, 1
"/home/david/DVHS Robotics/bubonic-corona/venv/lib64/python3.12/site-packages/pip/_internal/resolution/base.py", "Python", 15, 0, 0, 0, 0, 0, 0, 0, 0, 0, 0, 0, 0, 6, 21
"/home/david/DVHS Robotics/bubonic-corona/venv/lib64/python3.12/site-packages/pip/_internal/resolution/legacy/__init__.py", "Python", 0, 0, 0, 0, 0, 0, 0, 0, 0, 0, 0, 0, 0, 1, 1
"/home/david/DVHS Robotics/bubonic-corona/venv/lib64/python3.12/site-packages/pip/_internal/resolution/legacy/resolver.py", "Python", 369, 0, 0, 0, 0, 0, 0, 0, 0, 0, 0, 0, 163, 66, 598
"/home/david/DVHS Robotics/bubonic-corona/venv/lib64/python3.12/site-packages/pip/_internal/resolution/resolvelib/__init__.py", "Python", 0, 0, 0, 0, 0, 0, 0, 0, 0, 0, 0, 0, 0, 1, 1
"/home/david/DVHS Robotics/bubonic-corona/venv/lib64/python3.12/site-packages/pip/_internal/resolution/resolvelib/base.py", "Python", 83, 0, 0, 0, 0, 0, 0, 0, 0, 0, 0, 0, 26, 31, 140
"/home/david/DVHS Robotics/bubonic-corona/venv/lib64/python3.12/site-packages/pip/_internal/resolution/resolvelib/candidates.py", "Python", 405, 0, 0, 0, 0, 0, 0, 0, 0, 0, 0, 0, 74, 91, 570
"/home/david/DVHS Robotics/bubonic-corona/venv/lib64/python3.12/site-packages/pip/_internal/resolution/resolvelib/factory.py", "Python", 625, 0, 0, 0, 0, 0, 0, 0, 0, 0, 0, 0, 116, 77, 818
"/home/david/DVHS Robotics/bubonic-corona/venv/lib64/python3.12/site-packages/pip/_internal/resolution/resolvelib/found_candidates.py", "Python", 95, 0, 0, 0, 0, 0, 0, 0, 0, 0, 0, 0, 58, 22, 175
"/home/david/DVHS Robotics/bubonic-corona/venv/lib64/python3.12/site-packages/pip/_internal/resolution/resolvelib/provider.py", "Python", 155, 0, 0, 0, 0, 0, 0, 0, 0, 0, 0, 0, 75, 29, 259
"/home/david/DVHS Robotics/bubonic-corona/venv/lib64/python3.12/site-packages/pip/_internal/resolution/resolvelib/reporter.py", "Python", 60, 0, 0, 0, 0, 0, 0, 0, 0, 0, 0, 0, 2, 20, 82
"/home/david/DVHS Robotics/bubonic-corona/venv/lib64/python3.12/site-packages/pip/_internal/resolution/resolvelib/requirements.py", "Python", 165, 0, 0, 0, 0, 0, 0, 0, 0, 0, 0, 0, 18, 63, 246
"/home/david/DVHS Robotics/bubonic-corona/venv/lib64/python3.12/site-packages/pip/_internal/resolution/resolvelib/resolver.py", "Python", 204, 0, 0, 0, 0, 0, 0, 0, 0, 0, 0, 0, 77, 37, 318
"/home/david/DVHS Robotics/bubonic-corona/venv/lib64/python3.12/site-packages/pip/_internal/self_outdated_check.py", "Python", 167, 0, 0, 0, 0, 0, 0, 0, 0, 0, 0, 0, 33, 45, 245
"/home/david/DVHS Robotics/bubonic-corona/venv/lib64/python3.12/site-packages/pip/_internal/utils/__init__.py", "Python", 0, 0, 0, 0, 0, 0, 0, 0, 0, 0, 0, 0, 0, 1, 1
"/home/david/DVHS Robotics/bubonic-corona/venv/lib64/python3.12/site-packages/pip/_internal/utils/_jaraco_text.py", "Python", 39, 0, 0, 0, 0, 0, 0, 0, 0, 0, 0, 0, 57, 14, 110
"/home/david/DVHS Robotics/bubonic-corona/venv/lib64/python3.12/site-packages/pip/_internal/utils/_log.py", "Python", 11, 0, 0, 0, 0, 0, 0, 0, 0, 0, 0, 0, 18, 10, 39
"/home/david/DVHS Robotics/bubonic-corona/venv/lib64/python3.12/site-packages/pip/_internal/utils/appdirs.py", "Python", 25, 0, 0, 0, 0, 0, 0, 0, 0, 0, 0, 0, 12, 16, 53
"/home/david/DVHS Robotics/bubonic-corona/venv/lib64/python3.12/site-packages/pip/_internal/utils/compat.py", "Python", 37, 0, 0, 0, 0, 0, 0, 0, 0, 0, 0, 0, 24, 19, 80
"/home/david/DVHS Robotics/bubonic-corona/venv/lib64/python3.12/site-packages/pip/_internal/utils/compatibility_tags.py", "Python", 108, 0, 0, 0, 0, 0, 0, 0, 0, 0, 0, 0, 30, 28, 166
"/home/david/DVHS Robotics/bubonic-corona/venv/lib64/python3.12/site-packages/pip/_internal/utils/datetime.py", "Python", 5, 0, 0, 0, 0, 0, 0, 0, 0, 0, 0, 0, 2, 5, 12
"/home/david/DVHS Robotics/bubonic-corona/venv/lib64/python3.12/site-packages/pip/_internal/utils/deprecation.py", "Python", 75, 0, 0, 0, 0, 0, 0, 0, 0, 0, 0, 0, 28, 22, 125
"/home/david/DVHS Robotics/bubonic-corona/venv/lib64/python3.12/site-packages/pip/_internal/utils/direct_url_helpers.py", "Python", 70, 0, 0, 0, 0, 0, 0, 0, 0, 0, 0, 0, 10, 8, 88
"/home/david/DVHS Robotics/bubonic-corona/venv/lib64/python3.12/site-packages/pip/_internal/utils/egg_link.py", "Python", 43, 0, 0, 0, 0, 0, 0, 0, 0, 0, 0, 0, 28, 10, 81
"/home/david/DVHS Robotics/bubonic-corona/venv/lib64/python3.12/site-packages/pip/_internal/utils/encoding.py", "Python", 28, 0, 0, 0, 0, 0, 0, 0, 0, 0, 0, 0, 4, 5, 37
"/home/david/DVHS Robotics/bubonic-corona/venv/lib64/python3.12/site-packages/pip/_internal/utils/entrypoints.py", "Python", 54, 0, 0, 0, 0, 0, 0, 0, 0, 0, 0, 0, 18, 13, 85
"/home/david/DVHS Robotics/bubonic-corona/venv/lib64/python3.12/site-packages/pip/_internal/utils/filesystem.py", "Python", 92, 0, 0, 0, 0, 0, 0, 0, 0, 0, 0, 0, 31, 27, 150
"/home/david/DVHS Robotics/bubonic-corona/venv/lib64/python3.12/site-packages/pip/_internal/utils/filetypes.py", "Python", 19, 0, 0, 0, 0, 0, 0, 0, 0, 0, 0, 0, 3, 6, 28
"/home/david/DVHS Robotics/bubonic-corona/venv/lib64/python3.12/site-packages/pip/_internal/utils/glibc.py", "Python", 43, 0, 0, 0, 0, 0, 0, 0, 0, 0, 0, 0, 45, 14, 102
"/home/david/DVHS Robotics/bubonic-corona/venv/lib64/python3.12/site-packages/pip/_internal/utils/hashes.py", "Python", 80, 0, 0, 0, 0, 0, 0, 0, 0, 0, 0, 0, 39, 29, 148
"/home/david/DVHS Robotics/bubonic-corona/venv/lib64/python3.12/site-packages/pip/_internal/utils/logging.py", "Python", 246, 0, 0, 0, 0, 0, 0, 0, 0, 0, 0, 0, 51, 51, 348
"/home/david/DVHS Robotics/bubonic-corona/venv/lib64/python3.12/site-packages/pip/_internal/utils/misc.py", "Python", 479, 0, 0, 0, 0, 0, 0, 0, 0, 0, 0, 0, 164, 135, 778
"/home/david/DVHS Robotics/bubonic-corona/venv/lib64/python3.12/site-packages/pip/_internal/utils/packaging.py", "Python", 21, 0, 0, 0, 0, 0, 0, 0, 0, 0, 0, 0, 26, 11, 58
"/home/david/DVHS Robotics/bubonic-corona/venv/lib64/python3.12/site-packages/pip/_internal/utils/retry.py", "Python", 22, 0, 0, 0, 0, 0, 0, 0, 0, 0, 0, 0, 12, 9, 43
"/home/david/DVHS Robotics/bubonic-corona/venv/lib64/python3.12/site-packages/pip/_internal/utils/setuptools_build.py", "Python", 74, 0, 0, 0, 0, 0, 0, 0, 0, 0, 0, 0, 53, 20, 147
"/home/david/DVHS Robotics/bubonic-corona/venv/lib64/python3.12/site-packages/pip/_internal/utils/subprocess.py", "Python", 160, 0, 0, 0, 0, 0, 0, 0, 0, 0, 0, 0, 63, 23, 246
"/home/david/DVHS Robotics/bubonic-corona/venv/lib64/python3.12/site-packages/pip/_internal/utils/temp_dir.py", "Python", 175, 0, 0, 0, 0, 0, 0, 0, 0, 0, 0, 0, 74, 48, 297
"/home/david/DVHS Robotics/bubonic-corona/venv/lib64/python3.12/site-packages/pip/_internal/utils/unpacking.py", "Python", 239, 0, 0, 0, 0, 0, 0, 0, 0, 0, 0, 0, 60, 39, 338
"/home/david/DVHS Robotics/bubonic-corona/venv/lib64/python3.12/site-packages/pip/_internal/utils/urls.py", "Python", 33, 0, 0, 0, 0, 0, 0, 0, 0, 0, 0, 0, 12, 11, 56
"/home/david/DVHS Robotics/bubonic-corona/venv/lib64/python3.12/site-packages/pip/_internal/utils/virtualenv.py", "Python", 50, 0, 0, 0, 0, 0, 0, 0, 0, 0, 0, 0, 36, 19, 105
"/home/david/DVHS Robotics/bubonic-corona/venv/lib64/python3.12/site-packages/pip/_internal/utils/wheel.py", "Python", 68, 0, 0, 0, 0, 0, 0, 0, 0, 0, 0, 0, 36, 31, 135
"/home/david/DVHS Robotics/bubonic-corona/venv/lib64/python3.12/site-packages/pip/_internal/vcs/__init__.py", "Python", 11, 0, 0, 0, 0, 0, 0, 0, 0, 0, 0, 0, 4, 1, 16
"/home/david/DVHS Robotics/bubonic-corona/venv/lib64/python3.12/site-packages/pip/_internal/vcs/bazaar.py", "Python", 93, 0, 0, 0, 0, 0, 0, 0, 0, 0, 0, 0, 4, 16, 113
"/home/david/DVHS Robotics/bubonic-corona/venv/lib64/python3.12/site-packages/pip/_internal/vcs/git.py", "Python", 139, 0, 0, 0, 0, 0, 0, 0, 0, 0, 0, 0, 372, 17, 528
"/home/david/DVHS Robotics/bubonic-corona/venv/lib64/python3.12/site-packages/pip/_internal/vcs/mercurial.py", "Python", 134, 0, 0, 0, 0, 0, 0, 0, 0, 0, 0, 0, 13, 17, 164
"/home/david/DVHS Robotics/bubonic-corona/venv/lib64/python3.12/site-packages/pip/_internal/vcs/subversion.py", "Python", 209, 0, 0, 0, 0, 0, 0, 0, 0, 0, 0, 0, 74, 42, 325
"/home/david/DVHS Robotics/bubonic-corona/venv/lib64/python3.12/site-packages/pip/_internal/vcs/versioncontrol.py", "Python", 385, 0, 0, 0, 0, 0, 0, 0, 0, 0, 0, 0, 218, 86, 689
"/home/david/DVHS Robotics/bubonic-corona/venv/lib64/python3.12/site-packages/pip/_internal/wheel_builder.py", "Python", 269, 0, 0, 0, 0, 0, 0, 0, 0, 0, 0, 0, 43, 43, 355
"/home/david/DVHS Robotics/bubonic-corona/venv/lib64/python3.12/site-packages/pip/_vendor/__init__.py", "Python", 74, 0, 0, 0, 0, 0, 0, 0, 0, 0, 0, 0, 33, 10, 117
"/home/david/DVHS Robotics/bubonic-corona/venv/lib64/python3.12/site-packages/pip/_vendor/cachecontrol/__init__.py", "Python", 16, 0, 0, 0, 0, 0, 0, 0, 0, 0, 0, 0, 7, 6, 29
"/home/david/DVHS Robotics/bubonic-corona/venv/lib64/python3.12/site-packages/pip/_vendor/cachecontrol/_cmd.py", "Python", 43, 0, 0, 0, 0, 0, 0, 0, 0, 0, 0, 0, 7, 21, 71
"/home/david/DVHS Robotics/bubonic-corona/venv/lib64/python3.12/site-packages/pip/_vendor/cachecontrol/adapter.py", "Python", 105, 0, 0, 0, 0, 0, 0, 0, 0, 0, 0, 0, 30, 27, 162
"/home/david/DVHS Robotics/bubonic-corona/venv/lib64/python3.12/site-packages/pip/_vendor/cachecontrol/cache.py", "Python", 36, 0, 0, 0, 0, 0, 0, 0, 0, 0, 0, 0, 21, 18, 75
"/home/david/DVHS Robotics/bubonic-corona/venv/lib64/python3.12/site-packages/pip/_vendor/cachecontrol/caches/__init__.py", "Python", 3, 0, 0, 0, 0, 0, 0, 0, 0, 0, 0, 0, 3, 3, 9
"/home/david/DVHS Robotics/bubonic-corona/venv/lib64/python3.12/site-packages/pip/_vendor/cachecontrol/caches/file_cache.py", "Python", 103, 0, 0, 0, 0, 0, 0, 0, 0, 0, 0, 0, 44, 36, 183
"/home/david/DVHS Robotics/bubonic-corona/venv/lib64/python3.12/site-packages/pip/_vendor/cachecontrol/caches/redis_cache.py", "Python", 31, 0, 0, 0, 0, 0, 0, 0, 0, 0, 0, 0, 6, 12, 49
"/home/david/DVHS Robotics/bubonic-corona/venv/lib64/python3.12/site-packages/pip/_vendor/cachecontrol/controller.py", "Python", 323, 0, 0, 0, 0, 0, 0, 0, 0, 0, 0, 0, 99, 78, 500
"/home/david/DVHS Robotics/bubonic-corona/venv/lib64/python3.12/site-packages/pip/_vendor/cachecontrol/filewrapper.py", "Python", 54, 0, 0, 0, 0, 0, 0, 0, 0, 0, 0, 0, 46, 20, 120
"/home/david/DVHS Robotics/bubonic-corona/venv/lib64/python3.12/site-packages/pip/_vendor/cachecontrol/heuristics.py", "Python", 85, 0, 0, 0, 0, 0, 0, 0, 0, 0, 0, 0, 35, 35, 155
"/home/david/DVHS Robotics/bubonic-corona/venv/lib64/python3.12/site-packages/pip/_vendor/cachecontrol/serialize.py", "Python", 96, 0, 0, 0, 0, 0, 0, 0, 0, 0, 0, 0, 26, 25, 147
"/home/david/DVHS Robotics/bubonic-corona/venv/lib64/python3.12/site-packages/pip/_vendor/cachecontrol/wrapper.py", "Python", 33, 0, 0, 0, 0, 0, 0, 0, 0, 0, 0, 0, 3, 8, 44
"/home/david/DVHS Robotics/bubonic-corona/venv/lib64/python3.12/site-packages/pip/_vendor/certifi/__init__.py", "Python", 3, 0, 0, 0, 0, 0, 0, 0, 0, 0, 0, 0, 0, 2, 5
"/home/david/DVHS Robotics/bubonic-corona/venv/lib64/python3.12/site-packages/pip/_vendor/certifi/__main__.py", "Python", 9, 0, 0, 0, 0, 0, 0, 0, 0, 0, 0, 0, 0, 4, 13
"/home/david/DVHS Robotics/bubonic-corona/venv/lib64/python3.12/site-packages/pip/_vendor/certifi/core.py", "Python", 57, 0, 0, 0, 0, 0, 0, 0, 0, 0, 0, 0, 44, 25, 126
"/home/david/DVHS Robotics/bubonic-corona/venv/lib64/python3.12/site-packages/pip/_vendor/distlib/__init__.py", "Python", 16, 0, 0, 0, 0, 0, 0, 0, 0, 0, 0, 0, 6, 12, 34
"/home/david/DVHS Robotics/bubonic-corona/venv/lib64/python3.12/site-packages/pip/_vendor/distlib/compat.py", "Python", 808, 0, 0, 0, 0, 0, 0, 0, 0, 0, 0, 0, 161, 170, 1139
"/home/david/DVHS Robotics/bubonic-corona/venv/lib64/python3.12/site-packages/pip/_vendor/distlib/database.py", "Python", 784, 0, 0, 0, 0, 0, 0, 0, 0, 0, 0, 0, 426, 150, 1360
"/home/david/DVHS Robotics/bubonic-corona/venv/lib64/python3.12/site-packages/pip/_vendor/distlib/index.py", "Python", 285, 0, 0, 0, 0, 0, 0, 0, 0, 0, 0, 0, 193, 31, 509
"/home/david/DVHS Robotics/bubonic-corona/venv/lib64/python3.12/site-packages/pip/_vendor/distlib/locators.py", "Python", 824, 0, 0, 0, 0, 0, 0, 0, 0, 0, 0, 0, 381, 99, 1304
"/home/david/DVHS Robotics/bubonic-corona/venv/lib64/python3.12/site-packages/pip/_vendor/distlib/manifest.py", "Python", 199, 0, 0, 0, 0, 0, 0, 0, 0, 0, 0, 0, 133, 53, 385
"/home/david/DVHS Robotics/bubonic-corona/venv/lib64/python3.12/site-packages/pip/_vendor/distlib/markers.py", "Python", 112, 0, 0, 0, 0, 0, 0, 0, 0, 0, 0, 0, 27, 29, 168
"/home/david/DVHS Robotics/bubonic-corona/venv/lib64/python3.12/site-packages/pip/_vendor/distlib/metadata.py", "Python", 786, 0, 0, 0, 0, 0, 0, 0, 0, 0, 0, 0, 135, 148, 1069
"/home/david/DVHS Robotics/bubonic-corona/venv/lib64/python3.12/site-packages/pip/_vendor/distlib/resources.py", "Python", 243, 0, 0, 0, 0, 0, 0, 0, 0, 0, 0, 0, 56, 60, 359
"/home/david/DVHS Robotics/bubonic-corona/venv/lib64/python3.12/site-packages/pip/_vendor/distlib/scripts.py", "Python", 332, 0, 0, 0, 0, 0, 0, 0, 0, 0, 0, 0, 88, 47, 467
"/home/david/DVHS Robotics/bubonic-corona/venv/lib64/python3.12/site-packages/pip/_vendor/distlib/util.py", "Python", 1417, 0, 0, 0, 0, 0, 0, 0, 0, 0, 0, 0, 334, 275, 2026
"/home/david/DVHS Robotics/bubonic-corona/venv/lib64/python3.12/site-packages/pip/_vendor/distlib/version.py", "Python", 488, 0, 0, 0, 0, 0, 0, 0, 0, 0, 0, 0, 137, 127, 752
"/home/david/DVHS Robotics/bubonic-corona/venv/lib64/python3.12/site-packages/pip/_vendor/distlib/wheel.py", "Python", 848, 0, 0, 0, 0, 0, 0, 0, 0, 0, 0, 0, 137, 115, 1100
"/home/david/DVHS Robotics/bubonic-corona/venv/lib64/python3.12/site-packages/pip/_vendor/distro/__init__.py", "Python", 52, 0, 0, 0, 0, 0, 0, 0, 0, 0, 0, 0, 0, 3, 55
"/home/david/DVHS Robotics/bubonic-corona/venv/lib64/python3.12/site-packages/pip/_vendor/distro/__main__.py", "Python", 3, 0, 0, 0, 0, 0, 0, 0, 0, 0, 0, 0, 0, 2, 5
"/home/david/DVHS Robotics/bubonic-corona/venv/lib64/python3.12/site-packages/pip/_vendor/distro/distro.py", "Python", 512, 0, 0, 0, 0, 0, 0, 0, 0, 0, 0, 0, 767, 125, 1404
"/home/david/DVHS Robotics/bubonic-corona/venv/lib64/python3.12/site-packages/pip/_vendor/idna/__init__.py", "Python", 43, 0, 0, 0, 0, 0, 0, 0, 0, 0, 0, 0, 0, 2, 45
"/home/david/DVHS Robotics/bubonic-corona/venv/lib64/python3.12/site-packages/pip/_vendor/idna/codec.py", "Python", 89, 0, 0, 0, 0, 0, 0, 0, 0, 0, 0, 0, 3, 27, 119
"/home/david/DVHS Robotics/bubonic-corona/venv/lib64/python3.12/site-packages/pip/_vendor/idna/compat.py", "Python", 9, 0, 0, 0, 0, 0, 0, 0, 0, 0, 0, 0, 0, 5, 14
"/home/david/DVHS Robotics/bubonic-corona/venv/lib64/python3.12/site-packages/pip/_vendor/idna/core.py", "Python", 310, 0, 0, 0, 0, 0, 0, 0, 0, 0, 0, 0, 13, 73, 396
"/home/david/DVHS Robotics/bubonic-corona/venv/lib64/python3.12/site-packages/pip/_vendor/idna/idnadata.py", "Python", 4243, 0, 0, 0, 0, 0, 0, 0, 0, 0, 0, 0, 1, 2, 4246
"/home/david/DVHS Robotics/bubonic-corona/venv/lib64/python3.12/site-packages/pip/_vendor/idna/intranges.py", "Python", 30, 0, 0, 0, 0, 0, 0, 0, 0, 0, 0, 0, 16, 9, 55
"/home/david/DVHS Robotics/bubonic-corona/venv/lib64/python3.12/site-packages/pip/_vendor/idna/package_data.py", "Python", 1, 0, 0, 0, 0, 0, 0, 0, 0, 0, 0, 0, 0, 2, 3
"/home/david/DVHS Robotics/bubonic-corona/venv/lib64/python3.12/site-packages/pip/_vendor/idna/uts46data.py", "Python", 8508, 0, 0, 0, 0, 0, 0, 0, 0, 0, 0, 0, 3, 88, 8599
"/home/david/DVHS Robotics/bubonic-corona/venv/lib64/python3.12/site-packages/pip/_vendor/msgpack/__init__.py", "Python", 24, 0, 0, 0, 0, 0, 0, 0, 0, 0, 0, 0, 17, 15, 56
"/home/david/DVHS Robotics/bubonic-corona/venv/lib64/python3.12/site-packages/pip/_vendor/msgpack/exceptions.py", "Python", 17, 0, 0, 0, 0, 0, 0, 0, 0, 0, 0, 0, 15, 17, 49
"/home/david/DVHS Robotics/bubonic-corona/venv/lib64/python3.12/site-packages/pip/_vendor/msgpack/ext.py", "Python", 77, 0, 0, 0, 0, 0, 0, 0, 0, 0, 0, 0, 72, 20, 169
"/home/david/DVHS Robotics/bubonic-corona/venv/lib64/python3.12/site-packages/pip/_vendor/msgpack/fallback.py", "Python", 672, 0, 0, 0, 0, 0, 0, 0, 0, 0, 0, 0, 201, 79, 952
"/home/david/DVHS Robotics/bubonic-corona/venv/lib64/python3.12/site-packages/pip/_vendor/packaging/__init__.py", "Python", 8, 0, 0, 0, 0, 0, 0, 0, 0, 0, 0, 0, 3, 5, 16
"/home/david/DVHS Robotics/bubonic-corona/venv/lib64/python3.12/site-packages/pip/_vendor/packaging/_elffile.py", "Python", 73, 0, 0, 0, 0, 0, 0, 0, 0, 0, 0, 0, 18, 20, 111
"/home/david/DVHS Robotics/bubonic-corona/venv/lib64/python3.12/site-packages/pip/_vendor/packaging/_manylinux.py", "Python", 155, 0, 0, 0, 0, 0, 0, 0, 0, 0, 0, 0, 72, 36, 263
"/home/david/DVHS Robotics/bubonic-corona/venv/lib64/python3.12/site-packages/pip/_vendor/packaging/_musllinux.py", "Python", 45, 0, 0, 0, 0, 0, 0, 0, 0, 0, 0, 0, 25, 16, 86
"/home/david/DVHS Robotics/bubonic-corona/venv/lib64/python3.12/site-packages/pip/_vendor/packaging/_parser.py", "Python", 224, 0, 0, 0, 0, 0, 0, 0, 0, 0, 0, 0, 51, 80, 355
"/home/david/DVHS Robotics/bubonic-corona/venv/lib64/python3.12/site-packages/pip/_vendor/packaging/_structures.py", "Python", 36, 0, 0, 0, 0, 0, 0, 0, 0, 0, 0, 0, 3, 23, 62
"/home/david/DVHS Robotics/bubonic-corona/venv/lib64/python3.12/site-packages/pip/_vendor/packaging/_tokenizer.py", "Python", 115, 0, 0, 0, 0, 0, 0, 0, 0, 0, 0, 0, 66, 14, 195
"/home/david/DVHS Robotics/bubonic-corona/venv/lib64/python3.12/site-packages/pip/_vendor/packaging/markers.py", "Python", 161, 0, 0, 0, 0, 0, 0, 0, 0, 0, 0, 0, 106, 59, 326
"/home/david/DVHS Robotics/bubonic-corona/venv/lib64/python3.12/site-packages/pip/_vendor/packaging/metadata.py", "Python", 451, 0, 0, 0, 0, 0, 0, 0, 0, 0, 0, 0, 261, 93, 805
"/home/david/DVHS Robotics/bubonic-corona/venv/lib64/python3.12/site-packages/pip/_vendor/packaging/requirements.py", "Python", 56, 0, 0, 0, 0, 0, 0, 0, 0, 0, 0, 0, 16, 20, 92
"/home/david/DVHS Robotics/bubonic-corona/venv/lib64/python3.12/site-packages/pip/_vendor/packaging/specifiers.py", "Python", 334, 0, 0, 0, 0, 0, 0, 0, 0, 0, 0, 0, 612, 64, 1010
"/home/david/DVHS Robotics/bubonic-corona/venv/lib64/python3.12/site-packages/pip/_vendor/packaging/tags.py", "Python", 354, 0, 0, 0, 0, 0, 0, 0, 0, 0, 0, 0, 133, 82, 569
"/home/david/DVHS Robotics/bubonic-corona/venv/lib64/python3.12/site-packages/pip/_vendor/packaging/utils.py", "Python", 106, 0, 0, 0, 0, 0, 0, 0, 0, 0, 0, 0, 30, 39, 175
"/home/david/DVHS Robotics/bubonic-corona/venv/lib64/python3.12/site-packages/pip/_vendor/packaging/version.py", "Python", 215, 0, 0, 0, 0, 0, 0, 0, 0, 0, 0, 0, 297, 52, 564
"/home/david/DVHS Robotics/bubonic-corona/venv/lib64/python3.12/site-packages/pip/_vendor/pkg_resources/__init__.py", "Python", 2097, 0, 0, 0, 0, 0, 0, 0, 0, 0, 0, 0, 1056, 524, 3677
"/home/david/DVHS Robotics/bubonic-corona/venv/lib64/python3.12/site-packages/pip/_vendor/platformdirs/__init__.py", "Python", 370, 0, 0, 0, 0, 0, 0, 0, 0, 0, 0, 0, 178, 80, 628
"/home/david/DVHS Robotics/bubonic-corona/venv/lib64/python3.12/site-packages/pip/_vendor/platformdirs/__main__.py", "Python", 41, 0, 0, 0, 0, 0, 0, 0, 0, 0, 0, 0, 2, 13, 56
"/home/david/DVHS Robotics/bubonic-corona/venv/lib64/python3.12/site-packages/pip/_vendor/platformdirs/android.py", "Python", 149, 0, 0, 0, 0, 0, 0, 0, 0, 0, 0, 0, 53, 48, 250
"/home/david/DVHS Robotics/bubonic-corona/venv/lib64/python3.12/site-packages/pip/_vendor/platformdirs/api.py", "Python", 157, 0, 0, 0, 0, 0, 0, 0, 0, 0, 0, 0, 87, 49, 293
"/home/david/DVHS Robotics/bubonic-corona/venv/lib64/python3.12/site-packages/pip/_vendor/platformdirs/macos.py", "Python", 66, 0, 0, 0, 0, 0, 0, 0, 0, 0, 0, 0, 41, 24, 131
"/home/david/DVHS Robotics/bubonic-corona/venv/lib64/python3.12/site-packages/pip/_vendor/platformdirs/unix.py", "Python", 150, 0, 0, 0, 0, 0, 0, 0, 0, 0, 0, 0, 82, 44, 276
"/home/david/DVHS Robotics/bubonic-corona/venv/lib64/python3.12/site-packages/pip/_vendor/platformdirs/version.py", "Python", 12, 0, 0, 0, 0, 0, 0, 0, 0, 0, 0, 0, 2, 3, 17
"/home/david/DVHS Robotics/bubonic-corona/venv/lib64/python3.12/site-packages/pip/_vendor/platformdirs/windows.py", "Python", 174, 0, 0, 0, 0, 0, 0, 0, 0, 0, 0, 0, 50, 49, 273
"/home/david/DVHS Robotics/bubonic-corona/venv/lib64/python3.12/site-packages/pip/_vendor/pygments/__init__.py", "Python", 29, 0, 0, 0, 0, 0, 0, 0, 0, 0, 0, 0, 45, 9, 83
"/home/david/DVHS Robotics/bubonic-corona/venv/lib64/python3.12/site-packages/pip/_vendor/pygments/__main__.py", "Python", 6, 0, 0, 0, 0, 0, 0, 0, 0, 0, 0, 0, 9, 3, 18
"/home/david/DVHS Robotics/bubonic-corona/venv/lib64/python3.12/site-packages/pip/_vendor/pygments/cmdline.py", "Python", 544, 0, 0, 0, 0, 0, 0, 0, 0, 0, 0, 0, 51, 74, 669
"/home/david/DVHS Robotics/bubonic-corona/venv/lib64/python3.12/site-packages/pip/_vendor/pygments/console.py", "Python", 40, 0, 0, 0, 0, 0, 0, 0, 0, 0, 0, 0, 17, 14, 71
"/home/david/DVHS Robotics/bubonic-corona/venv/lib64/python3.12/site-packages/pip/_vendor/pygments/filter.py", "Python", 25, 0, 0, 0, 0, 0, 0, 0, 0, 0, 0, 0, 33, 13, 71
"/home/david/DVHS Robotics/bubonic-corona/venv/lib64/python3.12/site-packages/pip/_vendor/pygments/filters/__init__.py", "Python", 756, 0, 0, 0, 0, 0, 0, 0, 0, 0, 0, 0, 133, 52, 941
"/home/david/DVHS Robotics/bubonic-corona/venv/lib64/python3.12/site-packages/pip/_vendor/pygments/formatter.py", "Python", 30, 0, 0, 0, 0, 0, 0, 0, 0, 0, 0, 0, 84, 16, 130
"/home/david/DVHS Robotics/bubonic-corona/venv/lib64/python3.12/site-packages/pip/_vendor/pygments/formatters/__init__.py", "Python", 85, 0, 0, 0, 0, 0, 0, 0, 0, 0, 0, 0, 49, 24, 158
"/home/david/DVHS Robotics/bubonic-corona/venv/lib64/python3.12/site-packages/pip/_vendor/pygments/formatters/_mapping.py", "Python", 20, 0, 0, 0, 0, 0, 0, 0, 0, 0, 0, 0, 2, 2, 24
"/home/david/DVHS Robotics/bubonic-corona/venv/lib64/python3.12/site-packages/pip/_vendor/pygments/formatters/bbcode.py", "Python", 56, 0, 0, 0, 0, 0, 0, 0, 0, 0, 0, 0, 38, 15, 109
"/home/david/DVHS Robotics/bubonic-corona/venv/lib64/python3.12/site-packages/pip/_vendor/pygments/formatters/groff.py", "Python", 106, 0, 0, 0, 0, 0, 0, 0, 0, 0, 0, 0, 30, 35, 171
"/home/david/DVHS Robotics/bubonic-corona/venv/lib64/python3.12/site-packages/pip/_vendor/pygments/formatters/html.py", "Python", 370, 0, 0, 0, 0, 0, 0, 0, 0, 0, 0, 0, 520, 98, 988
"/home/david/DVHS Robotics/bubonic-corona/venv/lib64/python3.12/site-packages/pip/_vendor/pygments/formatters/img.py", "Python", 387, 0, 0, 0, 0, 0, 0, 0, 0, 0, 0, 0, 232, 67, 686
"/home/david/DVHS Robotics/bubonic-corona/venv/lib64/python3.12/site-packages/pip/_vendor/pygments/formatters/irc.py", "Python", 85, 0, 0, 0, 0, 0, 0, 0, 0, 0, 0, 0, 52, 18, 155
"/home/david/DVHS Robotics/bubonic-corona/venv/lib64/python3.12/site-packages/pip/_vendor/pygments/formatters/latex.py", "Python", 208, 0, 0, 0, 0, 0, 0, 0, 0, 0, 0, 0, 260, 51, 519
"/home/david/DVHS Robotics/bubonic-corona/venv/lib64/python3.12/site-packages/pip/_vendor/pygments/formatters/other.py", "Python", 32, 0, 0, 0, 0, 0, 0, 0, 0, 0, 0, 0, 116, 13, 161
"/home/david/DVHS Robotics/bubonic-corona/venv/lib64/python3.12/site-packages/pip/_vendor/pygments/formatters/pangomarkup.py", "Python", 50, 0, 0, 0, 0, 0, 0, 0, 0, 0, 0, 0, 15, 19, 84
"/home/david/DVHS Robotics/bubonic-corona/venv/lib64/python3.12/site-packages/pip/_vendor/pygments/formatters/rtf.py", "Python", 23, 0, 0, 0, 0, 0, 0, 0, 0, 0, 0, 0, 319, 8, 350
"/home/david/DVHS Robotics/bubonic-corona/venv/lib64/python3.12/site-packages/pip/_vendor/pygments/formatters/svg.py", "Python", 95, 0, 0, 0, 0, 0, 0, 0, 0, 0, 0, 0, 75, 16, 186
"/home/david/DVHS Robotics/bubonic-corona/venv/lib64/python3.12/site-packages/pip/_vendor/pygments/formatters/terminal.py", "Python", 51, 0, 0, 0, 0, 0, 0, 0, 0, 0, 0, 0, 62, 15, 128
"/home/david/DVHS Robotics/bubonic-corona/venv/lib64/python3.12/site-packages/pip/_vendor/pygments/formatters/terminal256.py", "Python", 190, 0, 0, 0, 0, 0, 0, 0, 0, 0, 0, 0, 102, 47, 339
"/home/david/DVHS Robotics/bubonic-corona/venv/lib64/python3.12/site-packages/pip/_vendor/pygments/lexer.py", "Python", 524, 0, 0, 0, 0, 0, 0, 0, 0, 0, 0, 0, 326, 114, 964
"/home/david/DVHS Robotics/bubonic-corona/venv/lib64/python3.12/site-packages/pip/_vendor/pygments/lexers/__init__.py", "Python", 196, 0, 0, 0, 0, 0, 0, 0, 0, 0, 0, 0, 120, 47, 363
"/home/david/DVHS Robotics/bubonic-corona/venv/lib64/python3.12/site-packages/pip/_vendor/pygments/lexers/_mapping.py", "Python", 586, 0, 0, 0, 0, 0, 0, 0, 0, 0, 0, 0, 2, 2, 590
"/home/david/DVHS Robotics/bubonic-corona/venv/lib64/python3.12/site-packages/pip/_vendor/pygments/lexers/python.py", "Python", 997, 0, 0, 0, 0, 0, 0, 0, 0, 0, 0, 0, 144, 58, 1199
"/home/david/DVHS Robotics/bubonic-corona/venv/lib64/python3.12/site-packages/pip/_vendor/pygments/modeline.py", "Python", 22, 0, 0, 0, 0, 0, 0, 0, 0, 0, 0, 0, 12, 10, 44
"/home/david/DVHS Robotics/bubonic-corona/venv/lib64/python3.12/site-packages/pip/_vendor/pygments/plugin.py", "Python", 23, 0, 0, 0, 0, 0, 0, 0, 0, 0, 0, 0, 38, 12, 73
"/home/david/DVHS Robotics/bubonic-corona/venv/lib64/python3.12/site-packages/pip/_vendor/pygments/regexopt.py", "Python", 52, 0, 0, 0, 0, 0, 0, 0, 0, 0, 0, 0, 31, 9, 92
"/home/david/DVHS Robotics/bubonic-corona/venv/lib64/python3.12/site-packages/pip/_vendor/pygments/scanner.py", "Python", 44, 0, 0, 0, 0, 0, 0, 0, 0, 0, 0, 0, 49, 12, 105
"/home/david/DVHS Robotics/bubonic-corona/venv/lib64/python3.12/site-packages/pip/_vendor/pygments/sphinxext.py", "Python", 181, 0, 0, 0, 0, 0, 0, 0, 0, 0, 0, 0, 20, 47, 248
"/home/david/DVHS Robotics/bubonic-corona/venv/lib64/python3.12/site-packages/pip/_vendor/pygments/style.py", "Python", 148, 0, 0, 0, 0, 0, 0, 0, 0, 0, 0, 0, 28, 28, 204
"/home/david/DVHS Robotics/bubonic-corona/venv/lib64/python3.12/site-packages/pip/_vendor/pygments/styles/__init__.py", "Python", 31, 0, 0, 0, 0, 0, 0, 0, 0, 0, 0, 0, 22, 9, 62
"/home/david/DVHS Robotics/bubonic-corona/venv/lib64/python3.12/site-packages/pip/_vendor/pygments/styles/_mapping.py", "Python", 51, 0, 0, 0, 0, 0, 0, 0, 0, 0, 0, 0, 2, 2, 55
"/home/david/DVHS Robotics/bubonic-corona/venv/lib64/python3.12/site-packages/pip/_vendor/pygments/token.py", "Python", 142, 0, 0, 0, 0, 0, 0, 0, 0, 0, 0, 0, 41, 32, 215
"/home/david/DVHS Robotics/bubonic-corona/venv/lib64/python3.12/site-packages/pip/_vendor/pygments/unistring.py", "Python", 85, 0, 0, 0, 0, 0, 0, 0, 0, 0, 0, 0, 18, 51, 154
"/home/david/DVHS Robotics/bubonic-corona/venv/lib64/python3.12/site-packages/pip/_vendor/pygments/util.py", "Python", 179, 0, 0, 0, 0, 0, 0, 0, 0, 0, 0, 0, 117, 29, 325
"/home/david/DVHS Robotics/bubonic-corona/venv/lib64/python3.12/site-packages/pip/_vendor/pyproject_hooks/__init__.py", "Python", 19, 0, 0, 0, 0, 0, 0, 0, 0, 0, 0, 0, 2, 3, 24
"/home/david/DVHS Robotics/bubonic-corona/venv/lib64/python3.12/site-packages/pip/_vendor/pyproject_hooks/_compat.py", "Python", 6, 0, 0, 0, 0, 0, 0, 0, 0, 0, 0, 0, 0, 3, 9
"/home/david/DVHS Robotics/bubonic-corona/venv/lib64/python3.12/site-packages/pip/_vendor/pyproject_hooks/_impl.py", "Python", 164, 0, 0, 0, 0, 0, 0, 0, 0, 0, 0, 0, 124, 43, 331
"/home/david/DVHS Robotics/bubonic-corona/venv/lib64/python3.12/site-packages/pip/_vendor/pyproject_hooks/_in_process/__init__.py", "Python", 10, 0, 0, 0, 0, 0, 0, 0, 0, 0, 0, 0, 6, 3, 19
"/home/david/DVHS Robotics/bubonic-corona/venv/lib64/python3.12/site-packages/pip/_vendor/pyproject_hooks/_in_process/_in_process.py", "Python", 215, 0, 0, 0, 0, 0, 0, 0, 0, 0, 0, 0, 76, 63, 354
"/home/david/DVHS Robotics/bubonic-corona/venv/lib64/python3.12/site-packages/pip/_vendor/requests/__init__.py", "Python", 97, 0, 0, 0, 0, 0, 0, 0, 0, 0, 0, 0, 56, 27, 180
"/home/david/DVHS Robotics/bubonic-corona/venv/lib64/python3.12/site-packages/pip/_vendor/requests/__version__.py", "Python", 10, 0, 0, 0, 0, 0, 0, 0, 0, 0, 0, 0, 3, 2, 15
"/home/david/DVHS Robotics/bubonic-corona/venv/lib64/python3.12/site-packages/pip/_vendor/requests/_internal_utils.py", "Python", 25, 0, 0, 0, 0, 0, 0, 0, 0, 0, 0, 0, 17, 9, 51
"/home/david/DVHS Robotics/bubonic-corona/venv/lib64/python3.12/site-packages/pip/_vendor/requests/adapters.py", "Python", 391, 0, 0, 0, 0, 0, 0, 0, 0, 0, 0, 0, 247, 82, 720
"/home/david/DVHS Robotics/bubonic-corona/venv/lib64/python3.12/site-packages/pip/_vendor/requests/api.py", "Python", 53, 0, 0, 0, 0, 0, 0, 0, 0, 0, 0, 0, 92, 13, 158
"/home/david/DVHS Robotics/bubonic-corona/venv/lib64/python3.12/site-packages/pip/_vendor/requests/auth.py", "Python", 205, 0, 0, 0, 0, 0, 0, 0, 0, 0, 0, 0, 47, 63, 315
"/home/david/DVHS Robotics/bubonic-corona/venv/lib64/python3.12/site-packages/pip/_vendor/requests/certs.py", "Python", 8, 0, 0, 0, 0, 0, 0, 0, 0, 0, 0, 0, 12, 5, 25
"/home/david/DVHS Robotics/bubonic-corona/venv/lib64/python3.12/site-packages/pip/_vendor/requests/compat.py", "Python", 40, 0, 0, 0, 0, 0, 0, 0, 0, 0, 0, 0, 24, 15, 79
"/home/david/DVHS Robotics/bubonic-corona/venv/lib64/python3.12/site-packages/pip/_vendor/requests/cookies.py", "Python", 292, 0, 0, 0, 0, 0, 0, 0, 0, 0, 0, 0, 188, 82, 562
"/home/david/DVHS Robotics/bubonic-corona/venv/lib64/python3.12/site-packages/pip/_vendor/requests/exceptions.py", "Python", 39, 0, 0, 0, 0, 0, 0, 0, 0, 0, 0, 0, 56, 57, 152
"/home/david/DVHS Robotics/bubonic-corona/venv/lib64/python3.12/site-packages/pip/_vendor/requests/help.py", "Python", 95, 0, 0, 0, 0, 0, 0, 0, 0, 0, 0, 0, 13, 20, 128
"/home/david/DVHS Robotics/bubonic-corona/venv/lib64/python3.12/site-packages/pip/_vendor/requests/hooks.py", "Python", 14, 0, 0, 0, 0, 0, 0, 0, 0, 0, 0, 0, 13, 7, 34
"/home/david/DVHS Robotics/bubonic-corona/venv/lib64/python3.12/site-packages/pip/_vendor/requests/models.py", "Python", 594, 0, 0, 0, 0, 0, 0, 0, 0, 0, 0, 0, 292, 152, 1038
"/home/david/DVHS Robotics/bubonic-corona/venv/lib64/python3.12/site-packages/pip/_vendor/requests/packages.py", "Python", 17, 0, 0, 0, 0, 0, 0, 0, 0, 0, 0, 0, 4, 5, 26
"/home/david/DVHS Robotics/bubonic-corona/venv/lib64/python3.12/site-packages/pip/_vendor/requests/sessions.py", "Python", 366, 0, 0, 0, 0, 0, 0, 0, 0, 0, 0, 0, 369, 97, 832
"/home/david/DVHS Robotics/bubonic-corona/venv/lib64/python3.12/site-packages/pip/_vendor/requests/status_codes.py", "Python", 15, 0, 0, 0, 0, 0, 0, 0, 0, 0, 0, 0, 111, 3, 129
"/home/david/DVHS Robotics/bubonic-corona/venv/lib64/python3.12/site-packages/pip/_vendor/requests/structures.py", "Python", 40, 0, 0, 0, 0, 0, 0, 0, 0, 0, 0, 0, 38, 22, 100
"/home/david/DVHS Robotics/bubonic-corona/venv/lib64/python3.12/site-packages/pip/_vendor/requests/utils.py", "Python", 506, 0, 0, 0, 0, 0, 0, 0, 0, 0, 0, 0, 442, 149, 1097
"/home/david/DVHS Robotics/bubonic-corona/venv/lib64/python3.12/site-packages/pip/_vendor/resolvelib/__init__.py", "Python", 23, 0, 0, 0, 0, 0, 0, 0, 0, 0, 0, 0, 0, 4, 27
"/home/david/DVHS Robotics/bubonic-corona/venv/lib64/python3.12/site-packages/pip/_vendor/resolvelib/compat/__init__.py", "Python", 0, 0, 0, 0, 0, 0, 0, 0, 0, 0, 0, 0, 0, 1, 1
"/home/david/DVHS Robotics/bubonic-corona/venv/lib64/python3.12/site-packages/pip/_vendor/resolvelib/compat/collections_abc.py", "Python", 5, 0, 0, 0, 0, 0, 0, 0, 0, 0, 0, 0, 0, 2, 7
"/home/david/DVHS Robotics/bubonic-corona/venv/lib64/python3.12/site-packages/pip/_vendor/resolvelib/providers.py", "Python", 25, 0, 0, 0, 0, 0, 0, 0, 0, 0, 0, 0, 98, 11, 134
"/home/david/DVHS Robotics/bubonic-corona/venv/lib64/python3.12/site-packages/pip/_vendor/resolvelib/reporters.py", "Python", 9, 0, 0, 0, 0, 0, 0, 0, 0, 0, 0, 0, 26, 9, 44
"/home/david/DVHS Robotics/bubonic-corona/venv/lib64/python3.12/site-packages/pip/_vendor/resolvelib/resolvers.py", "Python", 335, 0, 0, 0, 0, 0, 0, 0, 0, 0, 0, 0, 132, 81, 548
"/home/david/DVHS Robotics/bubonic-corona/venv/lib64/python3.12/site-packages/pip/_vendor/resolvelib/structs.py", "Python", 109, 0, 0, 0, 0, 0, 0, 0, 0, 0, 0, 0, 21, 41, 171
"/home/david/DVHS Robotics/bubonic-corona/venv/lib64/python3.12/site-packages/pip/_vendor/rich/__init__.py", "Python", 68, 0, 0, 0, 0, 0, 0, 0, 0, 0, 0, 0, 90, 20, 178
"/home/david/DVHS Robotics/bubonic-corona/venv/lib64/python3.12/site-packages/pip/_vendor/rich/__main__.py", "Python", 230, 0, 0, 0, 0, 0, 0, 0, 0, 0, 0, 0, 10, 34, 274
"/home/david/DVHS Robotics/bubonic-corona/venv/lib64/python3.12/site-packages/pip/_vendor/rich/_cell_widths.py", "Python", 452, 0, 0, 0, 0, 0, 0, 0, 0, 0, 0, 0, 1, 2, 455
"/home/david/DVHS Robotics/bubonic-corona/venv/lib64/python3.12/site-packages/pip/_vendor/rich/_emoji_codes.py", "Python", 3610, 0, 0, 0, 0, 0, 0, 0, 0, 0, 0, 0, 0, 1, 3611
"/home/david/DVHS Robotics/bubonic-corona/venv/lib64/python3.12/site-packages/pip/_vendor/rich/_emoji_replace.py", "Python", 24, 0, 0, 0, 0, 0, 0, 0, 0, 0, 0, 0, 1, 8, 33
"/home/david/DVHS Robotics/bubonic-corona/venv/lib64/python3.12/site-packages/pip/_vendor/rich/_export_format.py", "Python", 74, 0, 0, 0, 0, 0, 0, 0, 0, 0, 0, 0, 0, 3, 77
"/home/david/DVHS Robotics/bubonic-corona/venv/lib64/python3.12/site-packages/pip/_vendor/rich/_extension.py", "Python", 6, 0, 0, 0, 0, 0, 0, 0, 0, 0, 0, 0, 1, 4, 11
"/home/david/DVHS Robotics/bubonic-corona/venv/lib64/python3.12/site-packages/pip/_vendor/rich/_fileno.py", "Python", 10, 0, 0, 0, 0, 0, 0, 0, 0, 0, 0, 0, 11, 4, 25
"/home/david/DVHS Robotics/bubonic-corona/venv/lib64/python3.12/site-packages/pip/_vendor/rich/_inspect.py", "Python", 189, 0, 0, 0, 0, 0, 0, 0, 0, 0, 0, 0, 46, 36, 271
"/home/david/DVHS Robotics/bubonic-corona/venv/lib64/python3.12/site-packages/pip/_vendor/rich/_log_render.py", "Python", 81, 0, 0, 0, 0, 0, 0, 0, 0, 0, 0, 0, 0, 14, 95
"/home/david/DVHS Robotics/bubonic-corona/venv/lib64/python3.12/site-packages/pip/_vendor/rich/_loop.py", "Python", 33, 0, 0, 0, 0, 0, 0, 0, 0, 0, 0, 0, 3, 8, 44
"/home/david/DVHS Robotics/bubonic-corona/venv/lib64/python3.12/site-packages/pip/_vendor/rich/_null_file.py", "Python", 47, 0, 0, 0, 0, 0, 0, 0, 0, 0, 0, 0, 0, 23, 70
"/home/david/DVHS Robotics/bubonic-corona/venv/lib64/python3.12/site-packages/pip/_vendor/rich/_palettes.py", "Python", 301, 0, 0, 0, 0, 0, 0, 0, 0, 0, 0, 0, 3, 6, 310
"/home/david/DVHS Robotics/bubonic-corona/venv/lib64/python3.12/site-packages/pip/_vendor/rich/_pick.py", "Python", 7, 0, 0, 0, 0, 0, 0, 0, 0, 0, 0, 0, 8, 3, 18
"/home/david/DVHS Robotics/bubonic-corona/venv/lib64/python3.12/site-packages/pip/_vendor/rich/_ratio.py", "Python", 92, 0, 0, 0, 0, 0, 0, 0, 0, 0, 0, 0, 49, 19, 160
"/home/david/DVHS Robotics/bubonic-corona/venv/lib64/python3.12/site-packages/pip/_vendor/rich/_spinners.py", "Python", 461, 0, 0, 0, 0, 0, 0, 0, 0, 0, 0, 0, 20, 2, 483
"/home/david/DVHS Robotics/bubonic-corona/venv/lib64/python3.12/site-packages/pip/_vendor/rich/_stack.py", "Python", 8, 0, 0, 0, 0, 0, 0, 0, 0, 0, 0, 0, 3, 6, 17
"/home/david/DVHS Robotics/bubonic-corona/venv/lib64/python3.12/site-packages/pip/_vendor/rich/_timer.py", "Python", 10, 0, 0, 0, 0, 0, 0, 0, 0, 0, 0, 0, 5, 5, 20
"/home/david/DVHS Robotics/bubonic-corona/venv/lib64/python3.12/site-packages/pip/_vendor/rich/_win32_console.py", "Python", 391, 0, 0, 0, 0, 0, 0, 0, 0, 0, 0, 0, 173, 99, 663
"/home/david/DVHS Robotics/bubonic-corona/venv/lib64/python3.12/site-packages/pip/_vendor/rich/_windows.py", "Python", 48, 0, 0, 0, 0, 0, 0, 0, 0, 0, 0, 0, 9, 15, 72
"/home/david/DVHS Robotics/bubonic-corona/venv/lib64/python3.12/site-packages/pip/_vendor/rich/_windows_renderer.py", "Python", 47, 0, 0, 0, 0, 0, 0, 0, 0, 0, 0, 0, 6, 4, 57
"/home/david/DVHS Robotics/bubonic-corona/venv/lib64/python3.12/site-packages/pip/_vendor/rich/_wrap.py", "Python", 54, 0, 0, 0, 0, 0, 0, 0, 0, 0, 0, 0, 24, 16, 94
"/home/david/DVHS Robotics/bubonic-corona/venv/lib64/python3.12/site-packages/pip/_vendor/rich/abc.py", "Python", 15, 0, 0, 0, 0, 0, 0, 0, 0, 0, 0, 0, 10, 9, 34
"/home/david/DVHS Robotics/bubonic-corona/venv/lib64/python3.12/site-packages/pip/_vendor/rich/align.py", "Python", 248, 0, 0, 0, 0, 0, 0, 0, 0, 0, 0, 0, 30, 34, 312
"/home/david/DVHS Robotics/bubonic-corona/venv/lib64/python3.12/site-packages/pip/_vendor/rich/ansi.py", "Python", 40, 0, 0, 0, 0, 0, 0, 0, 0, 0, 0, 0, 193, 8, 241
"/home/david/DVHS Robotics/bubonic-corona/venv/lib64/python3.12/site-packages/pip/_vendor/rich/bar.py", "Python", 62, 0, 0, 0, 0, 0, 0, 0, 0, 0, 0, 0, 15, 17, 94
"/home/david/DVHS Robotics/bubonic-corona/venv/lib64/python3.12/site-packages/pip/_vendor/rich/box.py", "Python", 359, 0, 0, 0, 0, 0, 0, 0, 0, 0, 0, 0, 69, 53, 481
"/home/david/DVHS Robotics/bubonic-corona/venv/lib64/python3.12/site-packages/pip/_vendor/rich/cells.py", "Python", 92, 0, 0, 0, 0, 0, 0, 0, 0, 0, 0, 0, 48, 28, 168
"/home/david/DVHS Robotics/bubonic-corona/venv/lib64/python3.12/site-packages/pip/_vendor/rich/color.py", "Python", 537, 0, 0, 0, 0, 0, 0, 0, 0, 0, 0, 0, 57, 28, 622
"/home/david/DVHS Robotics/bubonic-corona/venv/lib64/python3.12/site-packages/pip/_vendor/rich/color_triplet.py", "Python", 17, 0, 0, 0, 0, 0, 0, 0, 0, 0, 0, 0, 15, 7, 39
"/home/david/DVHS Robotics/bubonic-corona/venv/lib64/python3.12/site-packages/pip/_vendor/rich/columns.py", "Python", 150, 0, 0, 0, 0, 0, 0, 0, 0, 0, 0, 0, 19, 19, 188
"/home/david/DVHS Robotics/bubonic-corona/venv/lib64/python3.12/site-packages/pip/_vendor/rich/console.py", "Python", 1616, 0, 0, 0, 0, 0, 0, 0, 0, 0, 0, 0, 761, 257, 2634
"/home/david/DVHS Robotics/bubonic-corona/venv/lib64/python3.12/site-packages/pip/_vendor/rich/constrain.py", "Python", 24, 0, 0, 0, 0, 0, 0, 0, 0, 0, 0, 0, 6, 8, 38
"/home/david/DVHS Robotics/bubonic-corona/venv/lib64/python3.12/site-packages/pip/_vendor/rich/containers.py", "Python", 128, 0, 0, 0, 0, 0, 0, 0, 0, 0, 0, 0, 13, 27, 168
"/home/david/DVHS Robotics/bubonic-corona/venv/lib64/python3.12/site-packages/pip/_vendor/rich/control.py", "Python", 132, 0, 0, 0, 0, 0, 0, 0, 0, 0, 0, 0, 62, 32, 226
"/home/david/DVHS Robotics/bubonic-corona/venv/lib64/python3.12/site-packages/pip/_vendor/rich/default_styles.py", "Python", 181, 0, 0, 0, 0, 0, 0, 0, 0, 0, 0, 0, 0, 10, 191
"/home/david/DVHS Robotics/bubonic-corona/venv/lib64/python3.12/site-packages/pip/_vendor/rich/diagnose.py", "Python", 29, 0, 0, 0, 0, 0, 0, 0, 0, 0, 0, 0, 1, 8, 38
"/home/david/DVHS Robotics/bubonic-corona/venv/lib64/python3.12/site-packages/pip/_vendor/rich/emoji.py", "Python", 56, 0, 0, 0, 0, 0, 0, 0, 0, 0, 0, 0, 18, 23, 97
"/home/david/DVHS Robotics/bubonic-corona/venv/lib64/python3.12/site-packages/pip/_vendor/rich/errors.py", "Python", 9, 0, 0, 0, 0, 0, 0, 0, 0, 0, 0, 0, 9, 17, 35
"/home/david/DVHS Robotics/bubonic-corona/venv/lib64/python3.12/site-packages/pip/_vendor/rich/file_proxy.py", "Python", 45, 0, 0, 0, 0, 0, 0, 0, 0, 0, 0, 0, 2, 11, 58
"/home/david/DVHS Robotics/bubonic-corona/venv/lib64/python3.12/site-packages/pip/_vendor/rich/filesize.py", "Python", 43, 0, 0, 0, 0, 0, 0, 0, 0, 0, 0, 0, 37, 10, 90
"/home/david/DVHS Robotics/bubonic-corona/venv/lib64/python3.12/site-packages/pip/_vendor/rich/highlighter.py", "Python", 120, 0, 0, 0, 0, 0, 0, 0, 0, 0, 0, 0, 77, 36, 233
"/home/david/DVHS Robotics/bubonic-corona/venv/lib64/python3.12/site-packages/pip/_vendor/rich/json.py", "Python", 94, 0, 0, 0, 0, 0, 0, 0, 0, 0, 0, 0, 32, 14, 140
"/home/david/DVHS Robotics/bubonic-corona/venv/lib64/python3.12/site-packages/pip/_vendor/rich/jupyter.py", "Python", 72, 0, 0, 0, 0, 0, 0, 0, 0, 0, 0, 0, 7, 23, 102
"/home/david/DVHS Robotics/bubonic-corona/venv/lib64/python3.12/site-packages/pip/_vendor/rich/layout.py", "Python", 291, 0, 0, 0, 0, 0, 0, 0, 0, 0, 0, 0, 80, 72, 443
"/home/david/DVHS Robotics/bubonic-corona/venv/lib64/python3.12/site-packages/pip/_vendor/rich/live.py", "Python", 287, 0, 0, 0, 0, 0, 0, 0, 0, 0, 0, 0, 44, 45, 376
"/home/david/DVHS Robotics/bubonic-corona/venv/lib64/python3.12/site-packages/pip/_vendor/rich/live_render.py", "Python", 78, 0, 0, 0, 0, 0, 0, 0, 0, 0, 0, 0, 21, 14, 113
"/home/david/DVHS Robotics/bubonic-corona/venv/lib64/python3.12/site-packages/pip/_vendor/rich/logging.py", "Python", 202, 0, 0, 0, 0, 0, 0, 0, 0, 0, 0, 0, 63, 25, 290
"/home/david/DVHS Robotics/bubonic-corona/venv/lib64/python3.12/site-packages/pip/_vendor/rich/markup.py", "Python", 174, 0, 0, 0, 0, 0, 0, 0, 0, 0, 0, 0, 38, 40, 252
"/home/david/DVHS Robotics/bubonic-corona/venv/lib64/python3.12/site-packages/pip/_vendor/rich/measure.py", "Python", 80, 0, 0, 0, 0, 0, 0, 0, 0, 0, 0, 0, 58, 14, 152
"/home/david/DVHS Robotics/bubonic-corona/venv/lib64/python3.12/site-packages/pip/_vendor/rich/padding.py", "Python", 103, 0, 0, 0, 0, 0, 0, 0, 0, 0, 0, 0, 22, 17, 142
"/home/david/DVHS Robotics/bubonic-corona/venv/lib64/python3.12/site-packages/pip/_vendor/rich/pager.py", "Python", 16, 0, 0, 0, 0, 0, 0, 0, 0, 0, 0, 0, 8, 11, 35
"/home/david/DVHS Robotics/bubonic-corona/venv/lib64/python3.12/site-packages/pip/_vendor/rich/palette.py", "Python", 74, 0, 0, 0, 0, 0, 0, 0, 0, 0, 0, 0, 11, 16, 101
"/home/david/DVHS Robotics/bubonic-corona/venv/lib64/python3.12/site-packages/pip/_vendor/rich/panel.py", "Python", 253, 0, 0, 0, 0, 0, 0, 0, 0, 0, 0, 0, 32, 28, 313
"/home/david/DVHS Robotics/bubonic-corona/venv/lib64/python3.12/site-packages/pip/_vendor/rich/pretty.py", "Python", 747, 0, 0, 0, 0, 0, 0, 0, 0, 0, 0, 0, 148, 101, 996
"/home/david/DVHS Robotics/bubonic-corona/venv/lib64/python3.12/site-packages/pip/_vendor/rich/progress.py", "Python", 1126, 0, 0, 0, 0, 0, 0, 0, 0, 0, 0, 0, 366, 208, 1700
"/home/david/DVHS Robotics/bubonic-corona/venv/lib64/python3.12/site-packages/pip/_vendor/rich/progress_bar.py", "Python", 162, 0, 0, 0, 0, 0, 0, 0, 0, 0, 0, 0, 38, 24, 224
"/home/david/DVHS Robotics/bubonic-corona/venv/lib64/python3.12/site-packages/pip/_vendor/rich/prompt.py", "Python", 202, 0, 0, 0, 0, 0, 0, 0, 0, 0, 0, 0, 120, 54, 376
"/home/david/DVHS Robotics/bubonic-corona/venv/lib64/python3.12/site-packages/pip/_vendor/rich/protocol.py", "Python", 24, 0, 0, 0, 0, 0, 0, 0, 0, 0, 0, 0, 10, 9, 43
"/home/david/DVHS Robotics/bubonic-corona/venv/lib64/python3.12/site-packages/pip/_vendor/rich/region.py", "Python", 6, 0, 0, 0, 0, 0, 0, 0, 0, 0, 0, 0, 1, 4, 11
"/home/david/DVHS Robotics/bubonic-corona/venv/lib64/python3.12/site-packages/pip/_vendor/rich/repr.py", "Python", 112, 0, 0, 0, 0, 0, 0, 0, 0, 0, 0, 0, 4, 34, 150
"/home/david/DVHS Robotics/bubonic-corona/venv/lib64/python3.12/site-packages/pip/_vendor/rich/rule.py", "Python", 101, 0, 0, 0, 0, 0, 0, 0, 0, 0, 0, 0, 9, 21, 131
"/home/david/DVHS Robotics/bubonic-corona/venv/lib64/python3.12/site-packages/pip/_vendor/rich/scope.py", "Python", 60, 0, 0, 0, 0, 0, 0, 0, 0, 0, 0, 0, 15, 12, 87
"/home/david/DVHS Robotics/bubonic-corona/venv/lib64/python3.12/site-packages/pip/_vendor/rich/screen.py", "Python", 39, 0, 0, 0, 0, 0, 0, 0, 0, 0, 0, 0, 6, 10, 55
"/home/david/DVHS Robotics/bubonic-corona/venv/lib64/python3.12/site-packages/pip/_vendor/rich/segment.py", "Python", 466, 0, 0, 0, 0, 0, 0, 0, 0, 0, 0, 0, 200, 73, 739
"/home/david/DVHS Robotics/bubonic-corona/venv/lib64/python3.12/site-packages/pip/_vendor/rich/spinner.py", "Python", 94, 0, 0, 0, 0, 0, 0, 0, 0, 0, 0, 0, 26, 18, 138
"/home/david/DVHS Robotics/bubonic-corona/venv/lib64/python3.12/site-packages/pip/_vendor/rich/status.py", "Python", 94, 0, 0, 0, 0, 0, 0, 0, 0, 0, 0, 0, 21, 17, 132
"/home/david/DVHS Robotics/bubonic-corona/venv/lib64/python3.12/site-packages/pip/_vendor/rich/style.py", "Python", 573, 0, 0, 0, 0, 0, 0, 0, 0, 0, 0, 0, 155, 69, 797
"/home/david/DVHS Robotics/bubonic-corona/venv/lib64/python3.12/site-packages/pip/_vendor/rich/styled.py", "Python", 26, 0, 0, 0, 0, 0, 0, 0, 0, 0, 0, 0, 6, 11, 43
"/home/david/DVHS Robotics/bubonic-corona/venv/lib64/python3.12/site-packages/pip/_vendor/rich/syntax.py", "Python", 718, 0, 0, 0, 0, 0, 0, 0, 0, 0, 0, 0, 151, 90, 959
"/home/david/DVHS Robotics/bubonic-corona/venv/lib64/python3.12/site-packages/pip/_vendor/rich/table.py", "Python", 740, 0, 0, 0, 0, 0, 0, 0, 0, 0, 0, 0, 151, 110, 1001
"/home/david/DVHS Robotics/bubonic-corona/venv/lib64/python3.12/site-packages/pip/_vendor/rich/terminal_theme.py", "Python", 135, 0, 0, 0, 0, 0, 0, 0, 0, 0, 0, 0, 9, 10, 154
"/home/david/DVHS Robotics/bubonic-corona/venv/lib64/python3.12/site-packages/pip/_vendor/rich/text.py", "Python", 885, 0, 0, 0, 0, 0, 0, 0, 0, 0, 0, 0, 339, 134, 1358
"/home/david/DVHS Robotics/bubonic-corona/venv/lib64/python3.12/site-packages/pip/_vendor/rich/theme.py", "Python", 58, 0, 0, 0, 0, 0, 0, 0, 0, 0, 0, 0, 40, 18, 116
"/home/david/DVHS Robotics/bubonic-corona/venv/lib64/python3.12/site-packages/pip/_vendor/rich/themes.py", "Python", 3, 0, 0, 0, 0, 0, 0, 0, 0, 0, 0, 0, 0, 3, 6
"/home/david/DVHS Robotics/bubonic-corona/venv/lib64/python3.12/site-packages/pip/_vendor/rich/traceback.py", "Python", 573, 0, 0, 0, 0, 0, 0, 0, 0, 0, 0, 0, 112, 69, 754
"/home/david/DVHS Robotics/bubonic-corona/venv/lib64/python3.12/site-packages/pip/_vendor/rich/tree.py", "Python", 191, 0, 0, 0, 0, 0, 0, 0, 0, 0, 0, 0, 28, 31, 250
"/home/david/DVHS Robotics/bubonic-corona/venv/lib64/python3.12/site-packages/pip/_vendor/tomli/__init__.py", "Python", 4, 0, 0, 0, 0, 0, 0, 0, 0, 0, 0, 0, 4, 4, 12
"/home/david/DVHS Robotics/bubonic-corona/venv/lib64/python3.12/site-packages/pip/_vendor/tomli/_parser.py", "Python", 522, 0, 0, 0, 0, 0, 0, 0, 0, 0, 0, 0, 59, 111, 692
"/home/david/DVHS Robotics/bubonic-corona/venv/lib64/python3.12/site-packages/pip/_vendor/tomli/_re.py", "Python", 32, 0, 0, 0, 0, 0, 0, 0, 0, 0, 0, 0, 70, 6, 108
"/home/david/DVHS Robotics/bubonic-corona/venv/lib64/python3.12/site-packages/pip/_vendor/tomli/_types.py", "Python", 4, 0, 0, 0, 0, 0, 0, 0, 0, 0, 0, 0, 4, 3, 11
"/home/david/DVHS Robotics/bubonic-corona/venv/lib64/python3.12/site-packages/pip/_vendor/truststore/__init__.py", "Python", 7, 0, 0, 0, 0, 0, 0, 0, 0, 0, 0, 0, 1, 6, 14
"/home/david/DVHS Robotics/bubonic-corona/venv/lib64/python3.12/site-packages/pip/_vendor/truststore/_api.py", "Python", 228, 0, 0, 0, 0, 0, 0, 0, 0, 0, 0, 0, 24, 62, 314
"/home/david/DVHS Robotics/bubonic-corona/venv/lib64/python3.12/site-packages/pip/_vendor/truststore/_macos.py", "Python", 367, 0, 0, 0, 0, 0, 0, 0, 0, 0, 0, 0, 50, 83, 500
"/home/david/DVHS Robotics/bubonic-corona/venv/lib64/python3.12/site-packages/pip/_vendor/truststore/_openssl.py", "Python", 36, 0, 0, 0, 0, 0, 0, 0, 0, 0, 0, 0, 21, 10, 67
"/home/david/DVHS Robotics/bubonic-corona/venv/lib64/python3.12/site-packages/pip/_vendor/truststore/_ssl_constants.py", "Python", 17, 0, 0, 0, 0, 0, 0, 0, 0, 0, 0, 0, 7, 8, 32
"/home/david/DVHS Robotics/bubonic-corona/venv/lib64/python3.12/site-packages/pip/_vendor/truststore/_windows.py", "Python", 455, 0, 0, 0, 0, 0, 0, 0, 0, 0, 0, 0, 26, 84, 565
"/home/david/DVHS Robotics/bubonic-corona/venv/lib64/python3.12/site-packages/pip/_vendor/typing_extensions.py", "Python", 2111, 0, 0, 0, 0, 0, 0, 0, 0, 0, 0, 0, 1112, 419, 3642
"/home/david/DVHS Robotics/bubonic-corona/venv/lib64/python3.12/site-packages/pip/_vendor/urllib3/__init__.py", "Python", 61, 0, 0, 0, 0, 0, 0, 0, 0, 0, 0, 0, 27, 15, 103
"/home/david/DVHS Robotics/bubonic-corona/venv/lib64/python3.12/site-packages/pip/_vendor/urllib3/_collections.py", "Python", 210, 0, 0, 0, 0, 0, 0, 0, 0, 0, 0, 0, 87, 59, 356
"/home/david/DVHS Robotics/bubonic-corona/venv/lib64/python3.12/site-packages/pip/_vendor/urllib3/_version.py", "Python", 1, 0, 0, 0, 0, 0, 0, 0, 0, 0, 0, 0, 1, 1, 3
"/home/david/DVHS Robotics/bubonic-corona/venv/lib64/python3.12/site-packages/pip/_vendor/urllib3/connection.py", "Python", 366, 0, 0, 0, 0, 0, 0, 0, 0, 0, 0, 0, 120, 87, 573
"/home/david/DVHS Robotics/bubonic-corona/venv/lib64/python3.12/site-packages/pip/_vendor/urllib3/connectionpool.py", "Python", 620, 0, 0, 0, 0, 0, 0, 0, 0, 0, 0, 0, 383, 135, 1138
"/home/david/DVHS Robotics/bubonic-corona/venv/lib64/python3.12/site-packages/pip/_vendor/urllib3/contrib/__init__.py", "Python", 0, 0, 0, 0, 0, 0, 0, 0, 0, 0, 0, 0, 0, 1, 1
"/home/david/DVHS Robotics/bubonic-corona/venv/lib64/python3.12/site-packages/pip/_vendor/urllib3/contrib/_appengine_environ.py", "Python", 15, 0, 0, 0, 0, 0, 0, 0, 0, 0, 0, 0, 10, 12, 37
"/home/david/DVHS Robotics/bubonic-corona/venv/lib64/python3.12/site-packages/pip/_vendor/urllib3/contrib/_securetransport/__init__.py", "Python", 0, 0, 0, 0, 0, 0, 0, 0, 0, 0, 0, 0, 0, 1, 1
"/home/david/DVHS Robotics/bubonic-corona/venv/lib64/python3.12/site-packages/pip/_vendor/urllib3/contrib/_securetransport/bindings.py", "Python", 380, 0, 0, 0, 0, 0, 0, 0, 0, 0, 0, 0, 48, 92, 520
"/home/david/DVHS Robotics/bubonic-corona/venv/lib64/python3.12/site-packages/pip/_vendor/urllib3/contrib/_securetransport/low_level.py", "Python", 218, 0, 0, 0, 0, 0, 0, 0, 0, 0, 0, 0, 122, 58, 398
"/home/david/DVHS Robotics/bubonic-corona/venv/lib64/python3.12/site-packages/pip/_vendor/urllib3/contrib/appengine.py", "Python", 201, 0, 0, 0, 0, 0, 0, 0, 0, 0, 0, 0, 68, 46, 315
"/home/david/DVHS Robotics/bubonic-corona/venv/lib64/python3.12/site-packages/pip/_vendor/urllib3/contrib/ntlmpool.py", "Python", 92, 0, 0, 0, 0, 0, 0, 0, 0, 0, 0, 0, 20, 19, 131
"/home/david/DVHS Robotics/bubonic-corona/venv/lib64/python3.12/site-packages/pip/_vendor/urllib3/contrib/pyopenssl.py", "Python", 323, 0, 0, 0, 0, 0, 0, 0, 0, 0, 0, 0, 106, 90, 519
"/home/david/DVHS Robotics/bubonic-corona/venv/lib64/python3.12/site-packages/pip/_vendor/urllib3/contrib/securetransport.py", "Python", 543, 0, 0, 0, 0, 0, 0, 0, 0, 0, 0, 0, 252, 126, 921
"/home/david/DVHS Robotics/bubonic-corona/venv/lib64/python3.12/site-packages/pip/_vendor/urllib3/contrib/socks.py", "Python", 129, 0, 0, 0, 0, 0, 0, 0, 0, 0, 0, 0, 56, 32, 217
"/home/david/DVHS Robotics/bubonic-corona/venv/lib64/python3.12/site-packages/pip/_vendor/urllib3/exceptions.py", "Python", 128, 0, 0, 0, 0, 0, 0, 0, 0, 0, 0, 0, 69, 127, 324
"/home/david/DVHS Robotics/bubonic-corona/venv/lib64/python3.12/site-packages/pip/_vendor/urllib3/fields.py", "Python", 122, 0, 0, 0, 0, 0, 0, 0, 0, 0, 0, 0, 111, 42, 275
"/home/david/DVHS Robotics/bubonic-corona/venv/lib64/python3.12/site-packages/pip/_vendor/urllib3/filepost.py", "Python", 46, 0, 0, 0, 0, 0, 0, 0, 0, 0, 0, 0, 31, 22, 99
"/home/david/DVHS Robotics/bubonic-corona/venv/lib64/python3.12/site-packages/pip/_vendor/urllib3/packages/__init__.py", "Python", 0, 0, 0, 0, 0, 0, 0, 0, 0, 0, 0, 0, 0, 1, 1
"/home/david/DVHS Robotics/bubonic-corona/venv/lib64/python3.12/site-packages/pip/_vendor/urllib3/packages/backports/__init__.py", "Python", 0, 0, 0, 0, 0, 0, 0, 0, 0, 0, 0, 0, 0, 1, 1
"/home/david/DVHS Robotics/bubonic-corona/venv/lib64/python3.12/site-packages/pip/_vendor/urllib3/packages/backports/makefile.py", "Python", 38, 0, 0, 0, 0, 0, 0, 0, 0, 0, 0, 0, 11, 3, 52
"/home/david/DVHS Robotics/bubonic-corona/venv/lib64/python3.12/site-packages/pip/_vendor/urllib3/packages/backports/weakref_finalize.py", "Python", 97, 0, 0, 0, 0, 0, 0, 0, 0, 0, 0, 0, 39, 20, 156
"/home/david/DVHS Robotics/bubonic-corona/venv/lib64/python3.12/site-packages/pip/_vendor/urllib3/packages/six.py", "Python", 735, 0, 0, 0, 0, 0, 0, 0, 0, 0, 0, 0, 133, 209, 1077
"/home/david/DVHS Robotics/bubonic-corona/venv/lib64/python3.12/site-packages/pip/_vendor/urllib3/poolmanager.py", "Python", 277, 0, 0, 0, 0, 0, 0, 0, 0, 0, 0, 0, 200, 80, 557
"/home/david/DVHS Robotics/bubonic-corona/venv/lib64/python3.12/site-packages/pip/_vendor/urllib3/request.py", "Python", 85, 0, 0, 0, 0, 0, 0, 0, 0, 0, 0, 0, 80, 27, 192
"/home/david/DVHS Robotics/bubonic-corona/venv/lib64/python3.12/site-packages/pip/_vendor/urllib3/response.py", "Python", 534, 0, 0, 0, 0, 0, 0, 0, 0, 0, 0, 0, 233, 113, 880
"/home/david/DVHS Robotics/bubonic-corona/venv/lib64/python3.12/site-packages/pip/_vendor/urllib3/util/__init__.py", "Python", 46, 0, 0, 0, 0, 0, 0, 0, 0, 0, 0, 0, 1, 3, 50
"/home/david/DVHS Robotics/bubonic-corona/venv/lib64/python3.12/site-packages/pip/_vendor/urllib3/util/connection.py", "Python", 79, 0, 0, 0, 0, 0, 0, 0, 0, 0, 0, 0, 42, 29, 150
"/home/david/DVHS Robotics/bubonic-corona/venv/lib64/python3.12/site-packages/pip/_vendor/urllib3/util/proxy.py", "Python", 30, 0, 0, 0, 0, 0, 0, 0, 0, 0, 0, 0, 18, 10, 58
"/home/david/DVHS Robotics/bubonic-corona/venv/lib64/python3.12/site-packages/pip/_vendor/urllib3/util/queue.py", "Python", 14, 0, 0, 0, 0, 0, 0, 0, 0, 0, 0, 0, 1, 8, 23
"/home/david/DVHS Robotics/bubonic-corona/venv/lib64/python3.12/site-packages/pip/_vendor/urllib3/util/request.py", "Python", 65, 0, 0, 0, 0, 0, 0, 0, 0, 0, 0, 0, 54, 19, 138
"/home/david/DVHS Robotics/bubonic-corona/venv/lib64/python3.12/site-packages/pip/_vendor/urllib3/util/response.py", "Python", 44, 0, 0, 0, 0, 0, 0, 0, 0, 0, 0, 0, 45, 19, 108
"/home/david/DVHS Robotics/bubonic-corona/venv/lib64/python3.12/site-packages/pip/_vendor/urllib3/util/retry.py", "Python", 346, 0, 0, 0, 0, 0, 0, 0, 0, 0, 0, 0, 203, 74, 623
"/home/david/DVHS Robotics/bubonic-corona/venv/lib64/python3.12/site-packages/pip/_vendor/urllib3/util/ssl_.py", "Python", 272, 0, 0, 0, 0, 0, 0, 0, 0, 0, 0, 0, 149, 75, 496
"/home/david/DVHS Robotics/bubonic-corona/venv/lib64/python3.12/site-packages/pip/_vendor/urllib3/util/ssl_match_hostname.py", "Python", 85, 0, 0, 0, 0, 0, 0, 0, 0, 0, 0, 0, 54, 21, 160
"/home/david/DVHS Robotics/bubonic-corona/venv/lib64/python3.12/site-packages/pip/_vendor/urllib3/util/ssltransport.py", "Python", 155, 0, 0, 0, 0, 0, 0, 0, 0, 0, 0, 0, 29, 38, 222
"/home/david/DVHS Robotics/bubonic-corona/venv/lib64/python3.12/site-packages/pip/_vendor/urllib3/util/timeout.py", "Python", 93, 0, 0, 0, 0, 0, 0, 0, 0, 0, 0, 0, 152, 27, 272
"/home/david/DVHS Robotics/bubonic-corona/venv/lib64/python3.12/site-packages/pip/_vendor/urllib3/util/url.py", "Python", 263, 0, 0, 0, 0, 0, 0, 0, 0, 0, 0, 0, 107, 66, 436
"/home/david/DVHS Robotics/bubonic-corona/venv/lib64/python3.12/site-packages/pip/_vendor/urllib3/util/wait.py", "Python", 83, 0, 0, 0, 0, 0, 0, 0, 0, 0, 0, 0, 44, 26, 153
"/home/david/DVHS Robotics/bubonic-corona/venv/lib64/python3.12/site-packages/pygame/__init__.py", "Python", 210, 0, 0, 0, 0, 0, 0, 0, 0, 0, 0, 0, 51, 85, 346
"/home/david/DVHS Robotics/bubonic-corona/venv/lib64/python3.12/site-packages/pygame/__init__.pyi", "Python", 622, 0, 0, 0, 0, 0, 0, 0, 0, 0, 0, 0, 3, 8, 633
"/home/david/DVHS Robotics/bubonic-corona/venv/lib64/python3.12/site-packages/pygame/__pyinstaller/__init__.py", "Python", 3, 0, 0, 0, 0, 0, 0, 0, 0, 0, 0, 0, 0, 3, 6
"/home/david/DVHS Robotics/bubonic-corona/venv/lib64/python3.12/site-packages/pygame/__pyinstaller/hook-pygame.py", "Python", 21, 0, 0, 0, 0, 0, 0, 0, 0, 0, 0, 0, 13, 12, 46
"/home/david/DVHS Robotics/bubonic-corona/venv/lib64/python3.12/site-packages/pygame/_camera_opencv.py", "Python", 136, 0, 0, 0, 0, 0, 0, 0, 0, 0, 0, 0, 20, 55, 211
"/home/david/DVHS Robotics/bubonic-corona/venv/lib64/python3.12/site-packages/pygame/_camera_vidcapture.py", "Python", 47, 0, 0, 0, 0, 0, 0, 0, 0, 0, 0, 0, 49, 23, 119
"/home/david/DVHS Robotics/bubonic-corona/venv/lib64/python3.12/site-packages/pygame/_common.pyi", "Python", 25, 0, 0, 0, 0, 0, 0, 0, 0, 0, 0, 0, 6, 10, 41
"/home/david/DVHS Robotics/bubonic-corona/venv/lib64/python3.12/site-packages/pygame/_sdl2/__init__.py", "Python", 3, 0, 0, 0, 0, 0, 0, 0, 0, 0, 0, 0, 0, 1, 4
"/home/david/DVHS Robotics/bubonic-corona/venv/lib64/python3.12/site-packages/pygame/_sdl2/__init__.pyi", "Python", 3, 0, 0, 0, 0, 0, 0, 0, 0, 0, 0, 0, 0, 1, 4
"/home/david/DVHS Robotics/bubonic-corona/venv/lib64/python3.12/site-packages/pygame/_sdl2/audio.pyi", "Python", 50, 0, 0, 0, 0, 0, 0, 0, 0, 0, 0, 0, 0, 5, 55
"/home/david/DVHS Robotics/bubonic-corona/venv/lib64/python3.12/site-packages/pygame/_sdl2/controller.pyi", "Python", 32, 0, 0, 0, 0, 0, 0, 0, 0, 0, 0, 0, 0, 4, 36
"/home/david/DVHS Robotics/bubonic-corona/venv/lib64/python3.12/site-packages/pygame/_sdl2/sdl2.pyi", "Python", 13, 0, 0, 0, 0, 0, 0, 0, 0, 0, 0, 0, 0, 4, 17
"/home/david/DVHS Robotics/bubonic-corona/venv/lib64/python3.12/site-packages/pygame/_sdl2/touch.pyi", "Python", 5, 0, 0, 0, 0, 0, 0, 0, 0, 0, 0, 0, 0, 2, 7
"/home/david/DVHS Robotics/bubonic-corona/venv/lib64/python3.12/site-packages/pygame/_sdl2/video.pyi", "Python", 149, 0, 0, 0, 0, 0, 0, 0, 0, 0, 0, 0, 0, 11, 160
"/home/david/DVHS Robotics/bubonic-corona/venv/lib64/python3.12/site-packages/pygame/base.pyi", "Python", 13, 0, 0, 0, 0, 0, 0, 0, 0, 0, 0, 0, 2, 5, 20
"/home/david/DVHS Robotics/bubonic-corona/venv/lib64/python3.12/site-packages/pygame/bufferproxy.pyi", "Python", 12, 0, 0, 0, 0, 0, 0, 0, 0, 0, 0, 0, 2, 2, 16
"/home/david/DVHS Robotics/bubonic-corona/venv/lib64/python3.12/site-packages/pygame/camera.py", "Python", 140, 0, 0, 0, 0, 0, 0, 0, 0, 0, 0, 0, 20, 60, 220
"/home/david/DVHS Robotics/bubonic-corona/venv/lib64/python3.12/site-packages/pygame/camera.pyi", "Python", 42, 0, 0, 0, 0, 0, 0, 0, 0, 0, 0, 0, 3, 5, 50
"/home/david/DVHS Robotics/bubonic-corona/venv/lib64/python3.12/site-packages/pygame/color.pyi", "Python", 50, 0, 0, 0, 0, 0, 0, 0, 0, 0, 0, 0, 2, 5, 57
"/home/david/DVHS Robotics/bubonic-corona/venv/lib64/python3.12/site-packages/pygame/colordict.py", "Python", 667, 0, 0, 0, 0, 0, 0, 0, 0, 0, 0, 0, 23, 3, 693
"/home/david/DVHS Robotics/bubonic-corona/venv/lib64/python3.12/site-packages/pygame/constants.pyi", "Python", 556, 0, 0, 0, 0, 0, 0, 0, 0, 0, 0, 0, 3, 2, 561
"/home/david/DVHS Robotics/bubonic-corona/venv/lib64/python3.12/site-packages/pygame/cursors.py", "Python", 685, 0, 0, 0, 0, 0, 0, 0, 0, 0, 0, 0, 101, 52, 838
"/home/david/DVHS Robotics/bubonic-corona/venv/lib64/python3.12/site-packages/pygame/cursors.pyi", "Python", 85, 0, 0, 0, 0, 0, 0, 0, 0, 0, 0, 0, 0, 7, 92
"/home/david/DVHS Robotics/bubonic-corona/venv/lib64/python3.12/site-packages/pygame/display.pyi", "Python", 74, 0, 0, 0, 0, 0, 0, 0, 0, 0, 0, 0, 0, 4, 78
"/home/david/DVHS Robotics/bubonic-corona/venv/lib64/python3.12/site-packages/pygame/docs/__main__.py", "Python", 26, 0, 0, 0, 0, 0, 0, 0, 0, 0, 0, 0, 2, 10, 38
"/home/david/DVHS Robotics/bubonic-corona/venv/lib64/python3.12/site-packages/pygame/docs/generated/_static/_sphinx_javascript_frameworks_compat.js", "JavaScript", 0, 0, 0, 0, 0, 0, 0, 0, 91, 0, 0, 0, 34, 10, 135
"/home/david/DVHS Robotics/bubonic-corona/venv/lib64/python3.12/site-packages/pygame/docs/generated/_static/basic.css", "PostCSS", 0, 0, 0, 0, 0, 0, 0, 0, 0, 703, 0, 0, 32, 190, 925
"/home/david/DVHS Robotics/bubonic-corona/venv/lib64/python3.12/site-packages/pygame/docs/generated/_static/doctools.js", "JavaScript", 0, 0, 0, 0, 0, 0, 0, 0, 109, 0, 0, 0, 29, 19, 157
"/home/david/DVHS Robotics/bubonic-corona/venv/lib64/python3.12/site-packages/pygame/docs/generated/_static/documentation_options.js", "JavaScript", 0, 0, 0, 0, 0, 0, 0, 0, 13, 0, 0, 0, 0, 0, 13
"/home/david/DVHS Robotics/bubonic-corona/venv/lib64/python3.12/site-packages/pygame/docs/generated/_static/jquery-3.5.1.js", "JavaScript", 0, 0, 0, 0, 0, 0, 0, 0, 6906, 0, 0, 0, 1890, 2077, 10873
"/home/david/DVHS Robotics/bubonic-corona/venv/lib64/python3.12/site-packages/pygame/docs/generated/_static/jquery-3.6.0.js", "JavaScript", 0, 0, 0, 0, 0, 0, 0, 0, 6895, 0, 0, 0, 1911, 2076, 10882
"/home/david/DVHS Robotics/bubonic-corona/venv/lib64/python3.12/site-packages/pygame/docs/generated/_static/jquery.js", "JavaScript", 0, 0, 0, 0, 0, 0, 0, 0, 1, 0, 0, 0, 1, 1, 3
"/home/david/DVHS Robotics/bubonic-corona/venv/lib64/python3.12/site-packages/pygame/docs/generated/_static/language_data.js", "JavaScript", 0, 0, 0, 0, 0, 0, 0, 0, 154, 0, 0, 0, 23, 23, 200
"/home/david/DVHS Robotics/bubonic-corona/venv/lib64/python3.12/site-packages/pygame/docs/generated/_static/pygame.css", "PostCSS", 0, 0, 0, 0, 0, 0, 0, 0, 0, 545, 0, 0, 28, 134, 707
"/home/david/DVHS Robotics/bubonic-corona/venv/lib64/python3.12/site-packages/pygame/docs/generated/_static/pygame_lofi.svg", "XML", 0, 0, 0, 0, 0, 0, 0, 0, 0, 0, 234, 0, 0, 1, 235
"/home/david/DVHS Robotics/bubonic-corona/venv/lib64/python3.12/site-packages/pygame/docs/generated/_static/pygame_logo.svg", "XML", 0, 0, 0, 0, 0, 0, 0, 0, 0, 0, 234, 0, 0, 1, 235
"/home/david/DVHS Robotics/bubonic-corona/venv/lib64/python3.12/site-packages/pygame/docs/generated/_static/pygame_powered.svg", "XML", 0, 0, 0, 0, 0, 0, 0, 0, 0, 0, 326, 0, 0, 1, 327
"/home/david/DVHS Robotics/bubonic-corona/venv/lib64/python3.12/site-packages/pygame/docs/generated/_static/pygments.css", "PostCSS", 0, 0, 0, 0, 0, 0, 0, 0, 0, 75, 0, 0, 0, 0, 75
"/home/david/DVHS Robotics/bubonic-corona/venv/lib64/python3.12/site-packages/pygame/docs/generated/_static/reset.css", "PostCSS", 0, 0, 0, 0, 0, 0, 0, 0, 0, 44, 0, 0, 5, 1, 50
"/home/david/DVHS Robotics/bubonic-corona/venv/lib64/python3.12/site-packages/pygame/docs/generated/_static/searchtools.js", "JavaScript", 0, 0, 0, 0, 0, 0, 0, 0, 427, 0, 0, 0, 117, 77, 621
"/home/david/DVHS Robotics/bubonic-corona/venv/lib64/python3.12/site-packages/pygame/docs/generated/_static/sphinx_highlight.js", "JavaScript", 0, 0, 0, 0, 0, 0, 0, 0, 113, 0, 0, 0, 26, 16, 155
"/home/david/DVHS Robotics/bubonic-corona/venv/lib64/python3.12/site-packages/pygame/docs/generated/_static/tooltip.css", "PostCSS", 0, 0, 0, 0, 0, 0, 0, 0, 0, 31, 0, 0, 5, 9, 45
"/home/david/DVHS Robotics/bubonic-corona/venv/lib64/python3.12/site-packages/pygame/docs/generated/_static/underscore-1.13.1.js", "JavaScript", 0, 0, 0, 0, 0, 0, 0, 0, 1445, 0, 0, 0, 370, 228, 2043
"/home/david/DVHS Robotics/bubonic-corona/venv/lib64/python3.12/site-packages/pygame/docs/generated/_static/underscore.js", "JavaScript", 0, 0, 0, 0, 0, 0, 0, 0, 2, 0, 0, 0, 4, 0, 6
"/home/david/DVHS Robotics/bubonic-corona/venv/lib64/python3.12/site-packages/pygame/docs/generated/c_api.html", "HTML", 0, 0, 0, 0, 0, 0, 140, 0, 0, 0, 0, 0, 0, 12, 152
"/home/david/DVHS Robotics/bubonic-corona/venv/lib64/python3.12/site-packages/pygame/docs/generated/c_api/base.html", "HTML", 0, 0, 0, 0, 0, 0, 317, 0, 0, 0, 0, 0, 0, 40, 357
"/home/david/DVHS Robotics/bubonic-corona/venv/lib64/python3.12/site-packages/pygame/docs/generated/c_api/bufferproxy.html", "HTML", 0, 0, 0, 0, 0, 0, 162, 0, 0, 0, 0, 0, 0, 17, 179
"/home/david/DVHS Robotics/bubonic-corona/venv/lib64/python3.12/site-packages/pygame/docs/generated/c_api/cdrom.html", "HTML", 0, 0, 0, 0, 0, 0, 160, 0, 0, 0, 0, 0, 0, 18, 178
"/home/david/DVHS Robotics/bubonic-corona/venv/lib64/python3.12/site-packages/pygame/docs/generated/c_api/color.html", "HTML", 0, 0, 0, 0, 0, 0, 152, 0, 0, 0, 0, 0, 0, 16, 168
"/home/david/DVHS Robotics/bubonic-corona/venv/lib64/python3.12/site-packages/pygame/docs/generated/c_api/display.html", "HTML", 0, 0, 0, 0, 0, 0, 156, 0, 0, 0, 0, 0, 0, 17, 173
"/home/david/DVHS Robotics/bubonic-corona/venv/lib64/python3.12/site-packages/pygame/docs/generated/c_api/event.html", "HTML", 0, 0, 0, 0, 0, 0, 169, 0, 0, 0, 0, 0, 0, 19, 188
"/home/david/DVHS Robotics/bubonic-corona/venv/lib64/python3.12/site-packages/pygame/docs/generated/c_api/freetype.html", "HTML", 0, 0, 0, 0, 0, 0, 159, 0, 0, 0, 0, 0, 0, 17, 176
"/home/david/DVHS Robotics/bubonic-corona/venv/lib64/python3.12/site-packages/pygame/docs/generated/c_api/mixer.html", "HTML", 0, 0, 0, 0, 0, 0, 187, 0, 0, 0, 0, 0, 0, 22, 209
"/home/david/DVHS Robotics/bubonic-corona/venv/lib64/python3.12/site-packages/pygame/docs/generated/c_api/rect.html", "HTML", 0, 0, 0, 0, 0, 0, 183, 0, 0, 0, 0, 0, 0, 21, 204
"/home/david/DVHS Robotics/bubonic-corona/venv/lib64/python3.12/site-packages/pygame/docs/generated/c_api/rwobject.html", "HTML", 0, 0, 0, 0, 0, 0, 182, 0, 0, 0, 0, 0, 0, 18, 200
"/home/david/DVHS Robotics/bubonic-corona/venv/lib64/python3.12/site-packages/pygame/docs/generated/c_api/slots.html", "HTML", 0, 0, 0, 0, 0, 0, 141, 0, 0, 0, 0, 0, 0, 12, 153
"/home/david/DVHS Robotics/bubonic-corona/venv/lib64/python3.12/site-packages/pygame/docs/generated/c_api/surface.html", "HTML", 0, 0, 0, 0, 0, 0, 179, 0, 0, 0, 0, 0, 0, 19, 198
"/home/david/DVHS Robotics/bubonic-corona/venv/lib64/python3.12/site-packages/pygame/docs/generated/c_api/surflock.html", "HTML", 0, 0, 0, 0, 0, 0, 203, 0, 0, 0, 0, 0, 0, 24, 227
"/home/david/DVHS Robotics/bubonic-corona/venv/lib64/python3.12/site-packages/pygame/docs/generated/c_api/version.html", "HTML", 0, 0, 0, 0, 0, 0, 152, 0, 0, 0, 0, 0, 0, 17, 169
"/home/david/DVHS Robotics/bubonic-corona/venv/lib64/python3.12/site-packages/pygame/docs/generated/filepaths.html", "HTML", 0, 0, 0, 0, 0, 0, 133, 0, 0, 0, 0, 0, 0, 12, 145
"/home/david/DVHS Robotics/bubonic-corona/venv/lib64/python3.12/site-packages/pygame/docs/generated/genindex.html", "HTML", 0, 0, 0, 0, 0, 0, 2492, 0, 0, 0, 0, 0, 0, 184, 2676
"/home/david/DVHS Robotics/bubonic-corona/venv/lib64/python3.12/site-packages/pygame/docs/generated/index.html", "HTML", 0, 0, 0, 0, 0, 0, 315, 0, 0, 0, 0, 0, 0, 28, 343
"/home/david/DVHS Robotics/bubonic-corona/venv/lib64/python3.12/site-packages/pygame/docs/generated/logos.html", "HTML", 0, 0, 0, 0, 0, 0, 156, 0, 0, 0, 0, 0, 0, 12, 168
"/home/david/DVHS Robotics/bubonic-corona/venv/lib64/python3.12/site-packages/pygame/docs/generated/py-modindex.html", "HTML", 0, 0, 0, 0, 0, 0, 238, 0, 0, 0, 0, 0, 0, 11, 249
"/home/david/DVHS Robotics/bubonic-corona/venv/lib64/python3.12/site-packages/pygame/docs/generated/ref/bufferproxy.html", "HTML", 0, 0, 0, 0, 0, 0, 257, 0, 0, 0, 0, 0, 0, 17, 274
"/home/david/DVHS Robotics/bubonic-corona/venv/lib64/python3.12/site-packages/pygame/docs/generated/ref/camera.html", "HTML", 0, 0, 0, 0, 0, 0, 436, 0, 0, 0, 0, 0, 0, 26, 462
"/home/david/DVHS Robotics/bubonic-corona/venv/lib64/python3.12/site-packages/pygame/docs/generated/ref/cdrom.html", "HTML", 0, 0, 0, 0, 0, 0, 541, 0, 0, 0, 0, 0, 0, 37, 578
"/home/david/DVHS Robotics/bubonic-corona/venv/lib64/python3.12/site-packages/pygame/docs/generated/ref/color.html", "HTML", 0, 0, 0, 0, 0, 0, 495, 0, 0, 0, 0, 0, 0, 28, 523
"/home/david/DVHS Robotics/bubonic-corona/venv/lib64/python3.12/site-packages/pygame/docs/generated/ref/color_list.html", "HTML", 0, 0, 0, 0, 0, 0, 2793, 0, 0, 0, 0, 0, 0, 12, 2805
"/home/david/DVHS Robotics/bubonic-corona/venv/lib64/python3.12/site-packages/pygame/docs/generated/ref/context.html", "HTML", 0, 0, 0, 0, 0, 0, 229, 0, 0, 0, 0, 0, 0, 18, 247
"/home/david/DVHS Robotics/bubonic-corona/venv/lib64/python3.12/site-packages/pygame/docs/generated/ref/cursors.html", "HTML", 0, 0, 0, 0, 0, 0, 409, 0, 0, 0, 0, 0, 0, 29, 438
"/home/david/DVHS Robotics/bubonic-corona/venv/lib64/python3.12/site-packages/pygame/docs/generated/ref/display.html", "HTML", 0, 0, 0, 0, 0, 0, 965, 0, 0, 0, 0, 0, 0, 41, 1006
"/home/david/DVHS Robotics/bubonic-corona/venv/lib64/python3.12/site-packages/pygame/docs/generated/ref/draw.html", "HTML", 0, 0, 0, 0, 0, 0, 913, 0, 0, 0, 0, 0, 0, 43, 956
"/home/david/DVHS Robotics/bubonic-corona/venv/lib64/python3.12/site-packages/pygame/docs/generated/ref/event.html", "HTML", 0, 0, 0, 0, 0, 0, 761, 0, 0, 0, 0, 0, 0, 35, 796
"/home/david/DVHS Robotics/bubonic-corona/venv/lib64/python3.12/site-packages/pygame/docs/generated/ref/examples.html", "HTML", 0, 0, 0, 0, 0, 0, 663, 0, 0, 0, 0, 0, 0, 40, 703
"/home/david/DVHS Robotics/bubonic-corona/venv/lib64/python3.12/site-packages/pygame/docs/generated/ref/fastevent.html", "HTML", 0, 0, 0, 0, 0, 0, 257, 0, 0, 0, 0, 0, 0, 20, 277
"/home/david/DVHS Robotics/bubonic-corona/venv/lib64/python3.12/site-packages/pygame/docs/generated/ref/font.html", "HTML", 0, 0, 0, 0, 0, 0, 775, 0, 0, 0, 0, 0, 0, 42, 817
"/home/david/DVHS Robotics/bubonic-corona/venv/lib64/python3.12/site-packages/pygame/docs/generated/ref/freetype.html", "HTML", 0, 0, 0, 0, 0, 0, 1198, 0, 0, 0, 0, 0, 0, 63, 1261
"/home/david/DVHS Robotics/bubonic-corona/venv/lib64/python3.12/site-packages/pygame/docs/generated/ref/gfxdraw.html", "HTML", 0, 0, 0, 0, 0, 0, 1014, 0, 0, 0, 0, 0, 0, 35, 1049
"/home/david/DVHS Robotics/bubonic-corona/venv/lib64/python3.12/site-packages/pygame/docs/generated/ref/image.html", "HTML", 0, 0, 0, 0, 0, 0, 532, 0, 0, 0, 0, 0, 0, 25, 557
"/home/david/DVHS Robotics/bubonic-corona/venv/lib64/python3.12/site-packages/pygame/docs/generated/ref/joystick.html", "HTML", 0, 0, 0, 0, 0, 0, 1065, 0, 0, 0, 0, 0, 0, 72, 1137
"/home/david/DVHS Robotics/bubonic-corona/venv/lib64/python3.12/site-packages/pygame/docs/generated/ref/key.html", "HTML", 0, 0, 0, 0, 0, 0, 618, 0, 0, 0, 0, 0, 0, 24, 642
"/home/david/DVHS Robotics/bubonic-corona/venv/lib64/python3.12/site-packages/pygame/docs/generated/ref/locals.html", "HTML", 0, 0, 0, 0, 0, 0, 144, 0, 0, 0, 0, 0, 0, 13, 157
"/home/david/DVHS Robotics/bubonic-corona/venv/lib64/python3.12/site-packages/pygame/docs/generated/ref/mask.html", "HTML", 0, 0, 0, 0, 0, 0, 1070, 0, 0, 0, 0, 0, 0, 39, 1109
"/home/david/DVHS Robotics/bubonic-corona/venv/lib64/python3.12/site-packages/pygame/docs/generated/ref/math.html", "HTML", 0, 0, 0, 0, 0, 0, 1716, 0, 0, 0, 0, 0, 0, 102, 1818
"/home/david/DVHS Robotics/bubonic-corona/venv/lib64/python3.12/site-packages/pygame/docs/generated/ref/midi.html", "HTML", 0, 0, 0, 0, 0, 0, 784, 0, 0, 0, 0, 0, 0, 42, 826
"/home/david/DVHS Robotics/bubonic-corona/venv/lib64/python3.12/site-packages/pygame/docs/generated/ref/mixer.html", "HTML", 0, 0, 0, 0, 0, 0, 927, 0, 0, 0, 0, 0, 0, 50, 977
"/home/david/DVHS Robotics/bubonic-corona/venv/lib64/python3.12/site-packages/pygame/docs/generated/ref/mouse.html", "HTML", 0, 0, 0, 0, 0, 0, 373, 0, 0, 0, 0, 0, 0, 24, 397
"/home/david/DVHS Robotics/bubonic-corona/venv/lib64/python3.12/site-packages/pygame/docs/generated/ref/music.html", "HTML", 0, 0, 0, 0, 0, 0, 464, 0, 0, 0, 0, 0, 0, 29, 493
"/home/david/DVHS Robotics/bubonic-corona/venv/lib64/python3.12/site-packages/pygame/docs/generated/ref/overlay.html", "HTML", 0, 0, 0, 0, 0, 0, 206, 0, 0, 0, 0, 0, 0, 16, 222
"/home/david/DVHS Robotics/bubonic-corona/venv/lib64/python3.12/site-packages/pygame/docs/generated/ref/pixelarray.html", "HTML", 0, 0, 0, 0, 0, 0, 453, 0, 0, 0, 0, 0, 0, 24, 477
"/home/david/DVHS Robotics/bubonic-corona/venv/lib64/python3.12/site-packages/pygame/docs/generated/ref/pixelcopy.html", "HTML", 0, 0, 0, 0, 0, 0, 236, 0, 0, 0, 0, 0, 0, 17, 253
"/home/david/DVHS Robotics/bubonic-corona/venv/lib64/python3.12/site-packages/pygame/docs/generated/ref/pygame.html", "HTML", 0, 0, 0, 0, 0, 0, 667, 0, 0, 0, 0, 0, 0, 29, 696
"/home/david/DVHS Robotics/bubonic-corona/venv/lib64/python3.12/site-packages/pygame/docs/generated/ref/rect.html", "HTML", 0, 0, 0, 0, 0, 0, 837, 0, 0, 0, 0, 0, 0, 64, 901
"/home/david/DVHS Robotics/bubonic-corona/venv/lib64/python3.12/site-packages/pygame/docs/generated/ref/scrap.html", "HTML", 0, 0, 0, 0, 0, 0, 428, 0, 0, 0, 0, 0, 0, 21, 449
"/home/david/DVHS Robotics/bubonic-corona/venv/lib64/python3.12/site-packages/pygame/docs/generated/ref/sdl2_controller.html", "HTML", 0, 0, 0, 0, 0, 0, 526, 0, 0, 0, 0, 0, 0, 33, 559
"/home/david/DVHS Robotics/bubonic-corona/venv/lib64/python3.12/site-packages/pygame/docs/generated/ref/sdl2_video.html", "HTML", 0, 0, 0, 0, 0, 0, 985, 0, 0, 0, 0, 0, 0, 77, 1062
"/home/david/DVHS Robotics/bubonic-corona/venv/lib64/python3.12/site-packages/pygame/docs/generated/ref/sndarray.html", "HTML", 0, 0, 0, 0, 0, 0, 246, 0, 0, 0, 0, 0, 0, 19, 265
"/home/david/DVHS Robotics/bubonic-corona/venv/lib64/python3.12/site-packages/pygame/docs/generated/ref/sprite.html", "HTML", 0, 0, 0, 0, 0, 0, 1304, 0, 0, 0, 0, 0, 0, 77, 1381
"/home/david/DVHS Robotics/bubonic-corona/venv/lib64/python3.12/site-packages/pygame/docs/generated/ref/surface.html", "HTML", 0, 0, 0, 0, 0, 0, 1269, 0, 0, 0, 0, 0, 0, 63, 1332
"/home/david/DVHS Robotics/bubonic-corona/venv/lib64/python3.12/site-packages/pygame/docs/generated/ref/surfarray.html", "HTML", 0, 0, 0, 0, 0, 0, 530, 0, 0, 0, 0, 0, 0, 32, 562
"/home/david/DVHS Robotics/bubonic-corona/venv/lib64/python3.12/site-packages/pygame/docs/generated/ref/tests.html", "HTML", 0, 0, 0, 0, 0, 0, 220, 0, 0, 0, 0, 0, 0, 14, 234
"/home/david/DVHS Robotics/bubonic-corona/venv/lib64/python3.12/site-packages/pygame/docs/generated/ref/time.html", "HTML", 0, 0, 0, 0, 0, 0, 333, 0, 0, 0, 0, 0, 0, 23, 356
"/home/david/DVHS Robotics/bubonic-corona/venv/lib64/python3.12/site-packages/pygame/docs/generated/ref/touch.html", "HTML", 0, 0, 0, 0, 0, 0, 214, 0, 0, 0, 0, 0, 0, 17, 231
"/home/david/DVHS Robotics/bubonic-corona/venv/lib64/python3.12/site-packages/pygame/docs/generated/ref/transform.html", "HTML", 0, 0, 0, 0, 0, 0, 560, 0, 0, 0, 0, 0, 0, 38, 598
"/home/david/DVHS Robotics/bubonic-corona/venv/lib64/python3.12/site-packages/pygame/docs/generated/search.html", "HTML", 0, 0, 0, 0, 0, 0, 77, 0, 0, 0, 0, 0, 0, 15, 92
"/home/david/DVHS Robotics/bubonic-corona/venv/lib64/python3.12/site-packages/pygame/docs/generated/searchindex.js", "JavaScript", 0, 0, 0, 0, 0, 0, 0, 0, 1, 0, 0, 0, 0, 0, 1
"/home/david/DVHS Robotics/bubonic-corona/venv/lib64/python3.12/site-packages/pygame/docs/generated/tut/CameraIntro.html", "HTML", 0, 0, 0, 0, 0, 0, 355, 0, 0, 0, 0, 0, 0, 19, 374
"/home/david/DVHS Robotics/bubonic-corona/venv/lib64/python3.12/site-packages/pygame/docs/generated/tut/ChimpLineByLine.html", "HTML", 0, 0, 0, 0, 0, 0, 565, 0, 0, 0, 0, 0, 0, 28, 593
"/home/david/DVHS Robotics/bubonic-corona/venv/lib64/python3.12/site-packages/pygame/docs/generated/tut/DisplayModes.html", "HTML", 0, 0, 0, 0, 0, 0, 309, 0, 0, 0, 0, 0, 0, 14, 323
"/home/david/DVHS Robotics/bubonic-corona/venv/lib64/python3.12/site-packages/pygame/docs/generated/tut/ImportInit.html", "HTML", 0, 0, 0, 0, 0, 0, 181, 0, 0, 0, 0, 0, 0, 12, 193
"/home/david/DVHS Robotics/bubonic-corona/venv/lib64/python3.12/site-packages/pygame/docs/generated/tut/MakeGames.html", "HTML", 0, 0, 0, 0, 0, 0, 221, 0, 0, 0, 0, 0, 0, 12, 233
"/home/david/DVHS Robotics/bubonic-corona/venv/lib64/python3.12/site-packages/pygame/docs/generated/tut/MoveIt.html", "HTML", 0, 0, 0, 0, 0, 0, 641, 0, 0, 0, 0, 0, 0, 12, 653
"/home/david/DVHS Robotics/bubonic-corona/venv/lib64/python3.12/site-packages/pygame/docs/generated/tut/PygameIntro.html", "HTML", 0, 0, 0, 0, 0, 0, 401, 0, 0, 0, 0, 0, 0, 18, 419
"/home/david/DVHS Robotics/bubonic-corona/venv/lib64/python3.12/site-packages/pygame/docs/generated/tut/SpriteIntro.html", "HTML", 0, 0, 0, 0, 0, 0, 482, 0, 0, 0, 0, 0, 0, 12, 494
"/home/david/DVHS Robotics/bubonic-corona/venv/lib64/python3.12/site-packages/pygame/docs/generated/tut/SurfarrayIntro.html", "HTML", 0, 0, 0, 0, 0, 0, 635, 0, 0, 0, 0, 0, 0, 20, 655
"/home/david/DVHS Robotics/bubonic-corona/venv/lib64/python3.12/site-packages/pygame/docs/generated/tut/chimp.py.html", "HTML", 0, 0, 0, 0, 0, 0, 284, 0, 0, 0, 0, 0, 0, 54, 338
"/home/david/DVHS Robotics/bubonic-corona/venv/lib64/python3.12/site-packages/pygame/docs/generated/tut/newbieguide.html", "HTML", 0, 0, 0, 0, 0, 0, 522, 0, 0, 0, 0, 0, 0, 20, 542
"/home/david/DVHS Robotics/bubonic-corona/venv/lib64/python3.12/site-packages/pygame/docs/generated/tut/tom_games2.html", "HTML", 0, 0, 0, 0, 0, 0, 215, 0, 0, 0, 0, 0, 0, 21, 236
"/home/david/DVHS Robotics/bubonic-corona/venv/lib64/python3.12/site-packages/pygame/docs/generated/tut/tom_games3.html", "HTML", 0, 0, 0, 0, 0, 0, 202, 0, 0, 0, 0, 0, 0, 14, 216
"/home/david/DVHS Robotics/bubonic-corona/venv/lib64/python3.12/site-packages/pygame/docs/generated/tut/tom_games4.html", "HTML", 0, 0, 0, 0, 0, 0, 223, 0, 0, 0, 0, 0, 0, 22, 245
"/home/david/DVHS Robotics/bubonic-corona/venv/lib64/python3.12/site-packages/pygame/docs/generated/tut/tom_games5.html", "HTML", 0, 0, 0, 0, 0, 0, 217, 0, 0, 0, 0, 0, 0, 17, 234
"/home/david/DVHS Robotics/bubonic-corona/venv/lib64/python3.12/site-packages/pygame/docs/generated/tut/tom_games6.html", "HTML", 0, 0, 0, 0, 0, 0, 391, 0, 0, 0, 0, 0, 0, 42, 433
"/home/david/DVHS Robotics/bubonic-corona/venv/lib64/python3.12/site-packages/pygame/draw.pyi", "Python", 71, 0, 0, 0, 0, 0, 0, 0, 0, 0, 0, 0, 0, 4, 75
"/home/david/DVHS Robotics/bubonic-corona/venv/lib64/python3.12/site-packages/pygame/draw_py.py", "Python", 338, 0, 0, 0, 0, 0, 0, 0, 0, 0, 0, 0, 112, 113, 563
"/home/david/DVHS Robotics/bubonic-corona/venv/lib64/python3.12/site-packages/pygame/event.pyi", "Python", 47, 0, 0, 0, 0, 0, 0, 0, 0, 0, 0, 0, 0, 5, 52
"/home/david/DVHS Robotics/bubonic-corona/venv/lib64/python3.12/site-packages/pygame/examples/README.rst", "reStructuredText", 0, 0, 0, 0, 0, 0, 0, 110, 0, 0, 0, 0, 0, 45, 155
"/home/david/DVHS Robotics/bubonic-corona/venv/lib64/python3.12/site-packages/pygame/examples/__init__.py", "Python", 0, 0, 0, 0, 0, 0, 0, 0, 0, 0, 0, 0, 0, 1, 1
"/home/david/DVHS Robotics/bubonic-corona/venv/lib64/python3.12/site-packages/pygame/examples/aacircle.py", "Python", 29, 0, 0, 0, 0, 0, 0, 0, 0, 0, 0, 0, 2, 11, 42
"/home/david/DVHS Robotics/bubonic-corona/venv/lib64/python3.12/site-packages/pygame/examples/aliens.py", "Python", 244, 0, 0, 0, 0, 0, 0, 0, 0, 0, 0, 0, 84, 68, 396
"/home/david/DVHS Robotics/bubonic-corona/venv/lib64/python3.12/site-packages/pygame/examples/arraydemo.py", "Python", 66, 0, 0, 0, 0, 0, 0, 0, 0, 0, 0, 0, 33, 22, 121
"/home/david/DVHS Robotics/bubonic-corona/venv/lib64/python3.12/site-packages/pygame/examples/audiocapture.py", "Python", 41, 0, 0, 0, 0, 0, 0, 0, 0, 0, 0, 0, 20, 18, 79
"/home/david/DVHS Robotics/bubonic-corona/venv/lib64/python3.12/site-packages/pygame/examples/blend_fill.py", "Python", 80, 0, 0, 0, 0, 0, 0, 0, 0, 0, 0, 0, 13, 22, 115
"/home/david/DVHS Robotics/bubonic-corona/venv/lib64/python3.12/site-packages/pygame/examples/blit_blends.py", "Python", 129, 0, 0, 0, 0, 0, 0, 0, 0, 0, 0, 0, 33, 36, 198
"/home/david/DVHS Robotics/bubonic-corona/venv/lib64/python3.12/site-packages/pygame/examples/camera.py", "Python", 55, 0, 0, 0, 0, 0, 0, 0, 0, 0, 0, 0, 39, 28, 122
"/home/david/DVHS Robotics/bubonic-corona/venv/lib64/python3.12/site-packages/pygame/examples/chimp.py", "Python", 128, 0, 0, 0, 0, 0, 0, 0, 0, 0, 0, 0, 34, 42, 204
"/home/david/DVHS Robotics/bubonic-corona/venv/lib64/python3.12/site-packages/pygame/examples/cursors.py", "Python", 189, 0, 0, 0, 0, 0, 0, 0, 0, 0, 0, 0, 20, 51, 260
"/home/david/DVHS Robotics/bubonic-corona/venv/lib64/python3.12/site-packages/pygame/examples/data/teal.svg", "XML", 0, 0, 0, 0, 0, 0, 0, 0, 0, 0, 8, 0, 0, 2, 10
"/home/david/DVHS Robotics/bubonic-corona/venv/lib64/python3.12/site-packages/pygame/examples/dropevent.py", "Python", 47, 0, 0, 0, 0, 0, 0, 0, 0, 0, 0, 0, 13, 13, 73
"/home/david/DVHS Robotics/bubonic-corona/venv/lib64/python3.12/site-packages/pygame/examples/eventlist.py", "Python", 140, 0, 0, 0, 0, 0, 0, 0, 0, 0, 0, 0, 12, 43, 195
"/home/david/DVHS Robotics/bubonic-corona/venv/lib64/python3.12/site-packages/pygame/examples/font_viewer.py", "Python", 170, 0, 0, 0, 0, 0, 0, 0, 0, 0, 0, 0, 75, 34, 279
"/home/david/DVHS Robotics/bubonic-corona/venv/lib64/python3.12/site-packages/pygame/examples/fonty.py", "Python", 38, 0, 0, 0, 0, 0, 0, 0, 0, 0, 0, 0, 26, 18, 82
"/home/david/DVHS Robotics/bubonic-corona/venv/lib64/python3.12/site-packages/pygame/examples/freetype_misc.py", "Python", 103, 0, 0, 0, 0, 0, 0, 0, 0, 0, 0, 0, 32, 23, 158
"/home/david/DVHS Robotics/bubonic-corona/venv/lib64/python3.12/site-packages/pygame/examples/glcube.py", "Python", 382, 0, 0, 0, 0, 0, 0, 0, 0, 0, 0, 0, 126, 84, 592
"/home/david/DVHS Robotics/bubonic-corona/venv/lib64/python3.12/site-packages/pygame/examples/go_over_there.py", "Python", 62, 0, 0, 0, 0, 0, 0, 0, 0, 0, 0, 0, 11, 17, 90
"/home/david/DVHS Robotics/bubonic-corona/venv/lib64/python3.12/site-packages/pygame/examples/grid.py", "Python", 52, 0, 0, 0, 0, 0, 0, 0, 0, 0, 0, 0, 0, 13, 65
"/home/david/DVHS Robotics/bubonic-corona/venv/lib64/python3.12/site-packages/pygame/examples/headless_no_windows_needed.py", "Python", 26, 0, 0, 0, 0, 0, 0, 0, 0, 0, 0, 0, 13, 12, 51
"/home/david/DVHS Robotics/bubonic-corona/venv/lib64/python3.12/site-packages/pygame/examples/joystick.py", "Python", 86, 0, 0, 0, 0, 0, 0, 0, 0, 0, 0, 0, 29, 37, 152
"/home/david/DVHS Robotics/bubonic-corona/venv/lib64/python3.12/site-packages/pygame/examples/liquid.py", "Python", 35, 0, 0, 0, 0, 0, 0, 0, 0, 0, 0, 0, 40, 15, 90
"/home/david/DVHS Robotics/bubonic-corona/venv/lib64/python3.12/site-packages/pygame/examples/mask.py", "Python", 93, 0, 0, 0, 0, 0, 0, 0, 0, 0, 0, 0, 82, 28, 203
"/home/david/DVHS Robotics/bubonic-corona/venv/lib64/python3.12/site-packages/pygame/examples/midi.py", "Python", 562, 0, 0, 0, 0, 0, 0, 0, 0, 0, 0, 0, 250, 121, 933
"/home/david/DVHS Robotics/bubonic-corona/venv/lib64/python3.12/site-packages/pygame/examples/moveit.py", "Python", 74, 0, 0, 0, 0, 0, 0, 0, 0, 0, 0, 0, 26, 20, 120
"/home/david/DVHS Robotics/bubonic-corona/venv/lib64/python3.12/site-packages/pygame/examples/music_drop_fade.py", "Python", 155, 0, 0, 0, 0, 0, 0, 0, 0, 0, 0, 0, 59, 40, 254
"/home/david/DVHS Robotics/bubonic-corona/venv/lib64/python3.12/site-packages/pygame/examples/pixelarray.py", "Python", 89, 0, 0, 0, 0, 0, 0, 0, 0, 0, 0, 0, 29, 25, 143
"/home/david/DVHS Robotics/bubonic-corona/venv/lib64/python3.12/site-packages/pygame/examples/playmus.py", "Python", 108, 0, 0, 0, 0, 0, 0, 0, 0, 0, 0, 0, 34, 24, 166
"/home/david/DVHS Robotics/bubonic-corona/venv/lib64/python3.12/site-packages/pygame/examples/resizing_new.py", "Python", 31, 0, 0, 0, 0, 0, 0, 0, 0, 0, 0, 0, 4, 10, 45
"/home/david/DVHS Robotics/bubonic-corona/venv/lib64/python3.12/site-packages/pygame/examples/scaletest.py", "Python", 115, 0, 0, 0, 0, 0, 0, 0, 0, 0, 0, 0, 20, 20, 155
"/home/david/DVHS Robotics/bubonic-corona/venv/lib64/python3.12/site-packages/pygame/examples/scrap_clipboard.py", "Python", 59, 0, 0, 0, 0, 0, 0, 0, 0, 0, 0, 0, 20, 16, 95
"/home/david/DVHS Robotics/bubonic-corona/venv/lib64/python3.12/site-packages/pygame/examples/scroll.py", "Python", 139, 0, 0, 0, 0, 0, 0, 0, 0, 0, 0, 0, 23, 36, 198
"/home/david/DVHS Robotics/bubonic-corona/venv/lib64/python3.12/site-packages/pygame/examples/setmodescale.py", "Python", 43, 0, 0, 0, 0, 0, 0, 0, 0, 0, 0, 0, 12, 13, 68
"/home/david/DVHS Robotics/bubonic-corona/venv/lib64/python3.12/site-packages/pygame/examples/sound.py", "Python", 19, 0, 0, 0, 0, 0, 0, 0, 0, 0, 0, 0, 18, 9, 46
"/home/david/DVHS Robotics/bubonic-corona/venv/lib64/python3.12/site-packages/pygame/examples/sound_array_demos.py", "Python", 100, 0, 0, 0, 0, 0, 0, 0, 0, 0, 0, 0, 66, 52, 218
"/home/david/DVHS Robotics/bubonic-corona/venv/lib64/python3.12/site-packages/pygame/examples/sprite_texture.py", "Python", 69, 0, 0, 0, 0, 0, 0, 0, 0, 0, 0, 0, 14, 28, 111
"/home/david/DVHS Robotics/bubonic-corona/venv/lib64/python3.12/site-packages/pygame/examples/stars.py", "Python", 62, 0, 0, 0, 0, 0, 0, 0, 0, 0, 0, 0, 20, 19, 101
"/home/david/DVHS Robotics/bubonic-corona/venv/lib64/python3.12/site-packages/pygame/examples/testsprite.py", "Python", 149, 0, 0, 0, 0, 0, 0, 0, 0, 0, 0, 0, 49, 53, 251
"/home/david/DVHS Robotics/bubonic-corona/venv/lib64/python3.12/site-packages/pygame/examples/textinput.py", "Python", 159, 0, 0, 0, 0, 0, 0, 0, 0, 0, 0, 0, 41, 36, 236
"/home/david/DVHS Robotics/bubonic-corona/venv/lib64/python3.12/site-packages/pygame/examples/vgrade.py", "Python", 54, 0, 0, 0, 0, 0, 0, 0, 0, 0, 0, 0, 31, 18, 103
"/home/david/DVHS Robotics/bubonic-corona/venv/lib64/python3.12/site-packages/pygame/examples/video.py", "Python", 112, 0, 0, 0, 0, 0, 0, 0, 0, 0, 0, 0, 19, 28, 159
"/home/david/DVHS Robotics/bubonic-corona/venv/lib64/python3.12/site-packages/pygame/fastevent.py", "Python", 34, 0, 0, 0, 0, 0, 0, 0, 0, 0, 0, 0, 33, 22, 89
"/home/david/DVHS Robotics/bubonic-corona/venv/lib64/python3.12/site-packages/pygame/fastevent.pyi", "Python", 9, 0, 0, 0, 0, 0, 0, 0, 0, 0, 0, 0, 0, 3, 12
"/home/david/DVHS Robotics/bubonic-corona/venv/lib64/python3.12/site-packages/pygame/font.pyi", "Python", 53, 0, 0, 0, 0, 0, 0, 0, 0, 0, 0, 0, 2, 7, 62
"/home/david/DVHS Robotics/bubonic-corona/venv/lib64/python3.12/site-packages/pygame/freetype.py", "Python", 49, 0, 0, 0, 0, 0, 0, 0, 0, 0, 0, 0, 23, 7, 79
"/home/david/DVHS Robotics/bubonic-corona/venv/lib64/python3.12/site-packages/pygame/freetype.pyi", "Python", 123, 0, 0, 0, 0, 0, 0, 0, 0, 0, 0, 0, 0, 6, 129
"/home/david/DVHS Robotics/bubonic-corona/venv/lib64/python3.12/site-packages/pygame/ftfont.py", "Python", 99, 0, 0, 0, 0, 0, 0, 0, 0, 0, 0, 0, 58, 47, 204
"/home/david/DVHS Robotics/bubonic-corona/venv/lib64/python3.12/site-packages/pygame/gfxdraw.pyi", "Python", 88, 0, 0, 0, 0, 0, 0, 0, 0, 0, 0, 0, 0, 4, 92
"/home/david/DVHS Robotics/bubonic-corona/venv/lib64/python3.12/site-packages/pygame/image.pyi", "Python", 40, 0, 0, 0, 0, 0, 0, 0, 0, 0, 0, 0, 1, 5, 46
"/home/david/DVHS Robotics/bubonic-corona/venv/lib64/python3.12/site-packages/pygame/joystick.pyi", "Python", 29, 0, 0, 0, 0, 0, 0, 0, 0, 0, 0, 0, 4, 3, 36
"/home/david/DVHS Robotics/bubonic-corona/venv/lib64/python3.12/site-packages/pygame/key.pyi", "Python", 14, 0, 0, 0, 0, 0, 0, 0, 0, 0, 0, 0, 0, 4, 18
"/home/david/DVHS Robotics/bubonic-corona/venv/lib64/python3.12/site-packages/pygame/locals.py", "Python", 5, 0, 0, 0, 0, 0, 0, 0, 0, 0, 0, 0, 21, 5, 31
"/home/david/DVHS Robotics/bubonic-corona/venv/lib64/python3.12/site-packages/pygame/locals.pyi", "Python", 558, 0, 0, 0, 0, 0, 0, 0, 0, 0, 0, 0, 3, 2, 563
"/home/david/DVHS Robotics/bubonic-corona/venv/lib64/python3.12/site-packages/pygame/macosx.py", "Python", 9, 0, 0, 0, 0, 0, 0, 0, 0, 0, 0, 0, 1, 4, 14
"/home/david/DVHS Robotics/bubonic-corona/venv/lib64/python3.12/site-packages/pygame/mask.pyi", "Python", 54, 0, 0, 0, 0, 0, 0, 0, 0, 0, 0, 0, 0, 6, 60
"/home/david/DVHS Robotics/bubonic-corona/venv/lib64/python3.12/site-packages/pygame/math.pyi", "Python", 322, 0, 0, 0, 0, 0, 0, 0, 0, 0, 0, 0, 8, 13, 343
"/home/david/DVHS Robotics/bubonic-corona/venv/lib64/python3.12/site-packages/pygame/midi.py", "Python", 233, 0, 0, 0, 0, 0, 0, 0, 0, 0, 0, 0, 399, 86, 718
"/home/david/DVHS Robotics/bubonic-corona/venv/lib64/python3.12/site-packages/pygame/midi.pyi", "Python", 43, 0, 0, 0, 0, 0, 0, 0, 0, 0, 0, 0, 0, 7, 50
"/home/david/DVHS Robotics/bubonic-corona/venv/lib64/python3.12/site-packages/pygame/mixer.pyi", "Python", 87, 0, 0, 0, 0, 0, 0, 0, 0, 0, 0, 0, 3, 9, 99
"/home/david/DVHS Robotics/bubonic-corona/venv/lib64/python3.12/site-packages/pygame/mixer_music.pyi", "Python", 18, 0, 0, 0, 0, 0, 0, 0, 0, 0, 0, 0, 0, 3, 21
"/home/david/DVHS Robotics/bubonic-corona/venv/lib64/python3.12/site-packages/pygame/mouse.pyi", "Python", 34, 0, 0, 0, 0, 0, 0, 0, 0, 0, 0, 0, 0, 2, 36
"/home/david/DVHS Robotics/bubonic-corona/venv/lib64/python3.12/site-packages/pygame/pixelarray.pyi", "Python", 36, 0, 0, 0, 0, 0, 0, 0, 0, 0, 0, 0, 2, 4, 42
"/home/david/DVHS Robotics/bubonic-corona/venv/lib64/python3.12/site-packages/pygame/pixelcopy.pyi", "Python", 16, 0, 0, 0, 0, 0, 0, 0, 0, 0, 0, 0, 0, 5, 21
"/home/david/DVHS Robotics/bubonic-corona/venv/lib64/python3.12/site-packages/pygame/pkgdata.py", "Python", 22, 0, 0, 0, 0, 0, 0, 0, 0, 0, 0, 0, 46, 10, 78
"/home/david/DVHS Robotics/bubonic-corona/venv/lib64/python3.12/site-packages/pygame/rect.pyi", "Python", 198, 0, 0, 0, 0, 0, 0, 0, 0, 0, 0, 0, 5, 6, 209
"/home/david/DVHS Robotics/bubonic-corona/venv/lib64/python3.12/site-packages/pygame/rwobject.pyi", "Python", 16, 0, 0, 0, 0, 0, 0, 0, 0, 0, 0, 0, 0, 3, 19
"/home/david/DVHS Robotics/bubonic-corona/venv/lib64/python3.12/site-packages/pygame/scrap.pyi", "Python", 10, 0, 0, 0, 0, 0, 0, 0, 0, 0, 0, 0, 0, 2, 12
"/home/david/DVHS Robotics/bubonic-corona/venv/lib64/python3.12/site-packages/pygame/sndarray.py", "Python", 46, 0, 0, 0, 0, 0, 0, 0, 0, 0, 0, 0, 73, 21, 140
"/home/david/DVHS Robotics/bubonic-corona/venv/lib64/python3.12/site-packages/pygame/sndarray.pyi", "Python", 9, 0, 0, 0, 0, 0, 0, 0, 0, 0, 0, 0, 0, 4, 13
"/home/david/DVHS Robotics/bubonic-corona/venv/lib64/python3.12/site-packages/pygame/sprite.py", "Python", 763, 0, 0, 0, 0, 0, 0, 0, 0, 0, 0, 0, 860, 191, 1814
"/home/david/DVHS Robotics/bubonic-corona/venv/lib64/python3.12/site-packages/pygame/sprite.pyi", "Python", 212, 0, 0, 0, 0, 0, 0, 0, 0, 0, 0, 0, 39, 37, 288
"/home/david/DVHS Robotics/bubonic-corona/venv/lib64/python3.12/site-packages/pygame/surface.pyi", "Python", 144, 0, 0, 0, 0, 0, 0, 0, 0, 0, 0, 0, 0, 6, 150
"/home/david/DVHS Robotics/bubonic-corona/venv/lib64/python3.12/site-packages/pygame/surfarray.py", "Python", 149, 0, 0, 0, 0, 0, 0, 0, 0, 0, 0, 0, 252, 48, 449
"/home/david/DVHS Robotics/bubonic-corona/venv/lib64/python3.12/site-packages/pygame/surfarray.pyi", "Python", 26, 0, 0, 0, 0, 0, 0, 0, 0, 0, 0, 0, 1, 5, 32
"/home/david/DVHS Robotics/bubonic-corona/venv/lib64/python3.12/site-packages/pygame/surflock.pyi", "Python", 0, 0, 0, 0, 0, 0, 0, 0, 0, 0, 0, 0, 2, 1, 3
"/home/david/DVHS Robotics/bubonic-corona/venv/lib64/python3.12/site-packages/pygame/sysfont.py", "Python", 309, 0, 0, 0, 0, 0, 0, 0, 0, 0, 0, 0, 124, 83, 516
"/home/david/DVHS Robotics/bubonic-corona/venv/lib64/python3.12/site-packages/pygame/tests/__init__.py", "Python", 16, 0, 0, 0, 0, 0, 0, 0, 0, 0, 0, 0, 21, 4, 41
"/home/david/DVHS Robotics/bubonic-corona/venv/lib64/python3.12/site-packages/pygame/tests/__main__.py", "Python", 29, 0, 0, 0, 0, 0, 0, 0, 0, 0, 0, 0, 104, 11, 144
"/home/david/DVHS Robotics/bubonic-corona/venv/lib64/python3.12/site-packages/pygame/tests/base_test.py", "Python", 489, 0, 0, 0, 0, 0, 0, 0, 0, 0, 0, 0, 49, 86, 624
"/home/david/DVHS Robotics/bubonic-corona/venv/lib64/python3.12/site-packages/pygame/tests/blit_test.py", "Python", 109, 0, 0, 0, 0, 0, 0, 0, 0, 0, 0, 0, 38, 46, 193
"/home/david/DVHS Robotics/bubonic-corona/venv/lib64/python3.12/site-packages/pygame/tests/bufferproxy_test.py", "Python", 419, 0, 0, 0, 0, 0, 0, 0, 0, 0, 0, 0, 21, 65, 505
"/home/david/DVHS Robotics/bubonic-corona/venv/lib64/python3.12/site-packages/pygame/tests/camera_test.py", "Python", 26, 0, 0, 0, 0, 0, 0, 0, 0, 0, 0, 0, 0, 10, 36
"/home/david/DVHS Robotics/bubonic-corona/venv/lib64/python3.12/site-packages/pygame/tests/color_test.py", "Python", 1017, 0, 0, 0, 0, 0, 0, 0, 0, 0, 0, 0, 104, 240, 1361
"/home/david/DVHS Robotics/bubonic-corona/venv/lib64/python3.12/site-packages/pygame/tests/constants_test.py", "Python", 343, 0, 0, 0, 0, 0, 0, 0, 0, 0, 0, 0, 31, 53, 427
"/home/david/DVHS Robotics/bubonic-corona/venv/lib64/python3.12/site-packages/pygame/tests/controller_test.py", "Python", 280, 0, 0, 0, 0, 0, 0, 0, 0, 0, 0, 0, 1, 77, 358
"/home/david/DVHS Robotics/bubonic-corona/venv/lib64/python3.12/site-packages/pygame/tests/cursors_test.py", "Python", 220, 0, 0, 0, 0, 0, 0, 0, 0, 0, 0, 0, 37, 34, 291
"/home/david/DVHS Robotics/bubonic-corona/venv/lib64/python3.12/site-packages/pygame/tests/display_test.py", "Python", 878, 0, 0, 0, 0, 0, 0, 0, 0, 0, 0, 0, 134, 188, 1200
"/home/david/DVHS Robotics/bubonic-corona/venv/lib64/python3.12/site-packages/pygame/tests/docs_test.py", "Python", 25, 0, 0, 0, 0, 0, 0, 0, 0, 0, 0, 0, 3, 8, 36
"/home/david/DVHS Robotics/bubonic-corona/venv/lib64/python3.12/site-packages/pygame/tests/draw_test.py", "Python", 4592, 0, 0, 0, 0, 0, 0, 0, 0, 0, 0, 0, 926, 1060, 6578
"/home/david/DVHS Robotics/bubonic-corona/venv/lib64/python3.12/site-packages/pygame/tests/event_test.py", "Python", 623, 0, 0, 0, 0, 0, 0, 0, 0, 0, 0, 0, 130, 209, 962
"/home/david/DVHS Robotics/bubonic-corona/venv/lib64/python3.12/site-packages/pygame/tests/font_test.py", "Python", 550, 0, 0, 0, 0, 0, 0, 0, 0, 0, 0, 0, 77, 122, 749
"/home/david/DVHS Robotics/bubonic-corona/venv/lib64/python3.12/site-packages/pygame/tests/freetype_tags.py", "Python", 8, 0, 0, 0, 0, 0, 0, 0, 0, 0, 0, 0, 0, 4, 12
"/home/david/DVHS Robotics/bubonic-corona/venv/lib64/python3.12/site-packages/pygame/tests/freetype_test.py", "Python", 1329, 0, 0, 0, 0, 0, 0, 0, 0, 0, 0, 0, 201, 267, 1797
"/home/david/DVHS Robotics/bubonic-corona/venv/lib64/python3.12/site-packages/pygame/tests/ftfont_tags.py", "Python", 8, 0, 0, 0, 0, 0, 0, 0, 0, 0, 0, 0, 0, 4, 12
"/home/david/DVHS Robotics/bubonic-corona/venv/lib64/python3.12/site-packages/pygame/tests/ftfont_test.py", "Python", 13, 0, 0, 0, 0, 0, 0, 0, 0, 0, 0, 0, 0, 5, 18
"/home/david/DVHS Robotics/bubonic-corona/venv/lib64/python3.12/site-packages/pygame/tests/gfxdraw_test.py", "Python", 749, 0, 0, 0, 0, 0, 0, 0, 0, 0, 0, 0, 73, 55, 877
"/home/david/DVHS Robotics/bubonic-corona/venv/lib64/python3.12/site-packages/pygame/tests/image__save_gl_surface_test.py", "Python", 27, 0, 0, 0, 0, 0, 0, 0, 0, 0, 0, 0, 6, 14, 47
"/home/david/DVHS Robotics/bubonic-corona/venv/lib64/python3.12/site-packages/pygame/tests/image_tags.py", "Python", 5, 0, 0, 0, 0, 0, 0, 0, 0, 0, 0, 0, 0, 3, 8
"/home/david/DVHS Robotics/bubonic-corona/venv/lib64/python3.12/site-packages/pygame/tests/image_test.py", "Python", 1023, 0, 0, 0, 0, 0, 0, 0, 0, 0, 0, 0, 101, 159, 1283
"/home/david/DVHS Robotics/bubonic-corona/venv/lib64/python3.12/site-packages/pygame/tests/imageext_tags.py", "Python", 5, 0, 0, 0, 0, 0, 0, 0, 0, 0, 0, 0, 0, 3, 8
"/home/david/DVHS Robotics/bubonic-corona/venv/lib64/python3.12/site-packages/pygame/tests/imageext_test.py", "Python", 67, 0, 0, 0, 0, 0, 0, 0, 0, 0, 0, 0, 4, 23, 94
"/home/david/DVHS Robotics/bubonic-corona/venv/lib64/python3.12/site-packages/pygame/tests/joystick_test.py", "Python", 87, 0, 0, 0, 0, 0, 0, 0, 0, 0, 0, 0, 44, 36, 167
"/home/david/DVHS Robotics/bubonic-corona/venv/lib64/python3.12/site-packages/pygame/tests/key_test.py", "Python", 244, 0, 0, 0, 0, 0, 0, 0, 0, 0, 0, 0, 34, 29, 307
"/home/david/DVHS Robotics/bubonic-corona/venv/lib64/python3.12/site-packages/pygame/tests/locals_test.py", "Python", 10, 0, 0, 0, 0, 0, 0, 0, 0, 0, 0, 0, 1, 7, 18
"/home/david/DVHS Robotics/bubonic-corona/venv/lib64/python3.12/site-packages/pygame/tests/mask_test.py", "Python", 4263, 0, 0, 0, 0, 0, 0, 0, 0, 0, 0, 0, 920, 1259, 6442
"/home/david/DVHS Robotics/bubonic-corona/venv/lib64/python3.12/site-packages/pygame/tests/math_test.py", "Python", 2460, 0, 0, 0, 0, 0, 0, 0, 0, 0, 0, 0, 136, 334, 2930
"/home/david/DVHS Robotics/bubonic-corona/venv/lib64/python3.12/site-packages/pygame/tests/midi_test.py", "Python", 319, 0, 0, 0, 0, 0, 0, 0, 0, 0, 0, 0, 56, 89, 464
"/home/david/DVHS Robotics/bubonic-corona/venv/lib64/python3.12/site-packages/pygame/tests/mixer_music_tags.py", "Python", 5, 0, 0, 0, 0, 0, 0, 0, 0, 0, 0, 0, 0, 3, 8
"/home/david/DVHS Robotics/bubonic-corona/venv/lib64/python3.12/site-packages/pygame/tests/mixer_music_test.py", "Python", 255, 0, 0, 0, 0, 0, 0, 0, 0, 0, 0, 0, 145, 94, 494
"/home/david/DVHS Robotics/bubonic-corona/venv/lib64/python3.12/site-packages/pygame/tests/mixer_tags.py", "Python", 5, 0, 0, 0, 0, 0, 0, 0, 0, 0, 0, 0, 0, 3, 8
"/home/david/DVHS Robotics/bubonic-corona/venv/lib64/python3.12/site-packages/pygame/tests/mixer_test.py", "Python", 1000, 0, 0, 0, 0, 0, 0, 0, 0, 0, 0, 0, 218, 262, 1480
"/home/david/DVHS Robotics/bubonic-corona/venv/lib64/python3.12/site-packages/pygame/tests/mouse_test.py", "Python", 225, 0, 0, 0, 0, 0, 0, 0, 0, 0, 0, 0, 45, 79, 349
"/home/david/DVHS Robotics/bubonic-corona/venv/lib64/python3.12/site-packages/pygame/tests/pixelarray_test.py", "Python", 1353, 0, 0, 0, 0, 0, 0, 0, 0, 0, 0, 0, 111, 204, 1668
"/home/david/DVHS Robotics/bubonic-corona/venv/lib64/python3.12/site-packages/pygame/tests/pixelcopy_test.py", "Python", 608, 0, 0, 0, 0, 0, 0, 0, 0, 0, 0, 0, 19, 84, 711
"/home/david/DVHS Robotics/bubonic-corona/venv/lib64/python3.12/site-packages/pygame/tests/rect_test.py", "Python", 2322, 0, 0, 0, 0, 0, 0, 0, 0, 0, 0, 0, 415, 576, 3313
"/home/david/DVHS Robotics/bubonic-corona/venv/lib64/python3.12/site-packages/pygame/tests/run_tests__tests/__init__.py", "Python", 0, 0, 0, 0, 0, 0, 0, 0, 0, 0, 0, 0, 1, 1, 2
"/home/david/DVHS Robotics/bubonic-corona/venv/lib64/python3.12/site-packages/pygame/tests/run_tests__tests/all_ok/__init__.py", "Python", 0, 0, 0, 0, 0, 0, 0, 0, 0, 0, 0, 0, 1, 1, 2
"/home/david/DVHS Robotics/bubonic-corona/venv/lib64/python3.12/site-packages/pygame/tests/run_tests__tests/all_ok/fake_2_test.py", "Python", 28, 0, 0, 0, 0, 0, 0, 0, 0, 0, 0, 0, 0, 12, 40
"/home/david/DVHS Robotics/bubonic-corona/venv/lib64/python3.12/site-packages/pygame/tests/run_tests__tests/all_ok/fake_3_test.py", "Python", 28, 0, 0, 0, 0, 0, 0, 0, 0, 0, 0, 0, 0, 12, 40
"/home/david/DVHS Robotics/bubonic-corona/venv/lib64/python3.12/site-packages/pygame/tests/run_tests__tests/all_ok/fake_4_test.py", "Python", 28, 0, 0, 0, 0, 0, 0, 0, 0, 0, 0, 0, 0, 12, 40
"/home/david/DVHS Robotics/bubonic-corona/venv/lib64/python3.12/site-packages/pygame/tests/run_tests__tests/all_ok/fake_5_test.py", "Python", 28, 0, 0, 0, 0, 0, 0, 0, 0, 0, 0, 0, 0, 12, 40
"/home/david/DVHS Robotics/bubonic-corona/venv/lib64/python3.12/site-packages/pygame/tests/run_tests__tests/all_ok/fake_6_test.py", "Python", 28, 0, 0, 0, 0, 0, 0, 0, 0, 0, 0, 0, 0, 12, 40
"/home/david/DVHS Robotics/bubonic-corona/venv/lib64/python3.12/site-packages/pygame/tests/run_tests__tests/all_ok/no_assertions__ret_code_of_1__test.py", "Python", 28, 0, 0, 0, 0, 0, 0, 0, 0, 0, 0, 0, 0, 12, 40
"/home/david/DVHS Robotics/bubonic-corona/venv/lib64/python3.12/site-packages/pygame/tests/run_tests__tests/all_ok/zero_tests_test.py", "Python", 17, 0, 0, 0, 0, 0, 0, 0, 0, 0, 0, 0, 0, 7, 24
"/home/david/DVHS Robotics/bubonic-corona/venv/lib64/python3.12/site-packages/pygame/tests/run_tests__tests/everything/__init__.py", "Python", 0, 0, 0, 0, 0, 0, 0, 0, 0, 0, 0, 0, 1, 1, 2
"/home/david/DVHS Robotics/bubonic-corona/venv/lib64/python3.12/site-packages/pygame/tests/run_tests__tests/everything/fake_2_test.py", "Python", 28, 0, 0, 0, 0, 0, 0, 0, 0, 0, 0, 0, 0, 12, 40
"/home/david/DVHS Robotics/bubonic-corona/venv/lib64/python3.12/site-packages/pygame/tests/run_tests__tests/everything/incomplete_todo_test.py", "Python", 28, 0, 0, 0, 0, 0, 0, 0, 0, 0, 0, 0, 0, 12, 40
"/home/david/DVHS Robotics/bubonic-corona/venv/lib64/python3.12/site-packages/pygame/tests/run_tests__tests/everything/magic_tag_test.py", "Python", 27, 0, 0, 0, 0, 0, 0, 0, 0, 0, 0, 0, 0, 12, 39
"/home/david/DVHS Robotics/bubonic-corona/venv/lib64/python3.12/site-packages/pygame/tests/run_tests__tests/everything/sleep_test.py", "Python", 22, 0, 0, 0, 0, 0, 0, 0, 0, 0, 0, 0, 0, 8, 30
"/home/david/DVHS Robotics/bubonic-corona/venv/lib64/python3.12/site-packages/pygame/tests/run_tests__tests/exclude/__init__.py", "Python", 0, 0, 0, 0, 0, 0, 0, 0, 0, 0, 0, 0, 1, 1, 2
"/home/david/DVHS Robotics/bubonic-corona/venv/lib64/python3.12/site-packages/pygame/tests/run_tests__tests/exclude/fake_2_test.py", "Python", 28, 0, 0, 0, 0, 0, 0, 0, 0, 0, 0, 0, 0, 12, 40
"/home/david/DVHS Robotics/bubonic-corona/venv/lib64/python3.12/site-packages/pygame/tests/run_tests__tests/exclude/invisible_tag_test.py", "Python", 29, 0, 0, 0, 0, 0, 0, 0, 0, 0, 0, 0, 0, 13, 42
"/home/david/DVHS Robotics/bubonic-corona/venv/lib64/python3.12/site-packages/pygame/tests/run_tests__tests/exclude/magic_tag_test.py", "Python", 27, 0, 0, 0, 0, 0, 0, 0, 0, 0, 0, 0, 0, 12, 39
"/home/david/DVHS Robotics/bubonic-corona/venv/lib64/python3.12/site-packages/pygame/tests/run_tests__tests/failures1/__init__.py", "Python", 0, 0, 0, 0, 0, 0, 0, 0, 0, 0, 0, 0, 1, 1, 2
"/home/david/DVHS Robotics/bubonic-corona/venv/lib64/python3.12/site-packages/pygame/tests/run_tests__tests/failures1/fake_2_test.py", "Python", 28, 0, 0, 0, 0, 0, 0, 0, 0, 0, 0, 0, 0, 12, 40
"/home/david/DVHS Robotics/bubonic-corona/venv/lib64/python3.12/site-packages/pygame/tests/run_tests__tests/failures1/fake_3_test.py", "Python", 28, 0, 0, 0, 0, 0, 0, 0, 0, 0, 0, 0, 0, 12, 40
"/home/david/DVHS Robotics/bubonic-corona/venv/lib64/python3.12/site-packages/pygame/tests/run_tests__tests/failures1/fake_4_test.py", "Python", 30, 0, 0, 0, 0, 0, 0, 0, 0, 0, 0, 0, 0, 12, 42
"/home/david/DVHS Robotics/bubonic-corona/venv/lib64/python3.12/site-packages/pygame/tests/run_tests__tests/incomplete/__init__.py", "Python", 0, 0, 0, 0, 0, 0, 0, 0, 0, 0, 0, 0, 1, 1, 2
"/home/david/DVHS Robotics/bubonic-corona/venv/lib64/python3.12/site-packages/pygame/tests/run_tests__tests/incomplete/fake_2_test.py", "Python", 28, 0, 0, 0, 0, 0, 0, 0, 0, 0, 0, 0, 0, 12, 40
"/home/david/DVHS Robotics/bubonic-corona/venv/lib64/python3.12/site-packages/pygame/tests/run_tests__tests/incomplete/fake_3_test.py", "Python", 28, 0, 0, 0, 0, 0, 0, 0, 0, 0, 0, 0, 0, 12, 40
"/home/david/DVHS Robotics/bubonic-corona/venv/lib64/python3.12/site-packages/pygame/tests/run_tests__tests/incomplete_todo/__init__.py", "Python", 0, 0, 0, 0, 0, 0, 0, 0, 0, 0, 0, 0, 1, 1, 2
"/home/david/DVHS Robotics/bubonic-corona/venv/lib64/python3.12/site-packages/pygame/tests/run_tests__tests/incomplete_todo/fake_2_test.py", "Python", 28, 0, 0, 0, 0, 0, 0, 0, 0, 0, 0, 0, 0, 12, 40
"/home/david/DVHS Robotics/bubonic-corona/venv/lib64/python3.12/site-packages/pygame/tests/run_tests__tests/incomplete_todo/fake_3_test.py", "Python", 28, 0, 0, 0, 0, 0, 0, 0, 0, 0, 0, 0, 0, 12, 40
"/home/david/DVHS Robotics/bubonic-corona/venv/lib64/python3.12/site-packages/pygame/tests/run_tests__tests/infinite_loop/__init__.py", "Python", 0, 0, 0, 0, 0, 0, 0, 0, 0, 0, 0, 0, 1, 1, 2
"/home/david/DVHS Robotics/bubonic-corona/venv/lib64/python3.12/site-packages/pygame/tests/run_tests__tests/infinite_loop/fake_1_test.py", "Python", 29, 0, 0, 0, 0, 0, 0, 0, 0, 0, 0, 0, 0, 12, 41
"/home/david/DVHS Robotics/bubonic-corona/venv/lib64/python3.12/site-packages/pygame/tests/run_tests__tests/infinite_loop/fake_2_test.py", "Python", 28, 0, 0, 0, 0, 0, 0, 0, 0, 0, 0, 0, 0, 12, 40
"/home/david/DVHS Robotics/bubonic-corona/venv/lib64/python3.12/site-packages/pygame/tests/run_tests__tests/print_stderr/__init__.py", "Python", 0, 0, 0, 0, 0, 0, 0, 0, 0, 0, 0, 0, 1, 1, 2
"/home/david/DVHS Robotics/bubonic-corona/venv/lib64/python3.12/site-packages/pygame/tests/run_tests__tests/print_stderr/fake_2_test.py", "Python", 28, 0, 0, 0, 0, 0, 0, 0, 0, 0, 0, 0, 0, 12, 40
"/home/david/DVHS Robotics/bubonic-corona/venv/lib64/python3.12/site-packages/pygame/tests/run_tests__tests/print_stderr/fake_3_test.py", "Python", 29, 0, 0, 0, 0, 0, 0, 0, 0, 0, 0, 0, 0, 13, 42
"/home/david/DVHS Robotics/bubonic-corona/venv/lib64/python3.12/site-packages/pygame/tests/run_tests__tests/print_stderr/fake_4_test.py", "Python", 30, 0, 0, 0, 0, 0, 0, 0, 0, 0, 0, 0, 0, 12, 42
"/home/david/DVHS Robotics/bubonic-corona/venv/lib64/python3.12/site-packages/pygame/tests/run_tests__tests/print_stdout/__init__.py", "Python", 0, 0, 0, 0, 0, 0, 0, 0, 0, 0, 0, 0, 1, 1, 2
"/home/david/DVHS Robotics/bubonic-corona/venv/lib64/python3.12/site-packages/pygame/tests/run_tests__tests/print_stdout/fake_2_test.py", "Python", 28, 0, 0, 0, 0, 0, 0, 0, 0, 0, 0, 0, 0, 12, 40
"/home/david/DVHS Robotics/bubonic-corona/venv/lib64/python3.12/site-packages/pygame/tests/run_tests__tests/print_stdout/fake_3_test.py", "Python", 30, 0, 0, 0, 0, 0, 0, 0, 0, 0, 0, 0, 0, 13, 43
"/home/david/DVHS Robotics/bubonic-corona/venv/lib64/python3.12/site-packages/pygame/tests/run_tests__tests/print_stdout/fake_4_test.py", "Python", 30, 0, 0, 0, 0, 0, 0, 0, 0, 0, 0, 0, 0, 12, 42
"/home/david/DVHS Robotics/bubonic-corona/venv/lib64/python3.12/site-packages/pygame/tests/run_tests__tests/run_tests__test.py", "Python", 95, 0, 0, 0, 0, 0, 0, 0, 0, 0, 0, 0, 11, 40, 146
"/home/david/DVHS Robotics/bubonic-corona/venv/lib64/python3.12/site-packages/pygame/tests/run_tests__tests/timeout/__init__.py", "Python", 0, 0, 0, 0, 0, 0, 0, 0, 0, 0, 0, 0, 1, 1, 2
"/home/david/DVHS Robotics/bubonic-corona/venv/lib64/python3.12/site-packages/pygame/tests/run_tests__tests/timeout/fake_2_test.py", "Python", 28, 0, 0, 0, 0, 0, 0, 0, 0, 0, 0, 0, 0, 12, 40
"/home/david/DVHS Robotics/bubonic-corona/venv/lib64/python3.12/site-packages/pygame/tests/run_tests__tests/timeout/sleep_test.py", "Python", 22, 0, 0, 0, 0, 0, 0, 0, 0, 0, 0, 0, 0, 9, 31
"/home/david/DVHS Robotics/bubonic-corona/venv/lib64/python3.12/site-packages/pygame/tests/rwobject_test.py", "Python", 90, 0, 0, 0, 0, 0, 0, 0, 0, 0, 0, 0, 11, 39, 140
"/home/david/DVHS Robotics/bubonic-corona/venv/lib64/python3.12/site-packages/pygame/tests/scrap_tags.py", "Python", 1, 0, 0, 0, 0, 0, 0, 0, 0, 0, 0, 0, 23, 3, 27
"/home/david/DVHS Robotics/bubonic-corona/venv/lib64/python3.12/site-packages/pygame/tests/scrap_test.py", "Python", 186, 0, 0, 0, 0, 0, 0, 0, 0, 0, 0, 0, 54, 62, 302
"/home/david/DVHS Robotics/bubonic-corona/venv/lib64/python3.12/site-packages/pygame/tests/sndarray_tags.py", "Python", 9, 0, 0, 0, 0, 0, 0, 0, 0, 0, 0, 0, 0, 4, 13
"/home/david/DVHS Robotics/bubonic-corona/venv/lib64/python3.12/site-packages/pygame/tests/sndarray_test.py", "Python", 124, 0, 0, 0, 0, 0, 0, 0, 0, 0, 0, 0, 7, 24, 155
"/home/david/DVHS Robotics/bubonic-corona/venv/lib64/python3.12/site-packages/pygame/tests/sprite_test.py", "Python", 932, 0, 0, 0, 0, 0, 0, 0, 0, 0, 0, 0, 139, 342, 1413
"/home/david/DVHS Robotics/bubonic-corona/venv/lib64/python3.12/site-packages/pygame/tests/surface_test.py", "Python", 3097, 0, 0, 0, 0, 0, 0, 0, 0, 0, 0, 0, 459, 509, 4065
"/home/david/DVHS Robotics/bubonic-corona/venv/lib64/python3.12/site-packages/pygame/tests/surfarray_tags.py", "Python", 13, 0, 0, 0, 0, 0, 0, 0, 0, 0, 0, 0, 0, 4, 17
"/home/david/DVHS Robotics/bubonic-corona/venv/lib64/python3.12/site-packages/pygame/tests/surfarray_test.py", "Python", 609, 0, 0, 0, 0, 0, 0, 0, 0, 0, 0, 0, 31, 104, 744
"/home/david/DVHS Robotics/bubonic-corona/venv/lib64/python3.12/site-packages/pygame/tests/surflock_test.py", "Python", 99, 0, 0, 0, 0, 0, 0, 0, 0, 0, 0, 0, 13, 33, 145
"/home/david/DVHS Robotics/bubonic-corona/venv/lib64/python3.12/site-packages/pygame/tests/sysfont_test.py", "Python", 34, 0, 0, 0, 0, 0, 0, 0, 0, 0, 0, 0, 1, 17, 52
"/home/david/DVHS Robotics/bubonic-corona/venv/lib64/python3.12/site-packages/pygame/tests/test_utils/__init__.py", "Python", 89, 0, 0, 0, 0, 0, 0, 0, 0, 0, 0, 0, 57, 56, 202
"/home/david/DVHS Robotics/bubonic-corona/venv/lib64/python3.12/site-packages/pygame/tests/test_utils/arrinter.py", "Python", 383, 0, 0, 0, 0, 0, 0, 0, 0, 0, 0, 0, 1, 55, 439
"/home/david/DVHS Robotics/bubonic-corona/venv/lib64/python3.12/site-packages/pygame/tests/test_utils/async_sub.py", "Python", 220, 0, 0, 0, 0, 0, 0, 0, 0, 0, 0, 0, 18, 64, 302
"/home/david/DVHS Robotics/bubonic-corona/venv/lib64/python3.12/site-packages/pygame/tests/test_utils/buftools.py", "Python", 518, 0, 0, 0, 0, 0, 0, 0, 0, 0, 0, 0, 42, 48, 608
"/home/david/DVHS Robotics/bubonic-corona/venv/lib64/python3.12/site-packages/pygame/tests/test_utils/endian.py", "Python", 7, 0, 0, 0, 0, 0, 0, 0, 0, 0, 0, 0, 6, 8, 21
"/home/david/DVHS Robotics/bubonic-corona/venv/lib64/python3.12/site-packages/pygame/tests/test_utils/png.py", "Python", 2015, 0, 0, 0, 0, 0, 0, 0, 0, 0, 0, 0, 1592, 399, 4006
"/home/david/DVHS Robotics/bubonic-corona/venv/lib64/python3.12/site-packages/pygame/tests/test_utils/run_tests.py", "Python", 208, 0, 0, 0, 0, 0, 0, 0, 0, 0, 0, 0, 87, 56, 351
"/home/david/DVHS Robotics/bubonic-corona/venv/lib64/python3.12/site-packages/pygame/tests/test_utils/test_machinery.py", "Python", 63, 0, 0, 0, 0, 0, 0, 0, 0, 0, 0, 0, 1, 26, 90
"/home/david/DVHS Robotics/bubonic-corona/venv/lib64/python3.12/site-packages/pygame/tests/test_utils/test_runner.py", "Python", 229, 0, 0, 0, 0, 0, 0, 0, 0, 0, 0, 0, 31, 65, 325
"/home/david/DVHS Robotics/bubonic-corona/venv/lib64/python3.12/site-packages/pygame/tests/threads_test.py", "Python", 104, 0, 0, 0, 0, 0, 0, 0, 0, 0, 0, 0, 67, 68, 239
"/home/david/DVHS Robotics/bubonic-corona/venv/lib64/python3.12/site-packages/pygame/tests/time_test.py", "Python", 263, 0, 0, 0, 0, 0, 0, 0, 0, 0, 0, 0, 84, 64, 411
"/home/david/DVHS Robotics/bubonic-corona/venv/lib64/python3.12/site-packages/pygame/tests/touch_test.py", "Python", 71, 0, 0, 0, 0, 0, 0, 0, 0, 0, 0, 0, 1, 26, 98
"/home/david/DVHS Robotics/bubonic-corona/venv/lib64/python3.12/site-packages/pygame/tests/transform_test.py", "Python", 962, 0, 0, 0, 0, 0, 0, 0, 0, 0, 0, 0, 200, 259, 1421
"/home/david/DVHS Robotics/bubonic-corona/venv/lib64/python3.12/site-packages/pygame/tests/version_test.py", "Python", 38, 0, 0, 0, 0, 0, 0, 0, 0, 0, 0, 0, 0, 11, 49
"/home/david/DVHS Robotics/bubonic-corona/venv/lib64/python3.12/site-packages/pygame/tests/video_test.py", "Python", 19, 0, 0, 0, 0, 0, 0, 0, 0, 0, 0, 0, 1, 7, 27
"/home/david/DVHS Robotics/bubonic-corona/venv/lib64/python3.12/site-packages/pygame/threads/__init__.py", "Python", 133, 0, 0, 0, 0, 0, 0, 0, 0, 0, 0, 0, 83, 56, 272
"/home/david/DVHS Robotics/bubonic-corona/venv/lib64/python3.12/site-packages/pygame/time.pyi", "Python", 13, 0, 0, 0, 0, 0, 0, 0, 0, 0, 0, 0, 0, 3, 16
"/home/david/DVHS Robotics/bubonic-corona/venv/lib64/python3.12/site-packages/pygame/transform.pyi", "Python", 55, 0, 0, 0, 0, 0, 0, 0, 0, 0, 0, 0, 0, 4, 59
"/home/david/DVHS Robotics/bubonic-corona/venv/lib64/python3.12/site-packages/pygame/version.py", "Python", 22, 0, 0, 0, 0, 0, 0, 0, 0, 0, 0, 0, 39, 12, 73
"/home/david/DVHS Robotics/bubonic-corona/venv/lib64/python3.12/site-packages/pygame/version.pyi", "Python", 19, 0, 0, 0, 0, 0, 0, 0, 0, 0, 0, 0, 0, 5, 24
"/home/david/DVHS Robotics/bubonic-corona/venv/lib64/python3.12/site-packages/setuptools/__init__.py", "Python", 123, 0, 0, 0, 0, 0, 0, 0, 0, 0, 0, 0, 92, 42, 257
"/home/david/DVHS Robotics/bubonic-corona/venv/lib64/python3.12/site-packages/setuptools/_core_metadata.py", "Python", 191, 0, 0, 0, 0, 0, 0, 0, 0, 0, 0, 0, 91, 56, 338
"/home/david/DVHS Robotics/bubonic-corona/venv/lib64/python3.12/site-packages/setuptools/_discovery.py", "Python", 15, 0, 0, 0, 0, 0, 0, 0, 0, 0, 0, 0, 13, 6, 34
"/home/david/DVHS Robotics/bubonic-corona/venv/lib64/python3.12/site-packages/setuptools/_distutils/__init__.py", "Python", 7, 0, 0, 0, 0, 0, 0, 0, 0, 0, 0, 0, 4, 4, 15
"/home/david/DVHS Robotics/bubonic-corona/venv/lib64/python3.12/site-packages/setuptools/_distutils/_log.py", "Python", 2, 0, 0, 0, 0, 0, 0, 0, 0, 0, 0, 0, 0, 2, 4
"/home/david/DVHS Robotics/bubonic-corona/venv/lib64/python3.12/site-packages/setuptools/_distutils/_macos_compat.py", "Python", 8, 0, 0, 0, 0, 0, 0, 0, 0, 0, 0, 0, 0, 5, 13
"/home/david/DVHS Robotics/bubonic-corona/venv/lib64/python3.12/site-packages/setuptools/_distutils/_modified.py", "Python", 45, 0, 0, 0, 0, 0, 0, 0, 0, 0, 0, 0, 32, 19, 96
"/home/david/DVHS Robotics/bubonic-corona/venv/lib64/python3.12/site-packages/setuptools/_distutils/_msvccompiler.py", "Python", 11, 0, 0, 0, 0, 0, 0, 0, 0, 0, 0, 0, 0, 6, 17
"/home/david/DVHS Robotics/bubonic-corona/venv/lib64/python3.12/site-packages/setuptools/_distutils/archive_util.py", "Python", 187, 0, 0, 0, 0, 0, 0, 0, 0, 0, 0, 0, 54, 44, 285
"/home/david/DVHS Robotics/bubonic-corona/venv/lib64/python3.12/site-packages/setuptools/_distutils/ccompiler.py", "Python", 23, 0, 0, 0, 0, 0, 0, 0, 0, 0, 0, 0, 0, 4, 27
"/home/david/DVHS Robotics/bubonic-corona/venv/lib64/python3.12/site-packages/setuptools/_distutils/cmd.py", "Python", 283, 0, 0, 0, 0, 0, 0, 0, 0, 0, 0, 0, 196, 57, 536
"/home/david/DVHS Robotics/bubonic-corona/venv/lib64/python3.12/site-packages/setuptools/_distutils/command/__init__.py", "Python", 18, 0, 0, 0, 0, 0, 0, 0, 0, 0, 0, 0, 4, 2, 24
"/home/david/DVHS Robotics/bubonic-corona/venv/lib64/python3.12/site-packages/setuptools/_distutils/command/_framework_compat.py", "Python", 35, 0, 0, 0, 0, 0, 0, 0, 0, 0, 0, 0, 10, 10, 55
"/home/david/DVHS Robotics/bubonic-corona/venv/lib64/python3.12/site-packages/setuptools/_distutils/command/bdist.py", "Python", 119, 0, 0, 0, 0, 0, 0, 0, 0, 0, 0, 0, 20, 29, 168
"/home/david/DVHS Robotics/bubonic-corona/venv/lib64/python3.12/site-packages/setuptools/_distutils/command/bdist_dumb.py", "Python", 115, 0, 0, 0, 0, 0, 0, 0, 0, 0, 0, 0, 8, 19, 142
"/home/david/DVHS Robotics/bubonic-corona/venv/lib64/python3.12/site-packages/setuptools/_distutils/command/bdist_rpm.py", "Python", 457, 0, 0, 0, 0, 0, 0, 0, 0, 0, 0, 0, 67, 74, 598
"/home/david/DVHS Robotics/bubonic-corona/venv/lib64/python3.12/site-packages/setuptools/_distutils/command/build.py", "Python", 105, 0, 0, 0, 0, 0, 0, 0, 0, 0, 0, 0, 26, 26, 157
"/home/david/DVHS Robotics/bubonic-corona/venv/lib64/python3.12/site-packages/setuptools/_distutils/command/build_clib.py", "Python", 126, 0, 0, 0, 0, 0, 0, 0, 0, 0, 0, 0, 40, 34, 200
"/home/david/DVHS Robotics/bubonic-corona/venv/lib64/python3.12/site-packages/setuptools/_distutils/command/build_ext.py", "Python", 461, 0, 0, 0, 0, 0, 0, 0, 0, 0, 0, 0, 257, 94, 812
"/home/david/DVHS Robotics/bubonic-corona/venv/lib64/python3.12/site-packages/setuptools/_distutils/command/build_py.py", "Python", 252, 0, 0, 0, 0, 0, 0, 0, 0, 0, 0, 0, 99, 54, 405
"/home/david/DVHS Robotics/bubonic-corona/venv/lib64/python3.12/site-packages/setuptools/_distutils/command/build_scripts.py", "Python", 99, 0, 0, 0, 0, 0, 0, 0, 0, 0, 0, 0, 25, 27, 151
"/home/david/DVHS Robotics/bubonic-corona/venv/lib64/python3.12/site-packages/setuptools/_distutils/command/check.py", "Python", 110, 0, 0, 0, 0, 0, 0, 0, 0, 0, 0, 0, 21, 22, 153
"/home/david/DVHS Robotics/bubonic-corona/venv/lib64/python3.12/site-packages/setuptools/_distutils/command/clean.py", "Python", 56, 0, 0, 0, 0, 0, 0, 0, 0, 0, 0, 0, 9, 12, 77
"/home/david/DVHS Robotics/bubonic-corona/venv/lib64/python3.12/site-packages/setuptools/_distutils/command/config.py", "Python", 226, 0, 0, 0, 0, 0, 0, 0, 0, 0, 0, 0, 78, 45, 349
"/home/david/DVHS Robotics/bubonic-corona/venv/lib64/python3.12/site-packages/setuptools/_distutils/command/install.py", "Python", 520, 0, 0, 0, 0, 0, 0, 0, 0, 0, 0, 0, 166, 120, 806
"/home/david/DVHS Robotics/bubonic-corona/venv/lib64/python3.12/site-packages/setuptools/_distutils/command/install_data.py", "Python", 67, 0, 0, 0, 0, 0, 0, 0, 0, 0, 0, 0, 11, 17, 95
"/home/david/DVHS Robotics/bubonic-corona/venv/lib64/python3.12/site-packages/setuptools/_distutils/command/install_egg_info.py", "Python", 45, 0, 0, 0, 0, 0, 0, 0, 0, 0, 0, 0, 27, 19, 91
"/home/david/DVHS Robotics/bubonic-corona/venv/lib64/python3.12/site-packages/setuptools/_distutils/command/install_headers.py", "Python", 29, 0, 0, 0, 0, 0, 0, 0, 0, 0, 0, 0, 5, 13, 47
"/home/david/DVHS Robotics/bubonic-corona/venv/lib64/python3.12/site-packages/setuptools/_distutils/command/install_lib.py", "Python", 148, 0, 0, 0, 0, 0, 0, 0, 0, 0, 0, 0, 50, 39, 237
"/home/david/DVHS Robotics/bubonic-corona/venv/lib64/python3.12/site-packages/setuptools/_distutils/command/install_scripts.py", "Python", 40, 0, 0, 0, 0, 0, 0, 0, 0, 0, 0, 0, 7, 13, 60
"/home/david/DVHS Robotics/bubonic-corona/venv/lib64/python3.12/site-packages/setuptools/_distutils/command/sdist.py", "Python", 328, 0, 0, 0, 0, 0, 0, 0, 0, 0, 0, 0, 121, 73, 522
"/home/david/DVHS Robotics/bubonic-corona/venv/lib64/python3.12/site-packages/setuptools/_distutils/compat/__init__.py", "Python", 8, 0, 0, 0, 0, 0, 0, 0, 0, 0, 0, 0, 5, 6, 19
"/home/david/DVHS Robotics/bubonic-corona/venv/lib64/python3.12/site-packages/setuptools/_distutils/compat/numpy.py", "Python", 1, 0, 0, 0, 0, 0, 0, 0, 0, 0, 0, 0, 1, 1, 3
"/home/david/DVHS Robotics/bubonic-corona/venv/lib64/python3.12/site-packages/setuptools/_distutils/compat/py39.py", "Python", 39, 0, 0, 0, 0, 0, 0, 0, 0, 0, 0, 0, 13, 15, 67
"/home/david/DVHS Robotics/bubonic-corona/venv/lib64/python3.12/site-packages/setuptools/_distutils/compilers/C/base.py", "Python", 483, 0, 0, 0, 0, 0, 0, 0, 0, 0, 0, 0, 809, 95, 1387
"/home/david/DVHS Robotics/bubonic-corona/venv/lib64/python3.12/site-packages/setuptools/_distutils/compilers/C/cygwin.py", "Python", 202, 0, 0, 0, 0, 0, 0, 0, 0, 0, 0, 0, 82, 57, 341
"/home/david/DVHS Robotics/bubonic-corona/venv/lib64/python3.12/site-packages/setuptools/_distutils/compilers/C/errors.py", "Python", 6, 0, 0, 0, 0, 0, 0, 0, 0, 0, 0, 0, 8, 11, 25
"/home/david/DVHS Robotics/bubonic-corona/venv/lib64/python3.12/site-packages/setuptools/_distutils/compilers/C/msvc.py", "Python", 425, 0, 0, 0, 0, 0, 0, 0, 0, 0, 0, 0, 106, 84, 615
"/home/david/DVHS Robotics/bubonic-corona/venv/lib64/python3.12/site-packages/setuptools/_distutils/compilers/C/tests/test_base.py", "Python", 50, 0, 0, 0, 0, 0, 0, 0, 0, 0, 0, 0, 19, 15, 84
"/home/david/DVHS Robotics/bubonic-corona/venv/lib64/python3.12/site-packages/setuptools/_distutils/compilers/C/tests/test_cygwin.py", "Python", 49, 0, 0, 0, 0, 0, 0, 0, 0, 0, 0, 0, 7, 21, 77
"/home/david/DVHS Robotics/bubonic-corona/venv/lib64/python3.12/site-packages/setuptools/_distutils/compilers/C/tests/test_mingw.py", "Python", 34, 0, 0, 0, 0, 0, 0, 0, 0, 0, 0, 0, 3, 12, 49
"/home/david/DVHS Robotics/bubonic-corona/venv/lib64/python3.12/site-packages/setuptools/_distutils/compilers/C/tests/test_msvc.py", "Python", 95, 0, 0, 0, 0, 0, 0, 0, 0, 0, 0, 0, 16, 26, 137
"/home/david/DVHS Robotics/bubonic-corona/venv/lib64/python3.12/site-packages/setuptools/_distutils/compilers/C/tests/test_unix.py", "Python", 310, 0, 0, 0, 0, 0, 0, 0, 0, 0, 0, 0, 36, 68, 414
"/home/david/DVHS Robotics/bubonic-corona/venv/lib64/python3.12/site-packages/setuptools/_distutils/compilers/C/unix.py", "Python", 238, 0, 0, 0, 0, 0, 0, 0, 0, 0, 0, 0, 136, 49, 423
"/home/david/DVHS Robotics/bubonic-corona/venv/lib64/python3.12/site-packages/setuptools/_distutils/compilers/C/zos.py", "Python", 189, 0, 0, 0, 0, 0, 0, 0, 0, 0, 0, 0, 19, 23, 231
"/home/david/DVHS Robotics/bubonic-corona/venv/lib64/python3.12/site-packages/setuptools/_distutils/core.py", "Python", 148, 0, 0, 0, 0, 0, 0, 0, 0, 0, 0, 0, 100, 42, 290
"/home/david/DVHS Robotics/bubonic-corona/venv/lib64/python3.12/site-packages/setuptools/_distutils/cygwinccompiler.py", "Python", 22, 0, 0, 0, 0, 0, 0, 0, 0, 0, 0, 0, 4, 6, 32
"/home/david/DVHS Robotics/bubonic-corona/venv/lib64/python3.12/site-packages/setuptools/_distutils/debug.py", "Python", 2, 0, 0, 0, 0, 0, 0, 0, 0, 0, 0, 0, 2, 2, 6
"/home/david/DVHS Robotics/bubonic-corona/venv/lib64/python3.12/site-packages/setuptools/_distutils/dep_util.py", "Python", 11, 0, 0, 0, 0, 0, 0, 0, 0, 0, 0, 0, 0, 4, 15
"/home/david/DVHS Robotics/bubonic-corona/venv/lib64/python3.12/site-packages/setuptools/_distutils/dir_util.py", "Python", 134, 0, 0, 0, 0, 0, 0, 0, 0, 0, 0, 0, 63, 36, 233
"/home/david/DVHS Robotics/bubonic-corona/venv/lib64/python3.12/site-packages/setuptools/_distutils/dist.py", "Python", 829, 0, 0, 0, 0, 0, 0, 0, 0, 0, 0, 0, 358, 198, 1385
"/home/david/DVHS Robotics/bubonic-corona/venv/lib64/python3.12/site-packages/setuptools/_distutils/errors.py", "Python", 32, 0, 0, 0, 0, 0, 0, 0, 0, 0, 0, 0, 37, 40, 109
"/home/david/DVHS Robotics/bubonic-corona/venv/lib64/python3.12/site-packages/setuptools/_distutils/extension.py", "Python", 134, 0, 0, 0, 0, 0, 0, 0, 0, 0, 0, 0, 99, 26, 259
"/home/david/DVHS Robotics/bubonic-corona/venv/lib64/python3.12/site-packages/setuptools/_distutils/fancy_getopt.py", "Python", 259, 0, 0, 0, 0, 0, 0, 0, 0, 0, 0, 0, 140, 73, 472
"/home/david/DVHS Robotics/bubonic-corona/venv/lib64/python3.12/site-packages/setuptools/_distutils/file_util.py", "Python", 134, 0, 0, 0, 0, 0, 0, 0, 0, 0, 0, 0, 62, 33, 229
"/home/david/DVHS Robotics/bubonic-corona/venv/lib64/python3.12/site-packages/setuptools/_distutils/filelist.py", "Python", 273, 0, 0, 0, 0, 0, 0, 0, 0, 0, 0, 0, 105, 54, 432
"/home/david/DVHS Robotics/bubonic-corona/venv/lib64/python3.12/site-packages/setuptools/_distutils/log.py", "Python", 36, 0, 0, 0, 0, 0, 0, 0, 0, 0, 0, 0, 6, 15, 57
"/home/david/DVHS Robotics/bubonic-corona/venv/lib64/python3.12/site-packages/setuptools/_distutils/spawn.py", "Python", 75, 0, 0, 0, 0, 0, 0, 0, 0, 0, 0, 0, 31, 25, 131
"/home/david/DVHS Robotics/bubonic-corona/venv/lib64/python3.12/site-packages/setuptools/_distutils/sysconfig.py", "Python", 333, 0, 0, 0, 0, 0, 0, 0, 0, 0, 0, 0, 165, 101, 599
"/home/david/DVHS Robotics/bubonic-corona/venv/lib64/python3.12/site-packages/setuptools/_distutils/tests/__init__.py", "Python", 21, 0, 0, 0, 0, 0, 0, 0, 0, 0, 0, 0, 17, 5, 43
"/home/david/DVHS Robotics/bubonic-corona/venv/lib64/python3.12/site-packages/setuptools/_distutils/tests/compat/__init__.py", "Python", 0, 0, 0, 0, 0, 0, 0, 0, 0, 0, 0, 0, 0, 1, 1
"/home/david/DVHS Robotics/bubonic-corona/venv/lib64/python3.12/site-packages/setuptools/_distutils/tests/compat/py39.py", "Python", 39, 0, 0, 0, 0, 0, 0, 0, 0, 0, 0, 0, 0, 2, 41
"/home/david/DVHS Robotics/bubonic-corona/venv/lib64/python3.12/site-packages/setuptools/_distutils/tests/support.py", "Python", 54, 0, 0, 0, 0, 0, 0, 0, 0, 0, 0, 0, 60, 21, 135
"/home/david/DVHS Robotics/bubonic-corona/venv/lib64/python3.12/site-packages/setuptools/_distutils/tests/test_archive_util.py", "Python", 262, 0, 0, 0, 0, 0, 0, 0, 0, 0, 0, 0, 27, 54, 343
"/home/david/DVHS Robotics/bubonic-corona/venv/lib64/python3.12/site-packages/setuptools/_distutils/tests/test_bdist.py", "Python", 34, 0, 0, 0, 0, 0, 0, 0, 0, 0, 0, 0, 6, 8, 48
"/home/david/DVHS Robotics/bubonic-corona/venv/lib64/python3.12/site-packages/setuptools/_distutils/tests/test_bdist_dumb.py", "Python", 59, 0, 0, 0, 0, 0, 0, 0, 0, 0, 0, 0, 6, 14, 79
"/home/david/DVHS Robotics/bubonic-corona/venv/lib64/python3.12/site-packages/setuptools/_distutils/tests/test_bdist_rpm.py", "Python", 99, 0, 0, 0, 0, 0, 0, 0, 0, 0, 0, 0, 7, 22, 128
"/home/david/DVHS Robotics/bubonic-corona/venv/lib64/python3.12/site-packages/setuptools/_distutils/tests/test_build.py", "Python", 29, 0, 0, 0, 0, 0, 0, 0, 0, 0, 0, 0, 10, 11, 50
"/home/david/DVHS Robotics/bubonic-corona/venv/lib64/python3.12/site-packages/setuptools/_distutils/tests/test_build_clib.py", "Python", 86, 0, 0, 0, 0, 0, 0, 0, 0, 0, 0, 0, 15, 34, 135
"/home/david/DVHS Robotics/bubonic-corona/venv/lib64/python3.12/site-packages/setuptools/_distutils/tests/test_build_ext.py", "Python", 410, 0, 0, 0, 0, 0, 0, 0, 0, 0, 0, 0, 138, 81, 629
"/home/david/DVHS Robotics/bubonic-corona/venv/lib64/python3.12/site-packages/setuptools/_distutils/tests/test_build_py.py", "Python", 145, 0, 0, 0, 0, 0, 0, 0, 0, 0, 0, 0, 24, 28, 197
"/home/david/DVHS Robotics/bubonic-corona/venv/lib64/python3.12/site-packages/setuptools/_distutils/tests/test_build_scripts.py", "Python", 42, 0, 0, 0, 0, 0, 0, 0, 0, 0, 0, 0, 43, 12, 97
"/home/david/DVHS Robotics/bubonic-corona/venv/lib64/python3.12/site-packages/setuptools/_distutils/tests/test_check.py", "Python", 130, 0, 0, 0, 0, 0, 0, 0, 0, 0, 0, 0, 38, 27, 195
"/home/david/DVHS Robotics/bubonic-corona/venv/lib64/python3.12/site-packages/setuptools/_distutils/tests/test_clean.py", "Python", 32, 0, 0, 0, 0, 0, 0, 0, 0, 0, 0, 0, 5, 9, 46
"/home/david/DVHS Robotics/bubonic-corona/venv/lib64/python3.12/site-packages/setuptools/_distutils/tests/test_cmd.py", "Python", 78, 0, 0, 0, 0, 0, 0, 0, 0, 0, 0, 0, 3, 27, 108
"/home/david/DVHS Robotics/bubonic-corona/venv/lib64/python3.12/site-packages/setuptools/_distutils/tests/test_config_cmd.py", "Python", 64, 0, 0, 0, 0, 0, 0, 0, 0, 0, 0, 0, 5, 19, 88
"/home/david/DVHS Robotics/bubonic-corona/venv/lib64/python3.12/site-packages/setuptools/_distutils/tests/test_core.py", "Python", 95, 0, 0, 0, 0, 0, 0, 0, 0, 0, 0, 0, 13, 23, 131
"/home/david/DVHS Robotics/bubonic-corona/venv/lib64/python3.12/site-packages/setuptools/_distutils/tests/test_dir_util.py", "Python", 98, 0, 0, 0, 0, 0, 0, 0, 0, 0, 0, 0, 10, 32, 140
"/home/david/DVHS Robotics/bubonic-corona/venv/lib64/python3.12/site-packages/setuptools/_distutils/tests/test_dist.py", "Python", 106, 0, 0, 0, 0, 0, 0, 0, 0, 0, 0, 0, 427, 20, 553
"/home/david/DVHS Robotics/bubonic-corona/venv/lib64/python3.12/site-packages/setuptools/_distutils/tests/test_extension.py", "Python", 92, 0, 0, 0, 0, 0, 0, 0, 0, 0, 0, 0, 11, 15, 118
"/home/david/DVHS Robotics/bubonic-corona/venv/lib64/python3.12/site-packages/setuptools/_distutils/tests/test_file_util.py", "Python", 69, 0, 0, 0, 0, 0, 0, 0, 0, 0, 0, 0, 11, 16, 96
"/home/david/DVHS Robotics/bubonic-corona/venv/lib64/python3.12/site-packages/setuptools/_distutils/tests/test_filelist.py", "Python", 239, 0, 0, 0, 0, 0, 0, 0, 0, 0, 0, 0, 37, 61, 337
"/home/david/DVHS Robotics/bubonic-corona/venv/lib64/python3.12/site-packages/setuptools/_distutils/tests/test_install.py", "Python", 180, 0, 0, 0, 0, 0, 0, 0, 0, 0, 0, 0, 22, 44, 246
"/home/david/DVHS Robotics/bubonic-corona/venv/lib64/python3.12/site-packages/setuptools/_distutils/tests/test_install_data.py", "Python", 51, 0, 0, 0, 0, 0, 0, 0, 0, 0, 0, 0, 11, 13, 75
"/home/david/DVHS Robotics/bubonic-corona/venv/lib64/python3.12/site-packages/setuptools/_distutils/tests/test_install_headers.py", "Python", 22, 0, 0, 0, 0, 0, 0, 0, 0, 0, 0, 0, 4, 8, 34
"/home/david/DVHS Robotics/bubonic-corona/venv/lib64/python3.12/site-packages/setuptools/_distutils/tests/test_install_lib.py", "Python", 83, 0, 0, 0, 0, 0, 0, 0, 0, 0, 0, 0, 9, 19, 111
"/home/david/DVHS Robotics/bubonic-corona/venv/lib64/python3.12/site-packages/setuptools/_distutils/tests/test_install_scripts.py", "Python", 41, 0, 0, 0, 0, 0, 0, 0, 0, 0, 0, 0, 1, 11, 53
"/home/david/DVHS Robotics/bubonic-corona/venv/lib64/python3.12/site-packages/setuptools/_distutils/tests/test_log.py", "Python", 8, 0, 0, 0, 0, 0, 0, 0, 0, 0, 0, 0, 1, 4, 13
"/home/david/DVHS Robotics/bubonic-corona/venv/lib64/python3.12/site-packages/setuptools/_distutils/tests/test_modified.py", "Python", 78, 0, 0, 0, 0, 0, 0, 0, 0, 0, 0, 0, 18, 31, 127
"/home/david/DVHS Robotics/bubonic-corona/venv/lib64/python3.12/site-packages/setuptools/_distutils/tests/test_sdist.py", "Python", 331, 0, 0, 0, 0, 0, 0, 0, 0, 0, 0, 0, 62, 78, 471
"/home/david/DVHS Robotics/bubonic-corona/venv/lib64/python3.12/site-packages/setuptools/_distutils/tests/test_spawn.py", "Python", 101, 0, 0, 0, 0, 0, 0, 0, 0, 0, 0, 0, 17, 24, 142
"/home/david/DVHS Robotics/bubonic-corona/venv/lib64/python3.12/site-packages/setuptools/_distutils/tests/test_sysconfig.py", "Python", 199, 0, 0, 0, 0, 0, 0, 0, 0, 0, 0, 0, 85, 36, 320
"/home/david/DVHS Robotics/bubonic-corona/venv/lib64/python3.12/site-packages/setuptools/_distutils/tests/test_text_file.py", "Python", 96, 0, 0, 0, 0, 0, 0, 0, 0, 0, 0, 0, 12, 20, 128
"/home/david/DVHS Robotics/bubonic-corona/venv/lib64/python3.12/site-packages/setuptools/_distutils/tests/test_util.py", "Python", 174, 0, 0, 0, 0, 0, 0, 0, 0, 0, 0, 0, 25, 45, 244
"/home/david/DVHS Robotics/bubonic-corona/venv/lib64/python3.12/site-packages/setuptools/_distutils/tests/test_version.py", "Python", 68, 0, 0, 0, 0, 0, 0, 0, 0, 0, 0, 0, 1, 12, 81
"/home/david/DVHS Robotics/bubonic-corona/venv/lib64/python3.12/site-packages/setuptools/_distutils/tests/test_versionpredicate.py", "Python", 0, 0, 0, 0, 0, 0, 0, 0, 0, 0, 0, 0, 0, 1, 1
"/home/david/DVHS Robotics/bubonic-corona/venv/lib64/python3.12/site-packages/setuptools/_distutils/tests/unix_compat.py", "Python", 13, 0, 0, 0, 0, 0, 0, 0, 0, 0, 0, 0, 0, 5, 18
"/home/david/DVHS Robotics/bubonic-corona/venv/lib64/python3.12/site-packages/setuptools/_distutils/text_file.py", "Python", 120, 0, 0, 0, 0, 0, 0, 0, 0, 0, 0, 0, 134, 33, 287
"/home/david/DVHS Robotics/bubonic-corona/venv/lib64/python3.12/site-packages/setuptools/_distutils/unixccompiler.py", "Python", 4, 0, 0, 0, 0, 0, 0, 0, 0, 0, 0, 0, 2, 4, 10
"/home/david/DVHS Robotics/bubonic-corona/venv/lib64/python3.12/site-packages/setuptools/_distutils/util.py", "Python", 149, 0, 0, 0, 0, 0, 0, 0, 0, 0, 0, 0, 323, 35, 507
"/home/david/DVHS Robotics/bubonic-corona/venv/lib64/python3.12/site-packages/setuptools/_distutils/version.py", "Python", 119, 0, 0, 0, 0, 0, 0, 0, 0, 0, 0, 0, 184, 46, 349
"/home/david/DVHS Robotics/bubonic-corona/venv/lib64/python3.12/site-packages/setuptools/_distutils/versionpredicate.py", "Python", 69, 0, 0, 0, 0, 0, 0, 0, 0, 0, 0, 0, 88, 19, 176
"/home/david/DVHS Robotics/bubonic-corona/venv/lib64/python3.12/site-packages/setuptools/_distutils/zosccompiler.py", "Python", 2, 0, 0, 0, 0, 0, 0, 0, 0, 0, 0, 0, 0, 2, 4
"/home/david/DVHS Robotics/bubonic-corona/venv/lib64/python3.12/site-packages/setuptools/_entry_points.py", "Python", 43, 0, 0, 0, 0, 0, 0, 0, 0, 0, 0, 0, 38, 14, 95
"/home/david/DVHS Robotics/bubonic-corona/venv/lib64/python3.12/site-packages/setuptools/_imp.py", "Python", 68, 0, 0, 0, 0, 0, 0, 0, 0, 0, 0, 0, 5, 15, 88
"/home/david/DVHS Robotics/bubonic-corona/venv/lib64/python3.12/site-packages/setuptools/_importlib.py", "Python", 6, 0, 0, 0, 0, 0, 0, 0, 0, 0, 0, 0, 0, 4, 10
"/home/david/DVHS Robotics/bubonic-corona/venv/lib64/python3.12/site-packages/setuptools/_itertools.py", "Python", 10, 0, 0, 0, 0, 0, 0, 0, 0, 0, 0, 0, 11, 3, 24
"/home/david/DVHS Robotics/bubonic-corona/venv/lib64/python3.12/site-packages/setuptools/_normalization.py", "Python", 63, 0, 0, 0, 0, 0, 0, 0, 0, 0, 0, 0, 92, 26, 181
"/home/david/DVHS Robotics/bubonic-corona/venv/lib64/python3.12/site-packages/setuptools/_path.py", "Python", 36, 0, 0, 0, 0, 0, 0, 0, 0, 0, 0, 0, 43, 15, 94
"/home/david/DVHS Robotics/bubonic-corona/venv/lib64/python3.12/site-packages/setuptools/_reqs.py", "Python", 19, 0, 0, 0, 0, 0, 0, 0, 0, 0, 0, 0, 13, 11, 43
"/home/david/DVHS Robotics/bubonic-corona/venv/lib64/python3.12/site-packages/setuptools/_scripts.py", "Python", 130, 0, 0, 0, 0, 0, 0, 0, 0, 0, 0, 0, 196, 36, 362
"/home/david/DVHS Robotics/bubonic-corona/venv/lib64/python3.12/site-packages/setuptools/_shutil.py", "Python", 33, 0, 0, 0, 0, 0, 0, 0, 0, 0, 0, 0, 10, 17, 60
"/home/david/DVHS Robotics/bubonic-corona/venv/lib64/python3.12/site-packages/setuptools/_static.py", "Python", 67, 0, 0, 0, 0, 0, 0, 0, 0, 0, 0, 0, 101, 21, 189
"/home/david/DVHS Robotics/bubonic-corona/venv/lib64/python3.12/site-packages/setuptools/_vendor/autocommand/__init__.py", "Python", 7, 0, 0, 0, 0, 0, 0, 0, 0, 0, 0, 0, 17, 4, 28
"/home/david/DVHS Robotics/bubonic-corona/venv/lib64/python3.12/site-packages/setuptools/_vendor/autocommand/autoasync.py", "Python", 86, 0, 0, 0, 0, 0, 0, 0, 0, 0, 0, 0, 31, 26, 143
"/home/david/DVHS Robotics/bubonic-corona/venv/lib64/python3.12/site-packages/setuptools/_vendor/autocommand/autocommand.py", "Python", 33, 0, 0, 0, 0, 0, 0, 0, 0, 0, 0, 0, 28, 10, 71
"/home/david/DVHS Robotics/bubonic-corona/venv/lib64/python3.12/site-packages/setuptools/_vendor/autocommand/automain.py", "Python", 29, 0, 0, 0, 0, 0, 0, 0, 0, 0, 0, 0, 18, 13, 60
"/home/david/DVHS Robotics/bubonic-corona/venv/lib64/python3.12/site-packages/setuptools/_vendor/autocommand/autoparse.py", "Python", 208, 0, 0, 0, 0, 0, 0, 0, 0, 0, 0, 0, 57, 69, 334
"/home/david/DVHS Robotics/bubonic-corona/venv/lib64/python3.12/site-packages/setuptools/_vendor/autocommand/errors.py", "Python", 3, 0, 0, 0, 0, 0, 0, 0, 0, 0, 0, 0, 17, 4, 24
"/home/david/DVHS Robotics/bubonic-corona/venv/lib64/python3.12/site-packages/setuptools/_vendor/backports/__init__.py", "Python", 1, 0, 0, 0, 0, 0, 0, 0, 0, 0, 0, 0, 0, 1, 2
"/home/david/DVHS Robotics/bubonic-corona/venv/lib64/python3.12/site-packages/setuptools/_vendor/backports/tarfile/__init__.py", "Python", 1681, 0, 0, 0, 0, 0, 0, 0, 0, 0, 0, 0, 955, 302, 2938
"/home/david/DVHS Robotics/bubonic-corona/venv/lib64/python3.12/site-packages/setuptools/_vendor/backports/tarfile/__main__.py", "Python", 3, 0, 0, 0, 0, 0, 0, 0, 0, 0, 0, 0, 0, 3, 6
"/home/david/DVHS Robotics/bubonic-corona/venv/lib64/python3.12/site-packages/setuptools/_vendor/backports/tarfile/compat/__init__.py", "Python", 0, 0, 0, 0, 0, 0, 0, 0, 0, 0, 0, 0, 0, 1, 1
"/home/david/DVHS Robotics/bubonic-corona/venv/lib64/python3.12/site-packages/setuptools/_vendor/backports/tarfile/compat/py38.py", "Python", 17, 0, 0, 0, 0, 0, 0, 0, 0, 0, 0, 0, 1, 7, 25
"/home/david/DVHS Robotics/bubonic-corona/venv/lib64/python3.12/site-packages/setuptools/_vendor/importlib_metadata/__init__.py", "Python", 505, 0, 0, 0, 0, 0, 0, 0, 0, 0, 0, 0, 515, 172, 1192
"/home/david/DVHS Robotics/bubonic-corona/venv/lib64/python3.12/site-packages/setuptools/_vendor/importlib_metadata/_adapters.py", "Python", 53, 0, 0, 0, 0, 0, 0, 0, 0, 0, 0, 0, 73, 11, 137
"/home/david/DVHS Robotics/bubonic-corona/venv/lib64/python3.12/site-packages/setuptools/_vendor/importlib_metadata/_collections.py", "Python", 13, 0, 0, 0, 0, 0, 0, 0, 0, 0, 0, 0, 14, 8, 35
"/home/david/DVHS Robotics/bubonic-corona/venv/lib64/python3.12/site-packages/setuptools/_vendor/importlib_metadata/_compat.py", "Python", 21, 0, 0, 0, 0, 0, 0, 0, 0, 0, 0, 0, 23, 13, 57
"/home/david/DVHS Robotics/bubonic-corona/venv/lib64/python3.12/site-packages/setuptools/_vendor/importlib_metadata/_functools.py", "Python", 26, 0, 0, 0, 0, 0, 0, 0, 0, 0, 0, 0, 92, 18, 136
"/home/david/DVHS Robotics/bubonic-corona/venv/lib64/python3.12/site-packages/setuptools/_vendor/importlib_metadata/_itertools.py", "Python", 67, 0, 0, 0, 0, 0, 0, 0, 0, 0, 0, 0, 87, 18, 172
"/home/david/DVHS Robotics/bubonic-corona/venv/lib64/python3.12/site-packages/setuptools/_vendor/importlib_metadata/_meta.py", "Python", 41, 0, 0, 0, 0, 0, 0, 0, 0, 0, 0, 0, 10, 21, 72
"/home/david/DVHS Robotics/bubonic-corona/venv/lib64/python3.12/site-packages/setuptools/_vendor/importlib_metadata/_text.py", "Python", 26, 0, 0, 0, 0, 0, 0, 0, 0, 0, 0, 0, 60, 14, 100
"/home/david/DVHS Robotics/bubonic-corona/venv/lib64/python3.12/site-packages/setuptools/_vendor/importlib_metadata/_typing.py", "Python", 4, 0, 0, 0, 0, 0, 0, 0, 0, 0, 0, 0, 9, 3, 16
"/home/david/DVHS Robotics/bubonic-corona/venv/lib64/python3.12/site-packages/setuptools/_vendor/importlib_metadata/compat/__init__.py", "Python", 0, 0, 0, 0, 0, 0, 0, 0, 0, 0, 0, 0, 0, 1, 1
"/home/david/DVHS Robotics/bubonic-corona/venv/lib64/python3.12/site-packages/setuptools/_vendor/importlib_metadata/compat/py311.py", "Python", 9, 0, 0, 0, 0, 0, 0, 0, 0, 0, 0, 0, 7, 7, 23
"/home/david/DVHS Robotics/bubonic-corona/venv/lib64/python3.12/site-packages/setuptools/_vendor/importlib_metadata/compat/py39.py", "Python", 21, 0, 0, 0, 0, 0, 0, 0, 0, 0, 0, 0, 11, 11, 43
"/home/david/DVHS Robotics/bubonic-corona/venv/lib64/python3.12/site-packages/setuptools/_vendor/importlib_metadata/diagnose.py", "Python", 14, 0, 0, 0, 0, 0, 0, 0, 0, 0, 0, 0, 0, 8, 22
"/home/david/DVHS Robotics/bubonic-corona/venv/lib64/python3.12/site-packages/setuptools/_vendor/jaraco/context/__init__.py", "Python", 136, 0, 0, 0, 0, 0, 0, 0, 0, 0, 0, 0, 179, 53, 368
"/home/david/DVHS Robotics/bubonic-corona/venv/lib64/python3.12/site-packages/setuptools/_vendor/jaraco/functools/__init__.py", "Python", 302, 0, 0, 0, 0, 0, 0, 0, 0, 0, 0, 0, 352, 69, 723
"/home/david/DVHS Robotics/bubonic-corona/venv/lib64/python3.12/site-packages/setuptools/_vendor/jaraco/functools/__init__.pyi", "Python", 111, 0, 0, 0, 0, 0, 0, 0, 0, 0, 0, 0, 1, 12, 124
"/home/david/DVHS Robotics/bubonic-corona/venv/lib64/python3.12/site-packages/setuptools/_vendor/jaraco/text/__init__.py", "Python", 255, 0, 0, 0, 0, 0, 0, 0, 0, 0, 0, 0, 319, 74, 648
"/home/david/DVHS Robotics/bubonic-corona/venv/lib64/python3.12/site-packages/setuptools/_vendor/jaraco/text/layouts.py", "Python", 8, 0, 0, 0, 0, 0, 0, 0, 0, 0, 0, 0, 11, 7, 26
"/home/david/DVHS Robotics/bubonic-corona/venv/lib64/python3.12/site-packages/setuptools/_vendor/jaraco/text/show-newlines.py", "Python", 16, 0, 0, 0, 0, 0, 0, 0, 0, 0, 0, 0, 13, 4, 33
"/home/david/DVHS Robotics/bubonic-corona/venv/lib64/python3.12/site-packages/setuptools/_vendor/jaraco/text/strip-prefix.py", "Python", 11, 0, 0, 0, 0, 0, 0, 0, 0, 0, 0, 0, 6, 5, 22
"/home/david/DVHS Robotics/bubonic-corona/venv/lib64/python3.12/site-packages/setuptools/_vendor/jaraco/text/to-dvorak.py", "Python", 3, 0, 0, 0, 0, 0, 0, 0, 0, 0, 0, 0, 0, 3, 6
"/home/david/DVHS Robotics/bubonic-corona/venv/lib64/python3.12/site-packages/setuptools/_vendor/jaraco/text/to-qwerty.py", "Python", 3, 0, 0, 0, 0, 0, 0, 0, 0, 0, 0, 0, 0, 3, 6
"/home/david/DVHS Robotics/bubonic-corona/venv/lib64/python3.12/site-packages/setuptools/_vendor/more_itertools/__init__.py", "Python", 3, 0, 0, 0, 0, 0, 0, 0, 0, 0, 0, 0, 1, 3, 7
"/home/david/DVHS Robotics/bubonic-corona/venv/lib64/python3.12/site-packages/setuptools/_vendor/more_itertools/__init__.pyi", "Python", 2, 0, 0, 0, 0, 0, 0, 0, 0, 0, 0, 0, 0, 1, 3
"/home/david/DVHS Robotics/bubonic-corona/venv/lib64/python3.12/site-packages/setuptools/_vendor/more_itertools/more.py", "Python", 1997, 0, 0, 0, 0, 0, 0, 0, 0, 0, 0, 0, 2746, 561, 5304
"/home/david/DVHS Robotics/bubonic-corona/venv/lib64/python3.12/site-packages/setuptools/_vendor/more_itertools/more.pyi", "Python", 909, 0, 0, 0, 0, 0, 0, 0, 0, 0, 0, 0, 5, 36, 950
"/home/david/DVHS Robotics/bubonic-corona/venv/lib64/python3.12/site-packages/setuptools/_vendor/more_itertools/recipes.py", "Python", 520, 0, 0, 0, 0, 0, 0, 0, 0, 0, 0, 0, 765, 187, 1472
"/home/david/DVHS Robotics/bubonic-corona/venv/lib64/python3.12/site-packages/setuptools/_vendor/more_itertools/recipes.pyi", "Python", 196, 0, 0, 0, 0, 0, 0, 0, 0, 0, 0, 0, 2, 8, 206
"/home/david/DVHS Robotics/bubonic-corona/venv/lib64/python3.12/site-packages/setuptools/_vendor/packaging/__init__.py", "Python", 8, 0, 0, 0, 0, 0, 0, 0, 0, 0, 0, 0, 3, 5, 16
"/home/david/DVHS Robotics/bubonic-corona/venv/lib64/python3.12/site-packages/setuptools/_vendor/packaging/_elffile.py", "Python", 72, 0, 0, 0, 0, 0, 0, 0, 0, 0, 0, 0, 17, 20, 109
"/home/david/DVHS Robotics/bubonic-corona/venv/lib64/python3.12/site-packages/setuptools/_vendor/packaging/_manylinux.py", "Python", 153, 0, 0, 0, 0, 0, 0, 0, 0, 0, 0, 0, 72, 38, 263
"/home/david/DVHS Robotics/bubonic-corona/venv/lib64/python3.12/site-packages/setuptools/_vendor/packaging/_musllinux.py", "Python", 45, 0, 0, 0, 0, 0, 0, 0, 0, 0, 0, 0, 25, 16, 86
"/home/david/DVHS Robotics/bubonic-corona/venv/lib64/python3.12/site-packages/setuptools/_vendor/packaging/_parser.py", "Python", 231, 0, 0, 0, 0, 0, 0, 0, 0, 0, 0, 0, 51, 84, 366
"/home/david/DVHS Robotics/bubonic-corona/venv/lib64/python3.12/site-packages/setuptools/_vendor/packaging/_structures.py", "Python", 41, 0, 0, 0, 0, 0, 0, 0, 0, 0, 0, 0, 3, 26, 70
"/home/david/DVHS Robotics/bubonic-corona/venv/lib64/python3.12/site-packages/setuptools/_vendor/packaging/_tokenizer.py", "Python", 116, 0, 0, 0, 0, 0, 0, 0, 0, 0, 0, 0, 64, 14, 194
"/home/david/DVHS Robotics/bubonic-corona/venv/lib64/python3.12/site-packages/setuptools/_vendor/packaging/licenses/__init__.py", "Python", 80, 0, 0, 0, 0, 0, 0, 0, 0, 0, 0, 0, 47, 21, 148
"/home/david/DVHS Robotics/bubonic-corona/venv/lib64/python3.12/site-packages/setuptools/_vendor/packaging/licenses/_spdx.py", "Python", 791, 0, 0, 0, 0, 0, 0, 0, 0, 0, 0, 0, 0, 9, 800
"/home/david/DVHS Robotics/bubonic-corona/venv/lib64/python3.12/site-packages/setuptools/_vendor/packaging/markers.py", "Python", 209, 0, 0, 0, 0, 0, 0, 0, 0, 0, 0, 0, 113, 67, 389
"/home/david/DVHS Robotics/bubonic-corona/venv/lib64/python3.12/site-packages/setuptools/_vendor/packaging/metadata.py", "Python", 571, 0, 0, 0, 0, 0, 0, 0, 0, 0, 0, 0, 298, 110, 979
"/home/david/DVHS Robotics/bubonic-corona/venv/lib64/python3.12/site-packages/setuptools/_vendor/packaging/pylock.py", "Python", 511, 0, 0, 0, 0, 0, 0, 0, 0, 0, 0, 0, 37, 88, 636
"/home/david/DVHS Robotics/bubonic-corona/venv/lib64/python3.12/site-packages/setuptools/_vendor/packaging/requirements.py", "Python", 51, 0, 0, 0, 0, 0, 0, 0, 0, 0, 0, 0, 16, 20, 87
"/home/david/DVHS Robotics/bubonic-corona/venv/lib64/python3.12/site-packages/setuptools/_vendor/packaging/specifiers.py", "Python", 359, 0, 0, 0, 0, 0, 0, 0, 0, 0, 0, 0, 640, 70, 1069
"/home/david/DVHS Robotics/bubonic-corona/venv/lib64/python3.12/site-packages/setuptools/_vendor/packaging/tags.py", "Python", 379, 0, 0, 0, 0, 0, 0, 0, 0, 0, 0, 0, 175, 98, 652
"/home/david/DVHS Robotics/bubonic-corona/venv/lib64/python3.12/site-packages/setuptools/_vendor/packaging/utils.py", "Python", 88, 0, 0, 0, 0, 0, 0, 0, 0, 0, 0, 0, 40, 31, 159
"/home/david/DVHS Robotics/bubonic-corona/venv/lib64/python3.12/site-packages/setuptools/_vendor/packaging/version.py", "Python", 273, 0, 0, 0, 0, 0, 0, 0, 0, 0, 0, 0, 457, 63, 793
"/home/david/DVHS Robotics/bubonic-corona/venv/lib64/python3.12/site-packages/setuptools/_vendor/platformdirs/__init__.py", "Python", 373, 0, 0, 0, 0, 0, 0, 0, 0, 0, 0, 0, 179, 80, 632
"/home/david/DVHS Robotics/bubonic-corona/venv/lib64/python3.12/site-packages/setuptools/_vendor/platformdirs/__main__.py", "Python", 41, 0, 0, 0, 0, 0, 0, 0, 0, 0, 0, 0, 2, 13, 56
"/home/david/DVHS Robotics/bubonic-corona/venv/lib64/python3.12/site-packages/setuptools/_vendor/platformdirs/android.py", "Python", 149, 0, 0, 0, 0, 0, 0, 0, 0, 0, 0, 0, 53, 48, 250
"/home/david/DVHS Robotics/bubonic-corona/venv/lib64/python3.12/site-packages/setuptools/_vendor/platformdirs/api.py", "Python", 162, 0, 0, 0, 0, 0, 0, 0, 0, 0, 0, 0, 88, 50, 300
"/home/david/DVHS Robotics/bubonic-corona/venv/lib64/python3.12/site-packages/setuptools/_vendor/platformdirs/macos.py", "Python", 77, 0, 0, 0, 0, 0, 0, 0, 0, 0, 0, 0, 43, 27, 147
"/home/david/DVHS Robotics/bubonic-corona/venv/lib64/python3.12/site-packages/setuptools/_vendor/platformdirs/unix.py", "Python", 148, 0, 0, 0, 0, 0, 0, 0, 0, 0, 0, 0, 81, 44, 273
"/home/david/DVHS Robotics/bubonic-corona/venv/lib64/python3.12/site-packages/setuptools/_vendor/platformdirs/version.py", "Python", 26, 0, 0, 0, 0, 0, 0, 0, 0, 0, 0, 0, 2, 7, 35
"/home/david/DVHS Robotics/bubonic-corona/venv/lib64/python3.12/site-packages/setuptools/_vendor/platformdirs/windows.py", "Python", 174, 0, 0, 0, 0, 0, 0, 0, 0, 0, 0, 0, 50, 49, 273
"/home/david/DVHS Robotics/bubonic-corona/venv/lib64/python3.12/site-packages/setuptools/_vendor/tomli/__init__.py", "Python", 3, 0, 0, 0, 0, 0, 0, 0, 0, 0, 0, 0, 3, 3, 9
"/home/david/DVHS Robotics/bubonic-corona/venv/lib64/python3.12/site-packages/setuptools/_vendor/tomli/_parser.py", "Python", 587, 0, 0, 0, 0, 0, 0, 0, 0, 0, 0, 0, 78, 118, 783
"/home/david/DVHS Robotics/bubonic-corona/venv/lib64/python3.12/site-packages/setuptools/_vendor/tomli/_re.py", "Python", 38, 0, 0, 0, 0, 0, 0, 0, 0, 0, 0, 0, 76, 6, 120
"/home/david/DVHS Robotics/bubonic-corona/venv/lib64/python3.12/site-packages/setuptools/_vendor/tomli/_types.py", "Python", 4, 0, 0, 0, 0, 0, 0, 0, 0, 0, 0, 0, 4, 3, 11
"/home/david/DVHS Robotics/bubonic-corona/venv/lib64/python3.12/site-packages/setuptools/_vendor/wheel/__init__.py", "Python", 2, 0, 0, 0, 0, 0, 0, 0, 0, 0, 0, 0, 0, 2, 4
"/home/david/DVHS Robotics/bubonic-corona/venv/lib64/python3.12/site-packages/setuptools/_vendor/wheel/__main__.py", "Python", 12, 0, 0, 0, 0, 0, 0, 0, 0, 0, 0, 0, 4, 10, 26
"/home/david/DVHS Robotics/bubonic-corona/venv/lib64/python3.12/site-packages/setuptools/_vendor/wheel/_bdist_wheel.py", "Python", 450, 0, 0, 0, 0, 0, 0, 0, 0, 0, 0, 0, 64, 103, 617
"/home/david/DVHS Robotics/bubonic-corona/venv/lib64/python3.12/site-packages/setuptools/_vendor/wheel/_commands/__init__.py", "Python", 114, 0, 0, 0, 0, 0, 0, 0, 0, 0, 0, 0, 3, 37, 154
"/home/david/DVHS Robotics/bubonic-corona/venv/lib64/python3.12/site-packages/setuptools/_vendor/wheel/_commands/convert.py", "Python", 210, 0, 0, 0, 0, 0, 0, 0, 0, 0, 0, 0, 118, 10, 338
"/home/david/DVHS Robotics/bubonic-corona/venv/lib64/python3.12/site-packages/setuptools/_vendor/wheel/_commands/pack.py", "Python", 50, 0, 0, 0, 0, 0, 0, 0, 0, 0, 0, 0, 19, 16, 85
"/home/david/DVHS Robotics/bubonic-corona/venv/lib64/python3.12/site-packages/setuptools/_vendor/wheel/_commands/tags.py", "Python", 98, 0, 0, 0, 0, 0, 0, 0, 0, 0, 0, 0, 16, 27, 141
"/home/david/DVHS Robotics/bubonic-corona/venv/lib64/python3.12/site-packages/setuptools/_vendor/wheel/_commands/unpack.py", "Python", 13, 0, 0, 0, 0, 0, 0, 0, 0, 0, 0, 0, 11, 7, 31
"/home/david/DVHS Robotics/bubonic-corona/venv/lib64/python3.12/site-packages/setuptools/_vendor/wheel/_metadata.py", "Python", 72, 0, 0, 0, 0, 0, 0, 0, 0, 0, 0, 0, 105, 8, 185
"/home/david/DVHS Robotics/bubonic-corona/venv/lib64/python3.12/site-packages/setuptools/_vendor/wheel/_setuptools_logging.py", "Python", 14, 0, 0, 0, 0, 0, 0, 0, 0, 0, 0, 0, 7, 6, 27
"/home/david/DVHS Robotics/bubonic-corona/venv/lib64/python3.12/site-packages/setuptools/_vendor/wheel/bdist_wheel.py", "Python", 16, 0, 0, 0, 0, 0, 0, 0, 0, 0, 0, 0, 8, 3, 27
"/home/david/DVHS Robotics/bubonic-corona/venv/lib64/python3.12/site-packages/setuptools/_vendor/wheel/macosx_libfile.py", "Python", 256, 0, 0, 0, 0, 0, 0, 0, 0, 0, 0, 0, 169, 62, 487
"/home/david/DVHS Robotics/bubonic-corona/venv/lib64/python3.12/site-packages/setuptools/_vendor/wheel/metadata.py", "Python", 15, 0, 0, 0, 0, 0, 0, 0, 0, 0, 0, 0, 0, 3, 18
"/home/david/DVHS Robotics/bubonic-corona/venv/lib64/python3.12/site-packages/setuptools/_vendor/wheel/wheelfile.py", "Python", 53, 0, 0, 0, 0, 0, 0, 0, 0, 0, 0, 0, 184, 5, 242
"/home/david/DVHS Robotics/bubonic-corona/venv/lib64/python3.12/site-packages/setuptools/_vendor/zipp/__init__.py", "Python", 182, 0, 0, 0, 0, 0, 0, 0, 0, 0, 0, 0, 206, 69, 457
"/home/david/DVHS Robotics/bubonic-corona/venv/lib64/python3.12/site-packages/setuptools/_vendor/zipp/_functools.py", "Python", 11, 0, 0, 0, 0, 0, 0, 0, 0, 0, 0, 0, 5, 5, 21
"/home/david/DVHS Robotics/bubonic-corona/venv/lib64/python3.12/site-packages/setuptools/_vendor/zipp/compat/__init__.py", "Python", 0, 0, 0, 0, 0, 0, 0, 0, 0, 0, 0, 0, 0, 1, 1
"/home/david/DVHS Robotics/bubonic-corona/venv/lib64/python3.12/site-packages/setuptools/_vendor/zipp/compat/overlay.py", "Python", 11, 0, 0, 0, 0, 0, 0, 0, 0, 0, 0, 0, 19, 8, 38
"/home/david/DVHS Robotics/bubonic-corona/venv/lib64/python3.12/site-packages/setuptools/_vendor/zipp/compat/py310.py", "Python", 9, 0, 0, 0, 0, 0, 0, 0, 0, 0, 0, 0, 0, 5, 14
"/home/david/DVHS Robotics/bubonic-corona/venv/lib64/python3.12/site-packages/setuptools/_vendor/zipp/compat/py313.py", "Python", 16, 0, 0, 0, 0, 0, 0, 0, 0, 0, 0, 0, 9, 10, 35
"/home/david/DVHS Robotics/bubonic-corona/venv/lib64/python3.12/site-packages/setuptools/_vendor/zipp/glob.py", "Python", 40, 0, 0, 0, 0, 0, 0, 0, 0, 0, 0, 0, 63, 14, 117
"/home/david/DVHS Robotics/bubonic-corona/venv/lib64/python3.12/site-packages/setuptools/archive_util.py", "Python", 127, 0, 0, 0, 0, 0, 0, 0, 0, 0, 0, 0, 53, 40, 220
"/home/david/DVHS Robotics/bubonic-corona/venv/lib64/python3.12/site-packages/setuptools/build_meta.py", "Python", 303, 0, 0, 0, 0, 0, 0, 0, 0, 0, 0, 0, 178, 76, 557
"/home/david/DVHS Robotics/bubonic-corona/venv/lib64/python3.12/site-packages/setuptools/command/__init__.py", "Python", 9, 0, 0, 0, 0, 0, 0, 0, 0, 0, 0, 0, 8, 5, 22
"/home/david/DVHS Robotics/bubonic-corona/venv/lib64/python3.12/site-packages/setuptools/command/_requirestxt.py", "Python", 69, 0, 0, 0, 0, 0, 0, 0, 0, 0, 0, 0, 31, 32, 132
"/home/david/DVHS Robotics/bubonic-corona/venv/lib64/python3.12/site-packages/setuptools/command/alias.py", "Python", 59, 0, 0, 0, 0, 0, 0, 0, 0, 0, 0, 0, 2, 17, 78
"/home/david/DVHS Robotics/bubonic-corona/venv/lib64/python3.12/site-packages/setuptools/command/bdist_egg.py", "Python", 345, 0, 0, 0, 0, 0, 0, 0, 0, 0, 0, 0, 47, 80, 472
"/home/david/DVHS Robotics/bubonic-corona/venv/lib64/python3.12/site-packages/setuptools/command/bdist_rpm.py", "Python", 23, 0, 0, 0, 0, 0, 0, 0, 0, 0, 0, 0, 11, 9, 43
"/home/david/DVHS Robotics/bubonic-corona/venv/lib64/python3.12/site-packages/setuptools/command/bdist_wheel.py", "Python", 438, 0, 0, 0, 0, 0, 0, 0, 0, 0, 0, 0, 69, 97, 604
"/home/david/DVHS Robotics/bubonic-corona/venv/lib64/python3.12/site-packages/setuptools/command/build.py", "Python", 23, 0, 0, 0, 0, 0, 0, 0, 0, 0, 0, 0, 95, 18, 136
"/home/david/DVHS Robotics/bubonic-corona/venv/lib64/python3.12/site-packages/setuptools/command/build_clib.py", "Python", 64, 0, 0, 0, 0, 0, 0, 0, 0, 0, 0, 0, 27, 13, 104
"/home/david/DVHS Robotics/bubonic-corona/venv/lib64/python3.12/site-packages/setuptools/command/build_ext.py", "Python", 284, 0, 0, 0, 0, 0, 0, 0, 0, 0, 0, 0, 132, 55, 471
"/home/david/DVHS Robotics/bubonic-corona/venv/lib64/python3.12/site-packages/setuptools/command/build_py.py", "Python", 287, 0, 0, 0, 0, 0, 0, 0, 0, 0, 0, 0, 62, 55, 404
"/home/david/DVHS Robotics/bubonic-corona/venv/lib64/python3.12/site-packages/setuptools/command/develop.py", "Python", 46, 0, 0, 0, 0, 0, 0, 0, 0, 0, 0, 0, 2, 11, 59
"/home/david/DVHS Robotics/bubonic-corona/venv/lib64/python3.12/site-packages/setuptools/command/dist_info.py", "Python", 75, 0, 0, 0, 0, 0, 0, 0, 0, 0, 0, 0, 9, 20, 104
"/home/david/DVHS Robotics/bubonic-corona/venv/lib64/python3.12/site-packages/setuptools/command/easy_install.py", "Python", 23, 0, 0, 0, 0, 0, 0, 0, 0, 0, 0, 0, 1, 7, 31
"/home/david/DVHS Robotics/bubonic-corona/venv/lib64/python3.12/site-packages/setuptools/command/editable_wheel.py", "Python", 436, 0, 0, 0, 0, 0, 0, 0, 0, 0, 0, 0, 408, 71, 915
"/home/david/DVHS Robotics/bubonic-corona/venv/lib64/python3.12/site-packages/setuptools/command/egg_info.py", "Python", 444, 0, 0, 0, 0, 0, 0, 0, 0, 0, 0, 0, 151, 122, 717
"/home/david/DVHS Robotics/bubonic-corona/venv/lib64/python3.12/site-packages/setuptools/command/install.py", "Python", 87, 0, 0, 0, 0, 0, 0, 0, 0, 0, 0, 0, 22, 23, 132
"/home/david/DVHS Robotics/bubonic-corona/venv/lib64/python3.12/site-packages/setuptools/command/install_egg_info.py", "Python", 39, 0, 0, 0, 0, 0, 0, 0, 0, 0, 0, 0, 5, 14, 58
"/home/david/DVHS Robotics/bubonic-corona/venv/lib64/python3.12/site-packages/setuptools/command/install_lib.py", "Python", 81, 0, 0, 0, 0, 0, 0, 0, 0, 0, 0, 0, 28, 29, 138
"/home/david/DVHS Robotics/bubonic-corona/venv/lib64/python3.12/site-packages/setuptools/command/install_scripts.py", "Python", 46, 0, 0, 0, 0, 0, 0, 0, 0, 0, 0, 0, 7, 14, 67
"/home/david/DVHS Robotics/bubonic-corona/venv/lib64/python3.12/site-packages/setuptools/command/rotate.py", "Python", 51, 0, 0, 0, 0, 0, 0, 0, 0, 0, 0, 0, 1, 13, 65
"/home/david/DVHS Robotics/bubonic-corona/venv/lib64/python3.12/site-packages/setuptools/command/saveopts.py", "Python", 13, 0, 0, 0, 0, 0, 0, 0, 0, 0, 0, 0, 1, 8, 22
"/home/david/DVHS Robotics/bubonic-corona/venv/lib64/python3.12/site-packages/setuptools/command/sdist.py", "Python", 148, 0, 0, 0, 0, 0, 0, 0, 0, 0, 0, 0, 35, 36, 219
"/home/david/DVHS Robotics/bubonic-corona/venv/lib64/python3.12/site-packages/setuptools/command/setopt.py", "Python", 103, 0, 0, 0, 0, 0, 0, 0, 0, 0, 0, 0, 13, 24, 140
"/home/david/DVHS Robotics/bubonic-corona/venv/lib64/python3.12/site-packages/setuptools/command/test.py", "Python", 32, 0, 0, 0, 0, 0, 0, 0, 0, 0, 0, 0, 4, 12, 48
"/home/david/DVHS Robotics/bubonic-corona/venv/lib64/python3.12/site-packages/setuptools/compat/__init__.py", "Python", 0, 0, 0, 0, 0, 0, 0, 0, 0, 0, 0, 0, 0, 1, 1
"/home/david/DVHS Robotics/bubonic-corona/venv/lib64/python3.12/site-packages/setuptools/compat/py310.py", "Python", 12, 0, 0, 0, 0, 0, 0, 0, 0, 0, 0, 0, 0, 9, 21
"/home/david/DVHS Robotics/bubonic-corona/venv/lib64/python3.12/site-packages/setuptools/compat/py311.py", "Python", 19, 0, 0, 0, 0, 0, 0, 0, 0, 0, 0, 0, 1, 8, 28
"/home/david/DVHS Robotics/bubonic-corona/venv/lib64/python3.12/site-packages/setuptools/compat/py312.py", "Python", 7, 0, 0, 0, 0, 0, 0, 0, 0, 0, 0, 0, 3, 4, 14
"/home/david/DVHS Robotics/bubonic-corona/venv/lib64/python3.12/site-packages/setuptools/compat/py39.py", "Python", 2, 0, 0, 0, 0, 0, 0, 0, 0, 0, 0, 0, 6, 2, 10
"/home/david/DVHS Robotics/bubonic-corona/venv/lib64/python3.12/site-packages/setuptools/config/__init__.py", "Python", 21, 0, 0, 0, 0, 0, 0, 0, 0, 0, 0, 0, 15, 8, 44
"/home/david/DVHS Robotics/bubonic-corona/venv/lib64/python3.12/site-packages/setuptools/config/_apply_pyprojecttoml.py", "Python", 292, 0, 0, 0, 0, 0, 0, 0, 0, 0, 0, 0, 139, 104, 535
"/home/david/DVHS Robotics/bubonic-corona/venv/lib64/python3.12/site-packages/setuptools/config/_validate_pyproject/__init__.py", "Python", 25, 0, 0, 0, 0, 0, 0, 0, 0, 0, 0, 0, 3, 7, 35
"/home/david/DVHS Robotics/bubonic-corona/venv/lib64/python3.12/site-packages/setuptools/config/_validate_pyproject/error_reporting.py", "Python", 258, 0, 0, 0, 0, 0, 0, 0, 0, 0, 0, 0, 26, 55, 339
"/home/david/DVHS Robotics/bubonic-corona/venv/lib64/python3.12/site-packages/setuptools/config/_validate_pyproject/extra_validations.py", "Python", 119, 0, 0, 0, 0, 0, 0, 0, 0, 0, 0, 0, 5, 28, 152
"/home/david/DVHS Robotics/bubonic-corona/venv/lib64/python3.12/site-packages/setuptools/config/_validate_pyproject/fastjsonschema_exceptions.py", "Python", 20, 0, 0, 0, 0, 0, 0, 0, 0, 0, 0, 0, 20, 12, 52
"/home/david/DVHS Robotics/bubonic-corona/venv/lib64/python3.12/site-packages/setuptools/config/_validate_pyproject/fastjsonschema_validations.py", "Python", 1423, 0, 0, 0, 0, 0, 0, 0, 0, 0, 0, 0, 8, 23, 1454
"/home/david/DVHS Robotics/bubonic-corona/venv/lib64/python3.12/site-packages/setuptools/config/_validate_pyproject/formats.py", "Python", 155, 0, 0, 0, 0, 0, 0, 0, 0, 0, 0, 0, 272, 38, 465
"/home/david/DVHS Robotics/bubonic-corona/venv/lib64/python3.12/site-packages/setuptools/config/distutils.schema.json", "JSON", 0, 0, 0, 0, 0, 0, 0, 0, 0, 0, 0, 24, 0, 3, 27
"/home/david/DVHS Robotics/bubonic-corona/venv/lib64/python3.12/site-packages/setuptools/config/expand.py", "Python", 248, 0, 0, 0, 0, 0, 0, 0, 0, 0, 0, 0, 127, 78, 453
"/home/david/DVHS Robotics/bubonic-corona/venv/lib64/python3.12/site-packages/setuptools/config/pyprojecttoml.py", "Python", 326, 0, 0, 0, 0, 0, 0, 0, 0, 0, 0, 0, 74, 78, 478
"/home/david/DVHS Robotics/bubonic-corona/venv/lib64/python3.12/site-packages/setuptools/config/setupcfg.py", "Python", 426, 0, 0, 0, 0, 0, 0, 0, 0, 0, 0, 0, 235, 122, 783
"/home/david/DVHS Robotics/bubonic-corona/venv/lib64/python3.12/site-packages/setuptools/config/setuptools.schema.json", "JSON", 0, 0, 0, 0, 0, 0, 0, 0, 0, 0, 0, 430, 0, 4, 434
"/home/david/DVHS Robotics/bubonic-corona/venv/lib64/python3.12/site-packages/setuptools/depends.py", "Python", 113, 0, 0, 0, 0, 0, 0, 0, 0, 0, 0, 0, 35, 38, 186
"/home/david/DVHS Robotics/bubonic-corona/venv/lib64/python3.12/site-packages/setuptools/discovery.py", "Python", 336, 0, 0, 0, 0, 0, 0, 0, 0, 0, 0, 0, 196, 83, 615
"/home/david/DVHS Robotics/bubonic-corona/venv/lib64/python3.12/site-packages/setuptools/dist.py", "Python", 567, 0, 0, 0, 0, 0, 0, 0, 0, 0, 0, 0, 446, 112, 1125
"/home/david/DVHS Robotics/bubonic-corona/venv/lib64/python3.12/site-packages/setuptools/errors.py", "Python", 23, 0, 0, 0, 0, 0, 0, 0, 0, 0, 0, 0, 31, 14, 68
"/home/david/DVHS Robotics/bubonic-corona/venv/lib64/python3.12/site-packages/setuptools/extension.py", "Python", 50, 0, 0, 0, 0, 0, 0, 0, 0, 0, 0, 0, 114, 16, 180
"/home/david/DVHS Robotics/bubonic-corona/venv/lib64/python3.12/site-packages/setuptools/glob.py", "Python", 109, 0, 0, 0, 0, 0, 0, 0, 0, 0, 0, 0, 44, 33, 186
"/home/david/DVHS Robotics/bubonic-corona/venv/lib64/python3.12/site-packages/setuptools/installer.py", "Python", 111, 0, 0, 0, 0, 0, 0, 0, 0, 0, 0, 0, 19, 26, 156
"/home/david/DVHS Robotics/bubonic-corona/venv/lib64/python3.12/site-packages/setuptools/launch.py", "Python", 19, 0, 0, 0, 0, 0, 0, 0, 0, 0, 0, 0, 10, 8, 37
"/home/david/DVHS Robotics/bubonic-corona/venv/lib64/python3.12/site-packages/setuptools/launcher manifest.xml", "XML", 0, 0, 0, 0, 0, 0, 0, 0, 0, 0, 14, 0, 1, 1, 16
"/home/david/DVHS Robotics/bubonic-corona/venv/lib64/python3.12/site-packages/setuptools/logging.py", "Python", 22, 0, 0, 0, 0, 0, 0, 0, 0, 0, 0, 0, 10, 9, 41
"/home/david/DVHS Robotics/bubonic-corona/venv/lib64/python3.12/site-packages/setuptools/modified.py", "Python", 15, 0, 0, 0, 0, 0, 0, 0, 0, 0, 0, 0, 2, 2, 19
"/home/david/DVHS Robotics/bubonic-corona/venv/lib64/python3.12/site-packages/setuptools/monkey.py", "Python", 66, 0, 0, 0, 0, 0, 0, 0, 0, 0, 0, 0, 33, 28, 127
"/home/david/DVHS Robotics/bubonic-corona/venv/lib64/python3.12/site-packages/setuptools/msvc.py", "Python", 446, 0, 0, 0, 0, 0, 0, 0, 0, 0, 0, 0, 1015, 97, 1558
"/home/david/DVHS Robotics/bubonic-corona/venv/lib64/python3.12/site-packages/setuptools/namespaces.py", "Python", 71, 0, 0, 0, 0, 0, 0, 0, 0, 0, 0, 0, 11, 20, 102
"/home/david/DVHS Robotics/bubonic-corona/venv/lib64/python3.12/site-packages/setuptools/tests/__init__.py", "Python", 10, 0, 0, 0, 0, 0, 0, 0, 0, 0, 0, 0, 0, 4, 14
"/home/david/DVHS Robotics/bubonic-corona/venv/lib64/python3.12/site-packages/setuptools/tests/compat/__init__.py", "Python", 0, 0, 0, 0, 0, 0, 0, 0, 0, 0, 0, 0, 0, 1, 1
"/home/david/DVHS Robotics/bubonic-corona/venv/lib64/python3.12/site-packages/setuptools/tests/compat/py39.py", "Python", 2, 0, 0, 0, 0, 0, 0, 0, 0, 0, 0, 0, 0, 2, 4
"/home/david/DVHS Robotics/bubonic-corona/venv/lib64/python3.12/site-packages/setuptools/tests/config/__init__.py", "Python", 0, 0, 0, 0, 0, 0, 0, 0, 0, 0, 0, 0, 0, 1, 1
"/home/david/DVHS Robotics/bubonic-corona/venv/lib64/python3.12/site-packages/setuptools/tests/config/downloads/__init__.py", "Python", 37, 0, 0, 0, 0, 0, 0, 0, 0, 0, 0, 0, 6, 17, 60
"/home/david/DVHS Robotics/bubonic-corona/venv/lib64/python3.12/site-packages/setuptools/tests/config/downloads/preload.py", "Python", 6, 0, 0, 0, 0, 0, 0, 0, 0, 0, 0, 0, 9, 4, 19
"/home/david/DVHS Robotics/bubonic-corona/venv/lib64/python3.12/site-packages/setuptools/tests/config/test_apply_pyprojecttoml.py", "Python", 565, 0, 0, 0, 0, 0, 0, 0, 0, 0, 0, 0, 133, 97, 795
"/home/david/DVHS Robotics/bubonic-corona/venv/lib64/python3.12/site-packages/setuptools/tests/config/test_expand.py", "Python", 197, 0, 0, 0, 0, 0, 0, 0, 0, 0, 0, 0, 16, 35, 248
"/home/david/DVHS Robotics/bubonic-corona/venv/lib64/python3.12/site-packages/setuptools/tests/config/test_pyprojecttoml.py", "Python", 276, 0, 0, 0, 0, 0, 0, 0, 0, 0, 0, 0, 100, 46, 422
"/home/david/DVHS Robotics/bubonic-corona/venv/lib64/python3.12/site-packages/setuptools/tests/config/test_pyprojecttoml_dynamic_deps.py", "Python", 47, 0, 0, 0, 0, 0, 0, 0, 0, 0, 0, 0, 49, 16, 112
"/home/david/DVHS Robotics/bubonic-corona/venv/lib64/python3.12/site-packages/setuptools/tests/config/test_setupcfg.py", "Python", 793, 0, 0, 0, 0, 0, 0, 0, 0, 0, 0, 0, 61, 134, 988
"/home/david/DVHS Robotics/bubonic-corona/venv/lib64/python3.12/site-packages/setuptools/tests/contexts.py", "Python", 87, 0, 0, 0, 0, 0, 0, 0, 0, 0, 0, 0, 18, 27, 132
"/home/david/DVHS Robotics/bubonic-corona/venv/lib64/python3.12/site-packages/setuptools/tests/environment.py", "Python", 57, 0, 0, 0, 0, 0, 0, 0, 0, 0, 0, 0, 22, 17, 96
"/home/david/DVHS Robotics/bubonic-corona/venv/lib64/python3.12/site-packages/setuptools/tests/fixtures.py", "Python", 166, 0, 0, 0, 0, 0, 0, 0, 0, 0, 0, 0, 199, 42, 407
"/home/david/DVHS Robotics/bubonic-corona/venv/lib64/python3.12/site-packages/setuptools/tests/indexes/test_links_priority/external.html", "HTML", 0, 0, 0, 0, 0, 0, 3, 0, 0, 0, 0, 0, 0, 1, 4
"/home/david/DVHS Robotics/bubonic-corona/venv/lib64/python3.12/site-packages/setuptools/tests/indexes/test_links_priority/simple/foobar/index.html", "HTML", 0, 0, 0, 0, 0, 0, 4, 0, 0, 0, 0, 0, 0, 1, 5
"/home/david/DVHS Robotics/bubonic-corona/venv/lib64/python3.12/site-packages/setuptools/tests/integration/__init__.py", "Python", 0, 0, 0, 0, 0, 0, 0, 0, 0, 0, 0, 0, 0, 1, 1
"/home/david/DVHS Robotics/bubonic-corona/venv/lib64/python3.12/site-packages/setuptools/tests/integration/helpers.py", "Python", 54, 0, 0, 0, 0, 0, 0, 0, 0, 0, 0, 0, 10, 17, 81
"/home/david/DVHS Robotics/bubonic-corona/venv/lib64/python3.12/site-packages/setuptools/tests/integration/test_pbr.py", "Python", 16, 0, 0, 0, 0, 0, 0, 0, 0, 0, 0, 0, 1, 4, 21
"/home/david/DVHS Robotics/bubonic-corona/venv/lib64/python3.12/site-packages/setuptools/tests/integration/test_pip_install_sdist.py", "Python", 116, 0, 0, 0, 0, 0, 0, 0, 0, 0, 0, 0, 60, 48, 224
"/home/david/DVHS Robotics/bubonic-corona/venv/lib64/python3.12/site-packages/setuptools/tests/mod_with_constant.py", "Python", 1, 0, 0, 0, 0, 0, 0, 0, 0, 0, 0, 0, 0, 1, 2
"/home/david/DVHS Robotics/bubonic-corona/venv/lib64/python3.12/site-packages/setuptools/tests/namespaces.py", "Python", 55, 0, 0, 0, 0, 0, 0, 0, 0, 0, 0, 0, 23, 13, 91
"/home/david/DVHS Robotics/bubonic-corona/venv/lib64/python3.12/site-packages/setuptools/tests/script-with-bom.py", "Python", 1, 0, 0, 0, 0, 0, 0, 0, 0, 0, 0, 0, 0, 1, 2
"/home/david/DVHS Robotics/bubonic-corona/venv/lib64/python3.12/site-packages/setuptools/tests/test_archive_util.py", "Python", 21, 0, 0, 0, 0, 0, 0, 0, 0, 0, 0, 0, 4, 12, 37
"/home/david/DVHS Robotics/bubonic-corona/venv/lib64/python3.12/site-packages/setuptools/tests/test_bdist_deprecations.py", "Python", 21, 0, 0, 0, 0, 0, 0, 0, 0, 0, 0, 0, 1, 7, 29
"/home/david/DVHS Robotics/bubonic-corona/venv/lib64/python3.12/site-packages/setuptools/tests/test_bdist_egg.py", "Python", 60, 0, 0, 0, 0, 0, 0, 0, 0, 0, 0, 0, 2, 12, 74
"/home/david/DVHS Robotics/bubonic-corona/venv/lib64/python3.12/site-packages/setuptools/tests/test_bdist_wheel.py", "Python", 388, 0, 0, 0, 0, 0, 0, 0, 0, 0, 0, 0, 239, 82, 709
"/home/david/DVHS Robotics/bubonic-corona/venv/lib64/python3.12/site-packages/setuptools/tests/test_build.py", "Python", 20, 0, 0, 0, 0, 0, 0, 0, 0, 0, 0, 0, 5, 9, 34
"/home/david/DVHS Robotics/bubonic-corona/venv/lib64/python3.12/site-packages/setuptools/tests/test_build_clib.py", "Python", 56, 0, 0, 0, 0, 0, 0, 0, 0, 0, 0, 0, 7, 22, 85
"/home/david/DVHS Robotics/bubonic-corona/venv/lib64/python3.12/site-packages/setuptools/tests/test_build_ext.py", "Python", 172, 0, 0, 0, 0, 0, 0, 0, 0, 0, 0, 0, 87, 35, 294
"/home/david/DVHS Robotics/bubonic-corona/venv/lib64/python3.12/site-packages/setuptools/tests/test_build_meta.py", "Python", 528, 0, 0, 0, 0, 0, 0, 0, 0, 0, 0, 0, 317, 115, 960
"/home/david/DVHS Robotics/bubonic-corona/venv/lib64/python3.12/site-packages/setuptools/tests/test_build_py.py", "Python", 311, 0, 0, 0, 0, 0, 0, 0, 0, 0, 0, 0, 116, 54, 481
"/home/david/DVHS Robotics/bubonic-corona/venv/lib64/python3.12/site-packages/setuptools/tests/test_config_discovery.py", "Python", 468, 0, 0, 0, 0, 0, 0, 0, 0, 0, 0, 0, 93, 87, 648
"/home/david/DVHS Robotics/bubonic-corona/venv/lib64/python3.12/site-packages/setuptools/tests/test_core_metadata.py", "Python", 370, 0, 0, 0, 0, 0, 0, 0, 0, 0, 0, 0, 146, 35, 551
"/home/david/DVHS Robotics/bubonic-corona/venv/lib64/python3.12/site-packages/setuptools/tests/test_depends.py", "Python", 8, 0, 0, 0, 0, 0, 0, 0, 0, 0, 0, 0, 4, 4, 16
"/home/david/DVHS Robotics/bubonic-corona/venv/lib64/python3.12/site-packages/setuptools/tests/test_develop.py", "Python", 90, 0, 0, 0, 0, 0, 0, 0, 0, 0, 0, 0, 9, 15, 114
"/home/david/DVHS Robotics/bubonic-corona/venv/lib64/python3.12/site-packages/setuptools/tests/test_dist.py", "Python", 218, 0, 0, 0, 0, 0, 0, 0, 0, 0, 0, 0, 29, 34, 281
"/home/david/DVHS Robotics/bubonic-corona/venv/lib64/python3.12/site-packages/setuptools/tests/test_dist_info.py", "Python", 97, 0, 0, 0, 0, 0, 0, 0, 0, 0, 0, 0, 26, 25, 148
"/home/david/DVHS Robotics/bubonic-corona/venv/lib64/python3.12/site-packages/setuptools/tests/test_distutils_adoption.py", "Python", 67, 0, 0, 0, 0, 0, 0, 0, 0, 0, 0, 0, 104, 28, 199
"/home/david/DVHS Robotics/bubonic-corona/venv/lib64/python3.12/site-packages/setuptools/tests/test_editable_install.py", "Python", 865, 0, 0, 0, 0, 0, 0, 0, 0, 0, 0, 0, 217, 180, 1262
"/home/david/DVHS Robotics/bubonic-corona/venv/lib64/python3.12/site-packages/setuptools/tests/test_egg_info.py", "Python", 838, 0, 0, 0, 0, 0, 0, 0, 0, 0, 0, 0, 381, 88, 1307
"/home/david/DVHS Robotics/bubonic-corona/venv/lib64/python3.12/site-packages/setuptools/tests/test_extern.py", "Python", 9, 0, 0, 0, 0, 0, 0, 0, 0, 0, 0, 0, 0, 7, 16
"/home/david/DVHS Robotics/bubonic-corona/venv/lib64/python3.12/site-packages/setuptools/tests/test_find_packages.py", "Python", 155, 0, 0, 0, 0, 0, 0, 0, 0, 0, 0, 0, 35, 29, 219
"/home/david/DVHS Robotics/bubonic-corona/venv/lib64/python3.12/site-packages/setuptools/tests/test_find_py_modules.py", "Python", 57, 0, 0, 0, 0, 0, 0, 0, 0, 0, 0, 0, 3, 14, 74
"/home/david/DVHS Robotics/bubonic-corona/venv/lib64/python3.12/site-packages/setuptools/tests/test_glob.py", "Python", 24, 0, 0, 0, 0, 0, 0, 0, 0, 0, 0, 0, 18, 4, 46
"/home/david/DVHS Robotics/bubonic-corona/venv/lib64/python3.12/site-packages/setuptools/tests/test_install_scripts.py", "Python", 59, 0, 0, 0, 0, 0, 0, 0, 0, 0, 0, 0, 19, 12, 90
"/home/david/DVHS Robotics/bubonic-corona/venv/lib64/python3.12/site-packages/setuptools/tests/test_logging.py", "Python", 54, 0, 0, 0, 0, 0, 0, 0, 0, 0, 0, 0, 3, 20, 77
"/home/david/DVHS Robotics/bubonic-corona/venv/lib64/python3.12/site-packages/setuptools/tests/test_manifest.py", "Python", 208, 0, 0, 0, 0, 0, 0, 0, 0, 0, 0, 0, 403, 12, 623
"/home/david/DVHS Robotics/bubonic-corona/venv/lib64/python3.12/site-packages/setuptools/tests/test_namespaces.py", "Python", 60, 0, 0, 0, 0, 0, 0, 0, 0, 0, 0, 0, 13, 7, 80
"/home/david/DVHS Robotics/bubonic-corona/venv/lib64/python3.12/site-packages/setuptools/tests/test_scripts.py", "Python", 9, 0, 0, 0, 0, 0, 0, 0, 0, 0, 0, 0, 1, 3, 13
"/home/david/DVHS Robotics/bubonic-corona/venv/lib64/python3.12/site-packages/setuptools/tests/test_sdist.py", "Python", 141, 0, 0, 0, 0, 0, 0, 0, 0, 0, 0, 0, 830, 10, 981
"/home/david/DVHS Robotics/bubonic-corona/venv/lib64/python3.12/site-packages/setuptools/tests/test_setopt.py", "Python", 27, 0, 0, 0, 0, 0, 0, 0, 0, 0, 0, 0, 7, 7, 41
"/home/david/DVHS Robotics/bubonic-corona/venv/lib64/python3.12/site-packages/setuptools/tests/test_setuptools.py", "Python", 207, 0, 0, 0, 0, 0, 0, 0, 0, 0, 0, 0, 18, 70, 295
"/home/david/DVHS Robotics/bubonic-corona/venv/lib64/python3.12/site-packages/setuptools/tests/test_shutil_wrapper.py", "Python", 16, 0, 0, 0, 0, 0, 0, 0, 0, 0, 0, 0, 1, 7, 24
"/home/david/DVHS Robotics/bubonic-corona/venv/lib64/python3.12/site-packages/setuptools/tests/test_unicode_utils.py", "Python", 4, 0, 0, 0, 0, 0, 0, 0, 0, 0, 0, 0, 4, 3, 11
"/home/david/DVHS Robotics/bubonic-corona/venv/lib64/python3.12/site-packages/setuptools/tests/test_virtualenv.py", "Python", 78, 0, 0, 0, 0, 0, 0, 0, 0, 0, 0, 0, 22, 14, 114
"/home/david/DVHS Robotics/bubonic-corona/venv/lib64/python3.12/site-packages/setuptools/tests/test_warnings.py", "Python", 91, 0, 0, 0, 0, 0, 0, 0, 0, 0, 0, 0, 3, 13, 107
"/home/david/DVHS Robotics/bubonic-corona/venv/lib64/python3.12/site-packages/setuptools/tests/test_wheel.py", "Python", 303, 0, 0, 0, 0, 0, 0, 0, 0, 0, 0, 0, 359, 29, 691
"/home/david/DVHS Robotics/bubonic-corona/venv/lib64/python3.12/site-packages/setuptools/tests/test_windows_wrappers.py", "Python", 111, 0, 0, 0, 0, 0, 0, 0, 0, 0, 0, 0, 131, 17, 259
"/home/david/DVHS Robotics/bubonic-corona/venv/lib64/python3.12/site-packages/setuptools/tests/text.py", "Python", 4, 0, 0, 0, 0, 0, 0, 0, 0, 0, 0, 0, 0, 1, 5
"/home/david/DVHS Robotics/bubonic-corona/venv/lib64/python3.12/site-packages/setuptools/tests/textwrap.py", "Python", 4, 0, 0, 0, 0, 0, 0, 0, 0, 0, 0, 0, 0, 3, 7
"/home/david/DVHS Robotics/bubonic-corona/venv/lib64/python3.12/site-packages/setuptools/unicode_utils.py", "Python", 64, 0, 0, 0, 0, 0, 0, 0, 0, 0, 0, 0, 20, 19, 103
"/home/david/DVHS Robotics/bubonic-corona/venv/lib64/python3.12/site-packages/setuptools/version.py", "Python", 5, 0, 0, 0, 0, 0, 0, 0, 0, 0, 0, 0, 0, 2, 7
"/home/david/DVHS Robotics/bubonic-corona/venv/lib64/python3.12/site-packages/setuptools/warnings.py", "Python", 72, 0, 0, 0, 0, 0, 0, 0, 0, 0, 0, 0, 23, 16, 111
"/home/david/DVHS Robotics/bubonic-corona/venv/lib64/python3.12/site-packages/setuptools/wheel.py", "Python", 214, 0, 0, 0, 0, 0, 0, 0, 0, 0, 0, 0, 19, 30, 263
"/home/david/DVHS Robotics/bubonic-corona/venv/lib64/python3.12/site-packages/setuptools/windows_support.py", "Python", 16, 0, 0, 0, 0, 0, 0, 0, 0, 0, 0, 0, 7, 8, 31
"/home/david/DVHS Robotics/bubonic-corona/venv/pyvenv.cfg", "Properties", 0, 0, 0, 0, 0, 5, 0, 0, 0, 0, 0, 0, 0, 1, 6
"Total", "-", 422052, 5056, 108, 56, 54, 5, 87614, 280, 32314, 2796, 1632, 908, 200625, 109682, 863182